
========================================================================

** ELF Header Information

    File Name: D:\work\ziduojin\50K_100K\50K\M33\STAR_Demo_2023\XIST_STAR_spi\MCU_Prj\MDK\Objects\spi.axf

    Machine class: ELFCLASS32 (32-bit)
    Data encoding: ELFDATA2LSB (Little endian)
    Header version: EV_CURRENT (Current version)
    Operating System ABI: none
    ABI Version: 0
    File Type: ET_EXEC (Executable) (2)
    Machine: EM_ARM (ARM)

    Image Entry point: 0x0000089d
    Flags: EF_ARM_HASENTRY + EF_ARM_ABI_FLOAT_HARD (0x05000402)

    ARM ELF revision: 5 (ABI version 2)

    Conforms to Hard float procedure-call standard

    Built with
    Component: ARM Compiler 6.16 Tool: armasm [5dfea300]
    Component: ARM Compiler 6.16 Tool: armlink [5dfeaa00]

    Header size: 52 bytes (0x34)
    Program header entry size: 32 bytes (0x20)
    Section header entry size: 40 bytes (0x28)

    Program header entries: 1
    Section header entries: 15

    Program header offset: 69440 (0x00010f40)
    Section header offset: 69472 (0x00010f60)

    Section header string table index: 14

========================================================================

** Program header #0 (PT_LOAD) [PF_X + PF_W + PF_R + PF_ARM_ENTRY]
    Size : 16912 bytes (13400 bytes in file)
    Virtual address: 0x00000000 (Alignment 8)


========================================================================

** Section #1 'ER_IROM1' (SHT_PROGBITS) [SHF_ALLOC + SHF_EXECINSTR]
    Size   : 13348 bytes (alignment 8)
    Address: 0x00000000

    $d.realdata
    RESET
    __Vectors
        0x00000000:    20000de8    ...     DCD    536874472
        0x00000004:    000009e9    ....    DCD    2537
        0x00000008:    000009f9    ....    DCD    2553
        0x0000000c:    000009f7    ....    DCD    2551
        0x00000010:    000009fb    ....    DCD    2555
        0x00000014:    000009fd    ....    DCD    2557
        0x00000018:    000009ff    ....    DCD    2559
        0x0000001c:    00000a01    ....    DCD    2561
        0x00000020:    00000000    ....    DCD    0
        0x00000024:    00000000    ....    DCD    0
        0x00000028:    00000000    ....    DCD    0
        0x0000002c:    00000a03    ....    DCD    2563
        0x00000030:    00000a05    ....    DCD    2565
        0x00000034:    00000000    ....    DCD    0
        0x00000038:    00000a07    ....    DCD    2567
        0x0000003c:    00000a09    ....    DCD    2569
        0x00000040:    000022d5    ."..    DCD    8917
        0x00000044:    00000a0d    ....    DCD    2573
        0x00000048:    00002315    .#..    DCD    8981
        0x0000004c:    00000a11    ....    DCD    2577
        0x00000050:    00000a13    ....    DCD    2579
        0x00000054:    00000a15    ....    DCD    2581
        0x00000058:    00000a17    ....    DCD    2583
        0x0000005c:    00000a19    ....    DCD    2585
        0x00000060:    00000a1b    ....    DCD    2587
        0x00000064:    00000a1d    ....    DCD    2589
        0x00000068:    00000a1f    ....    DCD    2591
        0x0000006c:    00000a21    !...    DCD    2593
        0x00000070:    00000a23    #...    DCD    2595
        0x00000074:    00000aa5    ....    DCD    2725
        0x00000078:    00000aa7    ....    DCD    2727
        0x0000007c:    00000aa9    ....    DCD    2729
        0x00000080:    00000a2b    +...    DCD    2603
        0x00000084:    00000a2d    -...    DCD    2605
        0x00000088:    00000a2f    /...    DCD    2607
        0x0000008c:    00000a31    1...    DCD    2609
        0x00000090:    00000a33    3...    DCD    2611
        0x00000094:    00000a35    5...    DCD    2613
        0x00000098:    00000a37    7...    DCD    2615
        0x0000009c:    00000a39    9...    DCD    2617
        0x000000a0:    00000a3b    ;...    DCD    2619
        0x000000a4:    00000a3d    =...    DCD    2621
        0x000000a8:    00000a3f    ?...    DCD    2623
        0x000000ac:    00000a41    A...    DCD    2625
        0x000000b0:    00000a43    C...    DCD    2627
        0x000000b4:    00000a45    E...    DCD    2629
        0x000000b8:    00000a47    G...    DCD    2631
        0x000000bc:    00000a49    I...    DCD    2633
        0x000000c0:    00000a4b    K...    DCD    2635
        0x000000c4:    00000a4d    M...    DCD    2637
        0x000000c8:    00000a4f    O...    DCD    2639
        0x000000cc:    00000a51    Q...    DCD    2641
        0x000000d0:    00000a53    S...    DCD    2643
        0x000000d4:    00000a55    U...    DCD    2645
        0x000000d8:    00000a57    W...    DCD    2647
        0x000000dc:    00000a59    Y...    DCD    2649
        0x000000e0:    00000a5b    [...    DCD    2651
        0x000000e4:    00000a5d    ]...    DCD    2653
        0x000000e8:    00000a5f    _...    DCD    2655
        0x000000ec:    00000a61    a...    DCD    2657
        0x000000f0:    00000a63    c...    DCD    2659
        0x000000f4:    00000a65    e...    DCD    2661
        0x000000f8:    00000a67    g...    DCD    2663
        0x000000fc:    00000a69    i...    DCD    2665
        0x00000100:    00000a6b    k...    DCD    2667
        0x00000104:    00000a6d    m...    DCD    2669
        0x00000108:    00000a6f    o...    DCD    2671
        0x0000010c:    00000a8b    ....    DCD    2699
        0x00000110:    00000a8d    ....    DCD    2701
        0x00000114:    00000a8f    ....    DCD    2703
        0x00000118:    00000a91    ....    DCD    2705
        0x0000011c:    00000a93    ....    DCD    2707
        0x00000120:    00000a95    ....    DCD    2709
        0x00000124:    00000a97    ....    DCD    2711
        0x00000128:    00000a99    ....    DCD    2713
        0x0000012c:    00000a9b    ....    DCD    2715
        0x00000130:    00000a9d    ....    DCD    2717
        0x00000134:    00000a9f    ....    DCD    2719
        0x00000138:    00000aa1    ....    DCD    2721
        0x0000013c:    00000aa3    ....    DCD    2723
        0x00000140:    00002361    a#..    DCD    9057
        0x00000144:    00000000    ....    DCD    0
        0x00000148:    00000000    ....    DCD    0
        0x0000014c:    00000000    ....    DCD    0
        0x00000150:    00000000    ....    DCD    0
        0x00000154:    00000000    ....    DCD    0
        0x00000158:    00000000    ....    DCD    0
        0x0000015c:    00000000    ....    DCD    0
        0x00000160:    00000000    ....    DCD    0
        0x00000164:    00000000    ....    DCD    0
        0x00000168:    00000000    ....    DCD    0
        0x0000016c:    00000000    ....    DCD    0
        0x00000170:    00000000    ....    DCD    0
        0x00000174:    00000000    ....    DCD    0
        0x00000178:    00000000    ....    DCD    0
        0x0000017c:    00000000    ....    DCD    0
        0x00000180:    00000000    ....    DCD    0
        0x00000184:    00000000    ....    DCD    0
        0x00000188:    00000000    ....    DCD    0
        0x0000018c:    00000000    ....    DCD    0
        0x00000190:    00000000    ....    DCD    0
        0x00000194:    00000000    ....    DCD    0
        0x00000198:    00000000    ....    DCD    0
        0x0000019c:    00000000    ....    DCD    0
        0x000001a0:    00000000    ....    DCD    0
        0x000001a4:    00000000    ....    DCD    0
        0x000001a8:    00000000    ....    DCD    0
        0x000001ac:    00000000    ....    DCD    0
        0x000001b0:    00000000    ....    DCD    0
        0x000001b4:    00000000    ....    DCD    0
        0x000001b8:    00000000    ....    DCD    0
        0x000001bc:    00000000    ....    DCD    0
        0x000001c0:    00000000    ....    DCD    0
        0x000001c4:    00000000    ....    DCD    0
        0x000001c8:    00000000    ....    DCD    0
        0x000001cc:    00000000    ....    DCD    0
        0x000001d0:    00000000    ....    DCD    0
        0x000001d4:    00000000    ....    DCD    0
        0x000001d8:    00000000    ....    DCD    0
        0x000001dc:    00000000    ....    DCD    0
        0x000001e0:    00000000    ....    DCD    0
        0x000001e4:    00000000    ....    DCD    0
        0x000001e8:    00000000    ....    DCD    0
        0x000001ec:    00000000    ....    DCD    0
        0x000001f0:    00000000    ....    DCD    0
        0x000001f4:    00000000    ....    DCD    0
        0x000001f8:    00000000    ....    DCD    0
        0x000001fc:    00000000    ....    DCD    0
        0x00000200:    00000000    ....    DCD    0
        0x00000204:    00000000    ....    DCD    0
        0x00000208:    00000000    ....    DCD    0
        0x0000020c:    00000000    ....    DCD    0
        0x00000210:    00000000    ....    DCD    0
        0x00000214:    00000000    ....    DCD    0
        0x00000218:    00000000    ....    DCD    0
        0x0000021c:    00000000    ....    DCD    0
        0x00000220:    00000000    ....    DCD    0
        0x00000224:    00000000    ....    DCD    0
        0x00000228:    00000000    ....    DCD    0
        0x0000022c:    00000000    ....    DCD    0
        0x00000230:    00000000    ....    DCD    0
        0x00000234:    00000000    ....    DCD    0
        0x00000238:    00000000    ....    DCD    0
        0x0000023c:    00000000    ....    DCD    0
        0x00000240:    00000000    ....    DCD    0
        0x00000244:    00000000    ....    DCD    0
        0x00000248:    00000000    ....    DCD    0
        0x0000024c:    00000000    ....    DCD    0
        0x00000250:    00000000    ....    DCD    0
        0x00000254:    00000000    ....    DCD    0
        0x00000258:    00000000    ....    DCD    0
        0x0000025c:    00000000    ....    DCD    0
        0x00000260:    00000000    ....    DCD    0
        0x00000264:    00000000    ....    DCD    0
        0x00000268:    00000000    ....    DCD    0
        0x0000026c:    00000000    ....    DCD    0
        0x00000270:    00000000    ....    DCD    0
        0x00000274:    00000000    ....    DCD    0
        0x00000278:    00000000    ....    DCD    0
        0x0000027c:    00000000    ....    DCD    0
        0x00000280:    00000000    ....    DCD    0
        0x00000284:    00000000    ....    DCD    0
        0x00000288:    00000000    ....    DCD    0
        0x0000028c:    00000000    ....    DCD    0
        0x00000290:    00000000    ....    DCD    0
        0x00000294:    00000000    ....    DCD    0
        0x00000298:    00000000    ....    DCD    0
        0x0000029c:    00000000    ....    DCD    0
        0x000002a0:    00000000    ....    DCD    0
        0x000002a4:    00000000    ....    DCD    0
        0x000002a8:    00000000    ....    DCD    0
        0x000002ac:    00000000    ....    DCD    0
        0x000002b0:    00000000    ....    DCD    0
        0x000002b4:    00000000    ....    DCD    0
        0x000002b8:    00000000    ....    DCD    0
        0x000002bc:    00000000    ....    DCD    0
        0x000002c0:    00000000    ....    DCD    0
        0x000002c4:    00000000    ....    DCD    0
        0x000002c8:    00000000    ....    DCD    0
        0x000002cc:    00000000    ....    DCD    0
        0x000002d0:    00000000    ....    DCD    0
        0x000002d4:    00000000    ....    DCD    0
        0x000002d8:    00000000    ....    DCD    0
        0x000002dc:    00000000    ....    DCD    0
        0x000002e0:    00000000    ....    DCD    0
        0x000002e4:    00000000    ....    DCD    0
        0x000002e8:    00000000    ....    DCD    0
        0x000002ec:    00000000    ....    DCD    0
        0x000002f0:    00000000    ....    DCD    0
        0x000002f4:    00000000    ....    DCD    0
        0x000002f8:    00000000    ....    DCD    0
        0x000002fc:    00000000    ....    DCD    0
        0x00000300:    00000000    ....    DCD    0
        0x00000304:    00000000    ....    DCD    0
        0x00000308:    00000000    ....    DCD    0
        0x0000030c:    00000000    ....    DCD    0
        0x00000310:    00000000    ....    DCD    0
        0x00000314:    00000000    ....    DCD    0
        0x00000318:    00000000    ....    DCD    0
        0x0000031c:    00000000    ....    DCD    0
        0x00000320:    00000000    ....    DCD    0
        0x00000324:    00000000    ....    DCD    0
        0x00000328:    00000000    ....    DCD    0
        0x0000032c:    00000000    ....    DCD    0
        0x00000330:    00000000    ....    DCD    0
        0x00000334:    00000000    ....    DCD    0
        0x00000338:    00000000    ....    DCD    0
        0x0000033c:    00000000    ....    DCD    0
        0x00000340:    00000000    ....    DCD    0
        0x00000344:    00000000    ....    DCD    0
        0x00000348:    00000000    ....    DCD    0
        0x0000034c:    00000000    ....    DCD    0
        0x00000350:    00000000    ....    DCD    0
        0x00000354:    00000000    ....    DCD    0
        0x00000358:    00000000    ....    DCD    0
        0x0000035c:    00000000    ....    DCD    0
        0x00000360:    00000000    ....    DCD    0
        0x00000364:    00000000    ....    DCD    0
        0x00000368:    00000000    ....    DCD    0
        0x0000036c:    00000000    ....    DCD    0
        0x00000370:    00000000    ....    DCD    0
        0x00000374:    00000000    ....    DCD    0
        0x00000378:    00000000    ....    DCD    0
        0x0000037c:    00000000    ....    DCD    0
        0x00000380:    00000000    ....    DCD    0
        0x00000384:    00000000    ....    DCD    0
        0x00000388:    00000000    ....    DCD    0
        0x0000038c:    00000000    ....    DCD    0
        0x00000390:    00000000    ....    DCD    0
        0x00000394:    00000000    ....    DCD    0
        0x00000398:    00000000    ....    DCD    0
        0x0000039c:    00000000    ....    DCD    0
        0x000003a0:    00000000    ....    DCD    0
        0x000003a4:    00000000    ....    DCD    0
        0x000003a8:    00000000    ....    DCD    0
        0x000003ac:    00000000    ....    DCD    0
        0x000003b0:    00000000    ....    DCD    0
        0x000003b4:    00000000    ....    DCD    0
        0x000003b8:    00000000    ....    DCD    0
        0x000003bc:    00000000    ....    DCD    0
        0x000003c0:    00000000    ....    DCD    0
        0x000003c4:    00000000    ....    DCD    0
        0x000003c8:    00000000    ....    DCD    0
        0x000003cc:    00000000    ....    DCD    0
        0x000003d0:    00000000    ....    DCD    0
        0x000003d4:    00000000    ....    DCD    0
        0x000003d8:    00000000    ....    DCD    0
        0x000003dc:    00000000    ....    DCD    0
        0x000003e0:    00000000    ....    DCD    0
        0x000003e4:    00000000    ....    DCD    0
        0x000003e8:    00000000    ....    DCD    0
        0x000003ec:    00000000    ....    DCD    0
        0x000003f0:    00000000    ....    DCD    0
        0x000003f4:    00000000    ....    DCD    0
        0x000003f8:    00000000    ....    DCD    0
        0x000003fc:    00000000    ....    DCD    0
        0x00000400:    00000000    ....    DCD    0
        0x00000404:    00000000    ....    DCD    0
        0x00000408:    00000000    ....    DCD    0
        0x0000040c:    00000000    ....    DCD    0
        0x00000410:    00000000    ....    DCD    0
        0x00000414:    00000000    ....    DCD    0
        0x00000418:    00000000    ....    DCD    0
        0x0000041c:    00000000    ....    DCD    0
        0x00000420:    00000000    ....    DCD    0
        0x00000424:    00000000    ....    DCD    0
        0x00000428:    00000000    ....    DCD    0
        0x0000042c:    00000000    ....    DCD    0
        0x00000430:    00000000    ....    DCD    0
        0x00000434:    00000000    ....    DCD    0
        0x00000438:    00000000    ....    DCD    0
        0x0000043c:    00000000    ....    DCD    0
        0x00000440:    00000000    ....    DCD    0
        0x00000444:    00000000    ....    DCD    0
        0x00000448:    00000000    ....    DCD    0
        0x0000044c:    00000000    ....    DCD    0
        0x00000450:    00000000    ....    DCD    0
        0x00000454:    00000000    ....    DCD    0
        0x00000458:    00000000    ....    DCD    0
        0x0000045c:    00000000    ....    DCD    0
        0x00000460:    00000000    ....    DCD    0
        0x00000464:    00000000    ....    DCD    0
        0x00000468:    00000000    ....    DCD    0
        0x0000046c:    00000000    ....    DCD    0
        0x00000470:    00000000    ....    DCD    0
        0x00000474:    00000000    ....    DCD    0
        0x00000478:    00000000    ....    DCD    0
        0x0000047c:    00000000    ....    DCD    0
        0x00000480:    00000000    ....    DCD    0
        0x00000484:    00000000    ....    DCD    0
        0x00000488:    00000000    ....    DCD    0
        0x0000048c:    00000000    ....    DCD    0
        0x00000490:    00000000    ....    DCD    0
        0x00000494:    00000000    ....    DCD    0
        0x00000498:    00000000    ....    DCD    0
        0x0000049c:    00000000    ....    DCD    0
        0x000004a0:    00000000    ....    DCD    0
        0x000004a4:    00000000    ....    DCD    0
        0x000004a8:    00000000    ....    DCD    0
        0x000004ac:    00000000    ....    DCD    0
        0x000004b0:    00000000    ....    DCD    0
        0x000004b4:    00000000    ....    DCD    0
        0x000004b8:    00000000    ....    DCD    0
        0x000004bc:    00000000    ....    DCD    0
        0x000004c0:    00000000    ....    DCD    0
        0x000004c4:    00000000    ....    DCD    0
        0x000004c8:    00000000    ....    DCD    0
        0x000004cc:    00000000    ....    DCD    0
        0x000004d0:    00000000    ....    DCD    0
        0x000004d4:    00000000    ....    DCD    0
        0x000004d8:    00000000    ....    DCD    0
        0x000004dc:    00000000    ....    DCD    0
        0x000004e0:    00000000    ....    DCD    0
        0x000004e4:    00000000    ....    DCD    0
        0x000004e8:    00000000    ....    DCD    0
        0x000004ec:    00000000    ....    DCD    0
        0x000004f0:    00000000    ....    DCD    0
        0x000004f4:    00000000    ....    DCD    0
        0x000004f8:    00000000    ....    DCD    0
        0x000004fc:    00000000    ....    DCD    0
        0x00000500:    00000000    ....    DCD    0
        0x00000504:    00000000    ....    DCD    0
        0x00000508:    00000000    ....    DCD    0
        0x0000050c:    00000000    ....    DCD    0
        0x00000510:    00000000    ....    DCD    0
        0x00000514:    00000000    ....    DCD    0
        0x00000518:    00000000    ....    DCD    0
        0x0000051c:    00000000    ....    DCD    0
        0x00000520:    00000000    ....    DCD    0
        0x00000524:    00000000    ....    DCD    0
        0x00000528:    00000000    ....    DCD    0
        0x0000052c:    00000000    ....    DCD    0
        0x00000530:    00000000    ....    DCD    0
        0x00000534:    00000000    ....    DCD    0
        0x00000538:    00000000    ....    DCD    0
        0x0000053c:    00000000    ....    DCD    0
        0x00000540:    00000000    ....    DCD    0
        0x00000544:    00000000    ....    DCD    0
        0x00000548:    00000000    ....    DCD    0
        0x0000054c:    00000000    ....    DCD    0
        0x00000550:    00000000    ....    DCD    0
        0x00000554:    00000000    ....    DCD    0
        0x00000558:    00000000    ....    DCD    0
        0x0000055c:    00000000    ....    DCD    0
        0x00000560:    00000000    ....    DCD    0
        0x00000564:    00000000    ....    DCD    0
        0x00000568:    00000000    ....    DCD    0
        0x0000056c:    00000000    ....    DCD    0
        0x00000570:    00000000    ....    DCD    0
        0x00000574:    00000000    ....    DCD    0
        0x00000578:    00000000    ....    DCD    0
        0x0000057c:    00000000    ....    DCD    0
        0x00000580:    00000000    ....    DCD    0
        0x00000584:    00000000    ....    DCD    0
        0x00000588:    00000000    ....    DCD    0
        0x0000058c:    00000000    ....    DCD    0
        0x00000590:    00000000    ....    DCD    0
        0x00000594:    00000000    ....    DCD    0
        0x00000598:    00000000    ....    DCD    0
        0x0000059c:    00000000    ....    DCD    0
        0x000005a0:    00000000    ....    DCD    0
        0x000005a4:    00000000    ....    DCD    0
        0x000005a8:    00000000    ....    DCD    0
        0x000005ac:    00000000    ....    DCD    0
        0x000005b0:    00000000    ....    DCD    0
        0x000005b4:    00000000    ....    DCD    0
        0x000005b8:    00000000    ....    DCD    0
        0x000005bc:    00000000    ....    DCD    0
        0x000005c0:    00000000    ....    DCD    0
        0x000005c4:    00000000    ....    DCD    0
        0x000005c8:    00000000    ....    DCD    0
        0x000005cc:    00000000    ....    DCD    0
        0x000005d0:    00000000    ....    DCD    0
        0x000005d4:    00000000    ....    DCD    0
        0x000005d8:    00000000    ....    DCD    0
        0x000005dc:    00000000    ....    DCD    0
        0x000005e0:    00000000    ....    DCD    0
        0x000005e4:    00000000    ....    DCD    0
        0x000005e8:    00000000    ....    DCD    0
        0x000005ec:    00000000    ....    DCD    0
        0x000005f0:    00000000    ....    DCD    0
        0x000005f4:    00000000    ....    DCD    0
        0x000005f8:    00000000    ....    DCD    0
        0x000005fc:    00000000    ....    DCD    0
        0x00000600:    00000000    ....    DCD    0
        0x00000604:    00000000    ....    DCD    0
        0x00000608:    00000000    ....    DCD    0
        0x0000060c:    00000000    ....    DCD    0
        0x00000610:    00000000    ....    DCD    0
        0x00000614:    00000000    ....    DCD    0
        0x00000618:    00000000    ....    DCD    0
        0x0000061c:    00000000    ....    DCD    0
        0x00000620:    00000000    ....    DCD    0
        0x00000624:    00000000    ....    DCD    0
        0x00000628:    00000000    ....    DCD    0
        0x0000062c:    00000000    ....    DCD    0
        0x00000630:    00000000    ....    DCD    0
        0x00000634:    00000000    ....    DCD    0
        0x00000638:    00000000    ....    DCD    0
        0x0000063c:    00000000    ....    DCD    0
        0x00000640:    00000000    ....    DCD    0
        0x00000644:    00000000    ....    DCD    0
        0x00000648:    00000000    ....    DCD    0
        0x0000064c:    00000000    ....    DCD    0
        0x00000650:    00000000    ....    DCD    0
        0x00000654:    00000000    ....    DCD    0
        0x00000658:    00000000    ....    DCD    0
        0x0000065c:    00000000    ....    DCD    0
        0x00000660:    00000000    ....    DCD    0
        0x00000664:    00000000    ....    DCD    0
        0x00000668:    00000000    ....    DCD    0
        0x0000066c:    00000000    ....    DCD    0
        0x00000670:    00000000    ....    DCD    0
        0x00000674:    00000000    ....    DCD    0
        0x00000678:    00000000    ....    DCD    0
        0x0000067c:    00000000    ....    DCD    0
        0x00000680:    00000000    ....    DCD    0
        0x00000684:    00000000    ....    DCD    0
        0x00000688:    00000000    ....    DCD    0
        0x0000068c:    00000000    ....    DCD    0
        0x00000690:    00000000    ....    DCD    0
        0x00000694:    00000000    ....    DCD    0
        0x00000698:    00000000    ....    DCD    0
        0x0000069c:    00000000    ....    DCD    0
        0x000006a0:    00000000    ....    DCD    0
        0x000006a4:    00000000    ....    DCD    0
        0x000006a8:    00000000    ....    DCD    0
        0x000006ac:    00000000    ....    DCD    0
        0x000006b0:    00000000    ....    DCD    0
        0x000006b4:    00000000    ....    DCD    0
        0x000006b8:    00000000    ....    DCD    0
        0x000006bc:    00000000    ....    DCD    0
        0x000006c0:    00000000    ....    DCD    0
        0x000006c4:    00000000    ....    DCD    0
        0x000006c8:    00000000    ....    DCD    0
        0x000006cc:    00000000    ....    DCD    0
        0x000006d0:    00000000    ....    DCD    0
        0x000006d4:    00000000    ....    DCD    0
        0x000006d8:    00000000    ....    DCD    0
        0x000006dc:    00000000    ....    DCD    0
        0x000006e0:    00000000    ....    DCD    0
        0x000006e4:    00000000    ....    DCD    0
        0x000006e8:    00000000    ....    DCD    0
        0x000006ec:    00000000    ....    DCD    0
        0x000006f0:    00000000    ....    DCD    0
        0x000006f4:    00000000    ....    DCD    0
        0x000006f8:    00000000    ....    DCD    0
        0x000006fc:    00000000    ....    DCD    0
        0x00000700:    00000000    ....    DCD    0
        0x00000704:    00000000    ....    DCD    0
        0x00000708:    00000000    ....    DCD    0
        0x0000070c:    00000000    ....    DCD    0
        0x00000710:    00000000    ....    DCD    0
        0x00000714:    00000000    ....    DCD    0
        0x00000718:    00000000    ....    DCD    0
        0x0000071c:    00000000    ....    DCD    0
        0x00000720:    00000000    ....    DCD    0
        0x00000724:    00000000    ....    DCD    0
        0x00000728:    00000000    ....    DCD    0
        0x0000072c:    00000000    ....    DCD    0
        0x00000730:    00000000    ....    DCD    0
        0x00000734:    00000000    ....    DCD    0
        0x00000738:    00000000    ....    DCD    0
        0x0000073c:    00000000    ....    DCD    0
        0x00000740:    00000000    ....    DCD    0
        0x00000744:    00000000    ....    DCD    0
        0x00000748:    00000000    ....    DCD    0
        0x0000074c:    00000000    ....    DCD    0
        0x00000750:    00000000    ....    DCD    0
        0x00000754:    00000000    ....    DCD    0
        0x00000758:    00000000    ....    DCD    0
        0x0000075c:    00000000    ....    DCD    0
        0x00000760:    00000000    ....    DCD    0
        0x00000764:    00000000    ....    DCD    0
        0x00000768:    00000000    ....    DCD    0
        0x0000076c:    00000000    ....    DCD    0
        0x00000770:    00000000    ....    DCD    0
        0x00000774:    00000000    ....    DCD    0
        0x00000778:    00000000    ....    DCD    0
        0x0000077c:    00000000    ....    DCD    0
        0x00000780:    00000000    ....    DCD    0
        0x00000784:    00000000    ....    DCD    0
        0x00000788:    00000000    ....    DCD    0
        0x0000078c:    00000000    ....    DCD    0
        0x00000790:    00000000    ....    DCD    0
        0x00000794:    00000000    ....    DCD    0
        0x00000798:    00000000    ....    DCD    0
        0x0000079c:    00000000    ....    DCD    0
        0x000007a0:    00000000    ....    DCD    0
        0x000007a4:    00000000    ....    DCD    0
        0x000007a8:    00000000    ....    DCD    0
        0x000007ac:    00000000    ....    DCD    0
        0x000007b0:    00000000    ....    DCD    0
        0x000007b4:    00000000    ....    DCD    0
        0x000007b8:    00000000    ....    DCD    0
        0x000007bc:    00000000    ....    DCD    0
        0x000007c0:    00000000    ....    DCD    0
        0x000007c4:    00000000    ....    DCD    0
        0x000007c8:    00000000    ....    DCD    0
        0x000007cc:    00000000    ....    DCD    0
        0x000007d0:    00000000    ....    DCD    0
        0x000007d4:    00000000    ....    DCD    0
        0x000007d8:    00000000    ....    DCD    0
        0x000007dc:    00000000    ....    DCD    0
        0x000007e0:    00000000    ....    DCD    0
        0x000007e4:    00000000    ....    DCD    0
        0x000007e8:    00000000    ....    DCD    0
        0x000007ec:    00000000    ....    DCD    0
        0x000007f0:    00000000    ....    DCD    0
        0x000007f4:    00000000    ....    DCD    0
        0x000007f8:    00000000    ....    DCD    0
        0x000007fc:    00000000    ....    DCD    0
        0x00000800:    00000000    ....    DCD    0
        0x00000804:    00000000    ....    DCD    0
        0x00000808:    00000000    ....    DCD    0
        0x0000080c:    00000000    ....    DCD    0
        0x00000810:    00000000    ....    DCD    0
        0x00000814:    00000000    ....    DCD    0
        0x00000818:    00000000    ....    DCD    0
        0x0000081c:    00000000    ....    DCD    0
        0x00000820:    00000000    ....    DCD    0
        0x00000824:    00000000    ....    DCD    0
        0x00000828:    00000000    ....    DCD    0
        0x0000082c:    00000000    ....    DCD    0
        0x00000830:    00000000    ....    DCD    0
        0x00000834:    00000000    ....    DCD    0
        0x00000838:    00000000    ....    DCD    0
        0x0000083c:    00000000    ....    DCD    0
        0x00000840:    00000000    ....    DCD    0
        0x00000844:    00000000    ....    DCD    0
        0x00000848:    00000000    ....    DCD    0
        0x0000084c:    00000000    ....    DCD    0
        0x00000850:    00000000    ....    DCD    0
        0x00000854:    00000000    ....    DCD    0
        0x00000858:    00000000    ....    DCD    0
        0x0000085c:    00000000    ....    DCD    0
        0x00000860:    00000000    ....    DCD    0
        0x00000864:    00000000    ....    DCD    0
        0x00000868:    00000000    ....    DCD    0
        0x0000086c:    00000000    ....    DCD    0
        0x00000870:    00000000    ....    DCD    0
        0x00000874:    00000000    ....    DCD    0
        0x00000878:    00000000    ....    DCD    0
        0x0000087c:    00000000    ....    DCD    0
        0x00000880:    00000000    ....    DCD    0
        0x00000884:    00000000    ....    DCD    0
        0x00000888:    00000000    ....    DCD    0
        0x0000088c:    00000000    ....    DCD    0
        0x00000890:    00000000    ....    DCD    0
        0x00000894:    00000000    ....    DCD    0
        0x00000898:    00000000    ....    DCD    0
    $t
    !!!main
    __Vectors_End
    __main
        0x0000089c:    f000f802    ....    BL       __scatterload ; 0x8a4
        0x000008a0:    f000f892    ....    BL       __rt_entry ; 0x9c8
    !!!scatter
    __scatterload
    __scatterload_rt2
    __scatterload_rt2_thumb_only
        0x000008a4:    a00a        ..      ADR      r0,{pc}+0x2c ; 0x8d0
        0x000008a6:    e8900c00    ....    LDM      r0,{r10,r11}
        0x000008aa:    4482        .D      ADD      r10,r10,r0
        0x000008ac:    4483        .D      ADD      r11,r11,r0
        0x000008ae:    f1aa0701    ....    SUB      r7,r10,#1
    __scatterload_null
        0x000008b2:    45da        .E      CMP      r10,r11
        0x000008b4:    d101        ..      BNE      0x8ba ; __scatterload_null + 8
        0x000008b6:    f000f887    ....    BL       __rt_entry ; 0x9c8
        0x000008ba:    f2af0e09    ....    ADR      lr,{pc}-7 ; 0x8b3
        0x000008be:    e8ba000f    ....    LDM      r10!,{r0-r3}
        0x000008c2:    f0130f01    ....    TST      r3,#1
        0x000008c6:    bf18        ..      IT       NE
        0x000008c8:    1afb        ..      SUBNE    r3,r7,r3
        0x000008ca:    f0430301    C...    ORR      r3,r3,#1
        0x000008ce:    4718        .G      BX       r3
    $d
        0x000008d0:    00002a08    .*..    DCD    10760
        0x000008d4:    00002a28    (*..    DCD    10792
    $t
    !!handler_copy
    __scatterload_copy
        0x000008d8:    3a10        .:      SUBS     r2,r2,#0x10
        0x000008da:    bf24        $.      ITT      CS
        0x000008dc:    c878        x.      LDMCS    r0!,{r3-r6}
        0x000008de:    c178        x.      STMCS    r1!,{r3-r6}
        0x000008e0:    d8fa        ..      BHI      __scatterload_copy ; 0x8d8
        0x000008e2:    0752        R.      LSLS     r2,r2,#29
        0x000008e4:    bf24        $.      ITT      CS
        0x000008e6:    c830        0.      LDMCS    r0!,{r4,r5}
        0x000008e8:    c130        0.      STMCS    r1!,{r4,r5}
        0x000008ea:    bf44        D.      ITT      MI
        0x000008ec:    6804        .h      LDRMI    r4,[r0,#0]
        0x000008ee:    600c        .`      STRMI    r4,[r1,#0]
        0x000008f0:    4770        pG      BX       lr
        0x000008f2:    0000        ..      MOVS     r0,r0
    !!handler_zi
    __scatterload_zeroinit
        0x000008f4:    2300        .#      MOVS     r3,#0
        0x000008f6:    2400        .$      MOVS     r4,#0
        0x000008f8:    2500        .%      MOVS     r5,#0
        0x000008fa:    2600        .&      MOVS     r6,#0
        0x000008fc:    3a10        .:      SUBS     r2,r2,#0x10
        0x000008fe:    bf28        (.      IT       CS
        0x00000900:    c178        x.      STMCS    r1!,{r3-r6}
        0x00000902:    d8fb        ..      BHI      0x8fc ; __scatterload_zeroinit + 8
        0x00000904:    0752        R.      LSLS     r2,r2,#29
        0x00000906:    bf28        (.      IT       CS
        0x00000908:    c130        0.      STMCS    r1!,{r4,r5}
        0x0000090a:    bf48        H.      IT       MI
        0x0000090c:    600b        .`      STRMI    r3,[r1,#0]
        0x0000090e:    4770        pG      BX       lr
    .ARM.Collect$$_printf_percent$$00000001
    .ARM.Collect$$_printf_percent$$00000000
    _printf_n
    _printf_percent
        0x00000910:    296e        n)      CMP      r1,#0x6e
        0x00000912:    f00081a1    ....    BEQ.W    _printf_charcount ; 0xc58
    .ARM.Collect$$_printf_percent$$00000002
    _printf_p
        0x00000916:    2970        p)      CMP      r1,#0x70
        0x00000918:    f00082d7    ....    BEQ.W    _printf_hex_ptr ; 0xeca
    .ARM.Collect$$_printf_percent$$00000003
    _printf_f
        0x0000091c:    2966        f)      CMP      r1,#0x66
        0x0000091e:    f00283d0    ....    BEQ.W    _printf_fp_dec ; 0x30c2
    .ARM.Collect$$_printf_percent$$00000004
    _printf_e
        0x00000922:    2965        e)      CMP      r1,#0x65
        0x00000924:    f00283cd    ....    BEQ.W    _printf_fp_dec ; 0x30c2
    .ARM.Collect$$_printf_percent$$00000005
    _printf_g
        0x00000928:    2967        g)      CMP      r1,#0x67
        0x0000092a:    f00283ca    ....    BEQ.W    _printf_fp_dec ; 0x30c2
    .ARM.Collect$$_printf_percent$$00000006
    _printf_a
        0x0000092e:    2961        a)      CMP      r1,#0x61
        0x00000930:    f00283c9    ....    BEQ.W    _printf_fp_hex ; 0x30c6
    .ARM.Collect$$_printf_percent$$00000007
    _printf_ll
        0x00000934:    6803        .h      LDR      r3,[r0,#0]
        0x00000936:    0a1b        ..      LSRS     r3,r3,#8
        0x00000938:    bf28        (.      IT       CS
        0x0000093a:    f0410180    A...    ORRCS    r1,r1,#0x80
    .ARM.Collect$$_printf_percent$$00000008
    _printf_i
        0x0000093e:    2969        i)      CMP      r1,#0x69
        0x00000940:    f000814e    ..N.    BEQ.W    _printf_int_dec ; 0xbe0
    .ARM.Collect$$_printf_percent$$00000009
    _printf_d
        0x00000944:    2964        d)      CMP      r1,#0x64
        0x00000946:    f000814b    ..K.    BEQ.W    _printf_int_dec ; 0xbe0
    .ARM.Collect$$_printf_percent$$0000000A
    _printf_u
        0x0000094a:    2975        u)      CMP      r1,#0x75
        0x0000094c:    f0008148    ..H.    BEQ.W    _printf_int_dec ; 0xbe0
    .ARM.Collect$$_printf_percent$$0000000B
    _printf_o
        0x00000950:    296f        o)      CMP      r1,#0x6f
        0x00000952:    f0008265    ..e.    BEQ.W    _printf_int_oct ; 0xe20
    .ARM.Collect$$_printf_percent$$0000000C
    _printf_x
        0x00000956:    2978        x)      CMP      r1,#0x78
        0x00000958:    f00082a3    ....    BEQ.W    _printf_int_hex ; 0xea2
    .ARM.Collect$$_printf_percent$$0000000D
    _printf_lli
        0x0000095c:    29e9        .)      CMP      r1,#0xe9
        0x0000095e:    f00081ff    ....    BEQ.W    _printf_longlong_dec ; 0xd60
    .ARM.Collect$$_printf_percent$$0000000E
    _printf_lld
        0x00000962:    29e4        .)      CMP      r1,#0xe4
        0x00000964:    f00081fc    ....    BEQ.W    _printf_longlong_dec ; 0xd60
    .ARM.Collect$$_printf_percent$$0000000F
    _printf_llu
        0x00000968:    29f5        .)      CMP      r1,#0xf5
        0x0000096a:    f00081f9    ....    BEQ.W    _printf_longlong_dec ; 0xd60
    .ARM.Collect$$_printf_percent$$00000010
    _printf_llo
        0x0000096e:    29ef        .)      CMP      r1,#0xef
        0x00000970:    f0008262    ..b.    BEQ.W    _printf_ll_oct ; 0xe38
    .ARM.Collect$$_printf_percent$$00000011
    _printf_llx
        0x00000974:    29f8        .)      CMP      r1,#0xf8
        0x00000976:    f00082a2    ....    BEQ.W    _printf_ll_hex ; 0xebe
    .ARM.Collect$$_printf_percent$$00000012
    _printf_l
        0x0000097a:    6803        .h      LDR      r3,[r0,#0]
        0x0000097c:    09db        ..      LSRS     r3,r3,#7
        0x0000097e:    bf28        (.      IT       CS
        0x00000980:    f0410180    A...    ORRCS    r1,r1,#0x80
    .ARM.Collect$$_printf_percent$$00000013
    _printf_c
        0x00000984:    2963        c)      CMP      r1,#0x63
        0x00000986:    f00087e3    ....    BEQ.W    _printf_char ; 0x1950
    .ARM.Collect$$_printf_percent$$00000014
    _printf_s
        0x0000098a:    2973        s)      CMP      r1,#0x73
        0x0000098c:    f00087e8    ....    BEQ.W    _printf_string ; 0x1960
    .ARM.Collect$$_printf_percent$$00000015
    _printf_lc
        0x00000990:    29e3        .)      CMP      r1,#0xe3
        0x00000992:    f00087f3    ....    BEQ.W    _printf_wchar ; 0x197c
    .ARM.Collect$$_printf_percent$$00000016
    _printf_ls
        0x00000996:    29f3        .)      CMP      r1,#0xf3
        0x00000998:    f00087f8    ....    BEQ.W    _printf_wstring ; 0x198c
    .ARM.Collect$$_printf_percent$$00000017
    _printf_percent_end
        0x0000099c:    2000        .       MOVS     r0,#0
        0x0000099e:    4770        pG      BX       lr
    .ARM.Collect$$libinit$$00000000
    __rt_lib_init
        0x000009a0:    b51f        ..      PUSH     {r0-r4,lr}
    .ARM.Collect$$libinit$$00000001
    __rt_lib_init_fp_1
        0x000009a2:    f002fb81    ....    BL       _fp_init ; 0x30a8
    .ARM.Collect$$libinit$$00000004
    .ARM.Collect$$libinit$$0000000A
    .ARM.Collect$$libinit$$0000000C
    .ARM.Collect$$libinit$$0000000E
    .ARM.Collect$$libinit$$0000000F
    __rt_lib_init_heap_1
    __rt_lib_init_lc_common
    __rt_lib_init_preinit_1
    __rt_lib_init_rand_1
    __rt_lib_init_user_alloc_1
        0x000009a6:    f001f825    ..%.    BL       __rt_locale ; 0x19f4
        0x000009aa:    0004        ..      MOVS     r4,r0
    .ARM.Collect$$libinit$$00000011
    .ARM.Collect$$libinit$$00000012
    __rt_lib_init_lc_collate_1
    __rt_lib_init_lc_ctype_2
        0x000009ac:    2000        .       MOVS     r0,#0
        0x000009ae:    2100        .!      MOVS     r1,#0
        0x000009b0:    f002fb64    ..d.    BL       _get_lc_ctype ; 0x307c
        0x000009b4:    1c40        @.      ADDS     r0,r0,#1
        0x000009b6:    6060        ``      STR      r0,[r4,#4]
    .ARM.Collect$$libinit$$00000013
    .ARM.Collect$$libinit$$00000015
    .ARM.Collect$$libinit$$00000016
    __rt_lib_init_lc_ctype_1
    __rt_lib_init_lc_monetary_1
    __rt_lib_init_lc_numeric_2
        0x000009b8:    2000        .       MOVS     r0,#0
        0x000009ba:    2100        .!      MOVS     r1,#0
        0x000009bc:    f002fb48    ..H.    BL       _get_lc_numeric ; 0x3050
        0x000009c0:    60e0        .`      STR      r0,[r4,#0xc]
    .ARM.Collect$$libinit$$00000017
    .ARM.Collect$$libinit$$00000019
    .ARM.Collect$$libinit$$0000001B
    .ARM.Collect$$libinit$$0000001D
    .ARM.Collect$$libinit$$0000001F
    .ARM.Collect$$libinit$$00000021
    .ARM.Collect$$libinit$$00000023
    .ARM.Collect$$libinit$$00000025
    .ARM.Collect$$libinit$$0000002C
    .ARM.Collect$$libinit$$0000002E
    .ARM.Collect$$libinit$$00000030
    .ARM.Collect$$libinit$$00000032
    .ARM.Collect$$libinit$$00000033
    __rt_lib_init_alloca_1
    __rt_lib_init_argv_1
    __rt_lib_init_atexit_1
    __rt_lib_init_clock_1
    __rt_lib_init_cpp_1
    __rt_lib_init_exceptions_1
    __rt_lib_init_fp_trap_1
    __rt_lib_init_getenv_1
    __rt_lib_init_lc_numeric_1
    __rt_lib_init_lc_time_1
    __rt_lib_init_return
    __rt_lib_init_signal_1
    __rt_lib_init_stdio_1
        0x000009c2:    bd1f        ..      POP      {r0-r4,pc}
    .ARM.Collect$$libshutdown$$00000000
    __rt_lib_shutdown
        0x000009c4:    b510        ..      PUSH     {r4,lr}
    .ARM.Collect$$libshutdown$$00000002
    .ARM.Collect$$libshutdown$$00000004
    .ARM.Collect$$libshutdown$$00000007
    .ARM.Collect$$libshutdown$$0000000A
    .ARM.Collect$$libshutdown$$0000000C
    .ARM.Collect$$libshutdown$$0000000F
    .ARM.Collect$$libshutdown$$00000010
    __rt_lib_shutdown_cpp_1
    __rt_lib_shutdown_fp_trap_1
    __rt_lib_shutdown_heap_1
    __rt_lib_shutdown_return
    __rt_lib_shutdown_signal_1
    __rt_lib_shutdown_stdio_1
    __rt_lib_shutdown_user_alloc_1
        0x000009c6:    bd10        ..      POP      {r4,pc}
    .ARM.Collect$$rtentry$$00000000
    .ARM.Collect$$rtentry$$00000002
    .ARM.Collect$$rtentry$$00000005
    __rt_entry
    __rt_entry_presh_1
    __rt_entry_sh
        0x000009c8:    f8dfd00c    ....    LDR      sp,__lit__00000000 ; [0x9d8] = 0x20000de8
    .ARM.Collect$$rtentry$$00000009
    .ARM.Collect$$rtentry$$0000000A
    __rt_entry_li
    __rt_entry_postsh_1
        0x000009cc:    f7ffffe8    ....    BL       __rt_lib_init ; 0x9a0
    .ARM.Collect$$rtentry$$0000000C
    .ARM.Collect$$rtentry$$0000000D
    __rt_entry_main
    __rt_entry_postli_1
        0x000009d0:    f001fe96    ....    BL       main ; 0x2700
        0x000009d4:    f001f8c4    ....    BL       exit ; 0x1b60
    $d
    .ARM.Collect$$rtentry$$00002716
    __lit__00000000
        0x000009d8:    20000de8    ...     DCD    536874472
    $t
    .ARM.Collect$$rtexit$$00000000
    __rt_exit
        0x000009dc:    b403        ..      PUSH     {r0,r1}
    .ARM.Collect$$rtexit$$00000002
    .ARM.Collect$$rtexit$$00000003
    __rt_exit_ls
    __rt_exit_prels_1
        0x000009de:    f7fffff1    ....    BL       __rt_lib_shutdown ; 0x9c4
    .ARM.Collect$$rtexit$$00000004
    __rt_exit_exit
        0x000009e2:    bc03        ..      POP      {r0,r1}
        0x000009e4:    f001f908    ....    BL       _sys_exit ; 0x1bf8
    .text
    $v0
    Reset_Handler
        0x000009e8:    4830        0H      LDR      r0,[pc,#192] ; [0xaac] = 0x200001e8
        0x000009ea:    f380880a    ....    MSR      MSPLIM,r0
        0x000009ee:    4830        0H      LDR      r0,[pc,#192] ; [0xab0] = 0x229d
        0x000009f0:    4780        .G      BLX      r0
        0x000009f2:    4830        0H      LDR      r0,[pc,#192] ; [0xab4] = 0x89d
        0x000009f4:    4700        .G      BX       r0
    HardFault_Handler
        0x000009f6:    e7fe        ..      B        HardFault_Handler ; 0x9f6
    NMI_Handler
        0x000009f8:    e7fe        ..      B        NMI_Handler ; 0x9f8
    MemManage_Handler
        0x000009fa:    e7fe        ..      B        MemManage_Handler ; 0x9fa
    BusFault_Handler
        0x000009fc:    e7fe        ..      B        BusFault_Handler ; 0x9fc
    UsageFault_Handler
        0x000009fe:    e7fe        ..      B        UsageFault_Handler ; 0x9fe
    SecureFault_Handler
        0x00000a00:    e7fe        ..      B        SecureFault_Handler ; 0xa00
    SVC_Handler
        0x00000a02:    e7fe        ..      B        SVC_Handler ; 0xa02
    DebugMon_Handler
        0x00000a04:    e7fe        ..      B        DebugMon_Handler ; 0xa04
    PendSV_Handler
        0x00000a06:    e7fe        ..      B        PendSV_Handler ; 0xa06
    SysTick_Handler
        0x00000a08:    e7fe        ..      B        SysTick_Handler ; 0xa08
        0x00000a0a:    e7fe        ..      B        0xa0a ; SysTick_Handler + 2
    ADC_Handler
        0x00000a0c:    e7fe        ..      B        ADC_Handler ; 0xa0c
        0x00000a0e:    e7fe        ..      B        0xa0e ; ADC_Handler + 2
    DMACINTERR_Handler
        0x00000a10:    e7fe        ..      B        DMACINTERR_Handler ; 0xa10
    DMACINTTC_Handler
        0x00000a12:    e7fe        ..      B        DMACINTTC_Handler ; 0xa12
    DMACINTR_Handler
        0x00000a14:    e7fe        ..      B        DMACINTR_Handler ; 0xa14
    PORT0_COMB_Handler
        0x00000a16:    e7fe        ..      B        PORT0_COMB_Handler ; 0xa16
    ADC1_Handler
        0x00000a18:    e7fe        ..      B        ADC1_Handler ; 0xa18
    TIMER0_Handler
        0x00000a1a:    e7fe        ..      B        TIMER0_Handler ; 0xa1a
    TIMER1_Handler
        0x00000a1c:    e7fe        ..      B        TIMER1_Handler ; 0xa1c
    DUALTIMER0_Handler
        0x00000a1e:    e7fe        ..      B        DUALTIMER0_Handler ; 0xa1e
    DUALTIMER1_Handler
        0x00000a20:    e7fe        ..      B        DUALTIMER1_Handler ; 0xa20
    UARTOVF_Handler
        0x00000a22:    e7fe        ..      B        UARTOVF_Handler ; 0xa22
    EXT13_IRQn
        0x00000a24:    e7fe        ..      B        EXT13_IRQn ; 0xa24
    EXT14_IRQn
        0x00000a26:    e7fe        ..      B        EXT14_IRQn ; 0xa26
    EXT15_IRQn
        0x00000a28:    e7fe        ..      B        EXT15_IRQn ; 0xa28
    PORT0_0_Handler
        0x00000a2a:    e7fe        ..      B        PORT0_0_Handler ; 0xa2a
    PORT0_1_Handler
        0x00000a2c:    e7fe        ..      B        PORT0_1_Handler ; 0xa2c
    PORT0_2_Handler
        0x00000a2e:    e7fe        ..      B        PORT0_2_Handler ; 0xa2e
    PORT0_3_Handler
        0x00000a30:    e7fe        ..      B        PORT0_3_Handler ; 0xa30
    PORT0_4_Handler
        0x00000a32:    e7fe        ..      B        PORT0_4_Handler ; 0xa32
    PORT0_5_Handler
        0x00000a34:    e7fe        ..      B        PORT0_5_Handler ; 0xa34
    PORT0_6_Handler
        0x00000a36:    e7fe        ..      B        PORT0_6_Handler ; 0xa36
    PORT0_7_Handler
        0x00000a38:    e7fe        ..      B        PORT0_7_Handler ; 0xa38
    PORT0_8_Handler
        0x00000a3a:    e7fe        ..      B        PORT0_8_Handler ; 0xa3a
    PORT0_9_Handler
        0x00000a3c:    e7fe        ..      B        PORT0_9_Handler ; 0xa3c
    PORT0_10_Handler
        0x00000a3e:    e7fe        ..      B        PORT0_10_Handler ; 0xa3e
    PORT0_11_Handler
        0x00000a40:    e7fe        ..      B        PORT0_11_Handler ; 0xa40
    PORT0_12_Handler
        0x00000a42:    e7fe        ..      B        PORT0_12_Handler ; 0xa42
    PORT0_13_Handler
        0x00000a44:    e7fe        ..      B        PORT0_13_Handler ; 0xa44
    PORT0_14_Handler
        0x00000a46:    e7fe        ..      B        PORT0_14_Handler ; 0xa46
    PORT0_15_Handler
        0x00000a48:    e7fe        ..      B        PORT0_15_Handler ; 0xa48
    PORT0_16_Handler
        0x00000a4a:    e7fe        ..      B        PORT0_16_Handler ; 0xa4a
    PORT0_17_Handler
        0x00000a4c:    e7fe        ..      B        PORT0_17_Handler ; 0xa4c
    PORT0_18_Handler
        0x00000a4e:    e7fe        ..      B        PORT0_18_Handler ; 0xa4e
    PORT0_19_Handler
        0x00000a50:    e7fe        ..      B        PORT0_19_Handler ; 0xa50
    PORT0_20_Handler
        0x00000a52:    e7fe        ..      B        PORT0_20_Handler ; 0xa52
    PORT0_21_Handler
        0x00000a54:    e7fe        ..      B        PORT0_21_Handler ; 0xa54
    PORT0_22_Handler
        0x00000a56:    e7fe        ..      B        PORT0_22_Handler ; 0xa56
    PORT0_23_Handler
        0x00000a58:    e7fe        ..      B        PORT0_23_Handler ; 0xa58
    PORT0_24_Handler
        0x00000a5a:    e7fe        ..      B        PORT0_24_Handler ; 0xa5a
    PORT0_25_Handler
        0x00000a5c:    e7fe        ..      B        PORT0_25_Handler ; 0xa5c
    PORT0_26_Handler
        0x00000a5e:    e7fe        ..      B        PORT0_26_Handler ; 0xa5e
    PORT0_27_Handler
        0x00000a60:    e7fe        ..      B        PORT0_27_Handler ; 0xa60
    PORT0_28_Handler
        0x00000a62:    e7fe        ..      B        PORT0_28_Handler ; 0xa62
    PORT0_29_Handler
        0x00000a64:    e7fe        ..      B        PORT0_29_Handler ; 0xa64
    PORT0_30_Handler
        0x00000a66:    e7fe        ..      B        PORT0_30_Handler ; 0xa66
    PORT0_31_Handler
        0x00000a68:    e7fe        ..      B        PORT0_31_Handler ; 0xa68
    I2C_Handler
        0x00000a6a:    e7fe        ..      B        I2C_Handler ; 0xa6a
    MPS2_SSP0_Handler
        0x00000a6c:    e7fe        ..      B        MPS2_SSP0_Handler ; 0xa6c
    MPS2_SSP1_Handler
        0x00000a6e:    e7fe        ..      B        MPS2_SSP1_Handler ; 0xa6e
    Spare51_Handler
        0x00000a70:    e7fe        ..      B        Spare51_Handler ; 0xa70
    Spare52_Handler
        0x00000a72:    e7fe        ..      B        Spare52_Handler ; 0xa72
    Spare53_Handler
        0x00000a74:    e7fe        ..      B        Spare53_Handler ; 0xa74
    Spare54_Handler
        0x00000a76:    e7fe        ..      B        Spare54_Handler ; 0xa76
    Spare55_Handler
        0x00000a78:    e7fe        ..      B        Spare55_Handler ; 0xa78
    Spare56_Handler
        0x00000a7a:    e7fe        ..      B        Spare56_Handler ; 0xa7a
    Spare57_Handler
        0x00000a7c:    e7fe        ..      B        Spare57_Handler ; 0xa7c
    Spare58_Handler
        0x00000a7e:    e7fe        ..      B        Spare58_Handler ; 0xa7e
    Spare59_Handler
        0x00000a80:    e7fe        ..      B        Spare59_Handler ; 0xa80
    Spare60_Handler
        0x00000a82:    e7fe        ..      B        Spare60_Handler ; 0xa82
    Spare61_Handler
        0x00000a84:    e7fe        ..      B        Spare61_Handler ; 0xa84
    Spare62_Handler
        0x00000a86:    e7fe        ..      B        Spare62_Handler ; 0xa86
    Spare63_Handler
        0x00000a88:    e7fe        ..      B        Spare63_Handler ; 0xa88
    EXT0_Handler
        0x00000a8a:    e7fe        ..      B        EXT0_Handler ; 0xa8a
    EXT1_Handler
        0x00000a8c:    e7fe        ..      B        EXT1_Handler ; 0xa8c
    EXT2_Handler
        0x00000a8e:    e7fe        ..      B        EXT2_Handler ; 0xa8e
    EXT3_Handler
        0x00000a90:    e7fe        ..      B        EXT3_Handler ; 0xa90
    EXT4_Handler
        0x00000a92:    e7fe        ..      B        EXT4_Handler ; 0xa92
    EXT5_Handler
        0x00000a94:    e7fe        ..      B        EXT5_Handler ; 0xa94
    EXT6_Handler
        0x00000a96:    e7fe        ..      B        EXT6_Handler ; 0xa96
    EXT7_Handler
        0x00000a98:    e7fe        ..      B        EXT7_Handler ; 0xa98
    EXT8_Handler
        0x00000a9a:    e7fe        ..      B        EXT8_Handler ; 0xa9a
    EXT9_Handler
        0x00000a9c:    e7fe        ..      B        EXT9_Handler ; 0xa9c
    EXT10_Handler
        0x00000a9e:    e7fe        ..      B        EXT10_Handler ; 0xa9e
    EXT11_Handler
        0x00000aa0:    e7fe        ..      B        EXT11_Handler ; 0xaa0
    EXT12_Handler
        0x00000aa2:    e7fe        ..      B        EXT12_Handler ; 0xaa2
    EXT13_Handler
        0x00000aa4:    e7fe        ..      B        EXT13_Handler ; 0xaa4
    EXT14_Handler
        0x00000aa6:    e7fe        ..      B        EXT14_Handler ; 0xaa6
    EXT15_Handler
        0x00000aa8:    e7fe        ..      B        EXT15_Handler ; 0xaa8
        0x00000aaa:    e7fe        ..      B        0xaaa ; EXT15_Handler + 2
    $d
        0x00000aac:    200001e8    ...     DCD    536871400
        0x00000ab0:    0000229d    ."..    DCD    8861
        0x00000ab4:    0000089d    ....    DCD    2205
    $t
    .text
    printf
        0x00000ab8:    b40f        ..      PUSH     {r0-r3}
        0x00000aba:    4904        .I      LDR      r1,[pc,#16] ; [0xacc] = 0x20000190
        0x00000abc:    b510        ..      PUSH     {r4,lr}
        0x00000abe:    aa03        ..      ADD      r2,sp,#0xc
        0x00000ac0:    9802        ..      LDR      r0,[sp,#8]
        0x00000ac2:    f000f8dd    ....    BL       _printf_char_file ; 0xc80
        0x00000ac6:    bc10        ..      POP      {r4}
        0x00000ac8:    f85dfb14    ]...    LDR      pc,[sp],#0x14
    $d
        0x00000acc:    20000190    ...     DCD    536871312
    $t
    .text
    __aeabi_memclr
    __rt_memclr
        0x00000ad0:    f04f0200    O...    MOV      r2,#0
    _memset
        0x00000ad4:    2904        .)      CMP      r1,#4
        0x00000ad6:    f0c08012    ....    BCC.W    0xafe ; _memset + 42
        0x00000ada:    f0100c03    ....    ANDS     r12,r0,#3
        0x00000ade:    f00082c5    ....    BEQ.W    _memset_w ; 0x106c
        0x00000ae2:    f1cc0c04    ....    RSB      r12,r12,#4
        0x00000ae6:    f1bc0f02    ....    CMP      r12,#2
        0x00000aea:    bf18        ..      IT       NE
        0x00000aec:    f8002b01    ...+    STRBNE   r2,[r0],#1
        0x00000af0:    bfa8        ..      IT       GE
        0x00000af2:    f8202b02     ..+    STRHGE   r2,[r0],#2
        0x00000af6:    eba1010c    ....    SUB      r1,r1,r12
        0x00000afa:    f000bab7    ....    B.W      _memset_w ; 0x106c
        0x00000afe:    ea5f7cc1    _..|    LSLS     r12,r1,#31
        0x00000b02:    bf24        $.      ITT      CS
        0x00000b04:    f8002b01    ...+    STRBCS   r2,[r0],#1
        0x00000b08:    f8002b01    ...+    STRBCS   r2,[r0],#1
        0x00000b0c:    bf48        H.      IT       MI
        0x00000b0e:    f8002b01    ...+    STRBMI   r2,[r0],#1
        0x00000b12:    4770        pG      BX       lr
    .text
    __use_two_region_memory
        0x00000b14:    4770        pG      BX       lr
    __rt_heap_escrow$2region
        0x00000b16:    4770        pG      BX       lr
    __rt_heap_expand$2region
        0x00000b18:    4770        pG      BX       lr
    .text
    _printf_pre_padding
        0x00000b1a:    b570        p.      PUSH     {r4-r6,lr}
        0x00000b1c:    4604        .F      MOV      r4,r0
        0x00000b1e:    6985        .i      LDR      r5,[r0,#0x18]
        0x00000b20:    6800        .h      LDR      r0,[r0,#0]
        0x00000b22:    06c1        ..      LSLS     r1,r0,#27
        0x00000b24:    d501        ..      BPL      0xb2a ; _printf_pre_padding + 16
        0x00000b26:    2630        0&      MOVS     r6,#0x30
        0x00000b28:    e000        ..      B        0xb2c ; _printf_pre_padding + 18
        0x00000b2a:    2620         &      MOVS     r6,#0x20
        0x00000b2c:    07c0        ..      LSLS     r0,r0,#31
        0x00000b2e:    d007        ..      BEQ      0xb40 ; _printf_pre_padding + 38
        0x00000b30:    bd70        p.      POP      {r4-r6,pc}
        0x00000b32:    e9d42101    ...!    LDRD     r2,r1,[r4,#4]
        0x00000b36:    4630        0F      MOV      r0,r6
        0x00000b38:    4790        .G      BLX      r2
        0x00000b3a:    6a20         j      LDR      r0,[r4,#0x20]
        0x00000b3c:    1c40        @.      ADDS     r0,r0,#1
        0x00000b3e:    6220         b      STR      r0,[r4,#0x20]
        0x00000b40:    1e6d        m.      SUBS     r5,r5,#1
        0x00000b42:    d5f6        ..      BPL      0xb32 ; _printf_pre_padding + 24
        0x00000b44:    bd70        p.      POP      {r4-r6,pc}
    _printf_post_padding
        0x00000b46:    b570        p.      PUSH     {r4-r6,lr}
        0x00000b48:    4604        .F      MOV      r4,r0
        0x00000b4a:    6985        .i      LDR      r5,[r0,#0x18]
        0x00000b4c:    7800        .x      LDRB     r0,[r0,#0]
        0x00000b4e:    07c0        ..      LSLS     r0,r0,#31
        0x00000b50:    d107        ..      BNE      0xb62 ; _printf_post_padding + 28
        0x00000b52:    bd70        p.      POP      {r4-r6,pc}
        0x00000b54:    e9d42101    ...!    LDRD     r2,r1,[r4,#4]
        0x00000b58:    2020                MOVS     r0,#0x20
        0x00000b5a:    4790        .G      BLX      r2
        0x00000b5c:    6a20         j      LDR      r0,[r4,#0x20]
        0x00000b5e:    1c40        @.      ADDS     r0,r0,#1
        0x00000b60:    6220         b      STR      r0,[r4,#0x20]
        0x00000b62:    1e6d        m.      SUBS     r5,r5,#1
        0x00000b64:    d5f6        ..      BPL      0xb54 ; _printf_post_padding + 14
        0x00000b66:    bd70        p.      POP      {r4-r6,pc}
    .text
    _printf_truncate_signed
        0x00000b68:    6809        .h      LDR      r1,[r1,#0]
        0x00000b6a:    054a        J.      LSLS     r2,r1,#21
        0x00000b6c:    d501        ..      BPL      0xb72 ; _printf_truncate_signed + 10
        0x00000b6e:    b240        @.      SXTB     r0,r0
        0x00000b70:    4770        pG      BX       lr
        0x00000b72:    05c9        ..      LSLS     r1,r1,#23
        0x00000b74:    d5fc        ..      BPL      0xb70 ; _printf_truncate_signed + 8
        0x00000b76:    b200        ..      SXTH     r0,r0
        0x00000b78:    4770        pG      BX       lr
    _printf_truncate_unsigned
        0x00000b7a:    6809        .h      LDR      r1,[r1,#0]
        0x00000b7c:    054a        J.      LSLS     r2,r1,#21
        0x00000b7e:    d501        ..      BPL      0xb84 ; _printf_truncate_unsigned + 10
        0x00000b80:    b2c0        ..      UXTB     r0,r0
        0x00000b82:    4770        pG      BX       lr
        0x00000b84:    05c9        ..      LSLS     r1,r1,#23
        0x00000b86:    d5fc        ..      BPL      0xb82 ; _printf_truncate_unsigned + 8
        0x00000b88:    b280        ..      UXTH     r0,r0
        0x00000b8a:    4770        pG      BX       lr
    .text
    _printf_str
        0x00000b8c:    b570        p.      PUSH     {r4-r6,lr}
        0x00000b8e:    460c        .F      MOV      r4,r1
        0x00000b90:    4605        .F      MOV      r5,r0
        0x00000b92:    2a01        .*      CMP      r2,#1
        0x00000b94:    d005        ..      BEQ      0xba2 ; _printf_str + 22
        0x00000b96:    7828        (x      LDRB     r0,[r5,#0]
        0x00000b98:    0680        ..      LSLS     r0,r0,#26
        0x00000b9a:    d500        ..      BPL      0xb9e ; _printf_str + 18
        0x00000b9c:    69ea        .i      LDR      r2,[r5,#0x1c]
        0x00000b9e:    2300        .#      MOVS     r3,#0
        0x00000ba0:    e002        ..      B        0xba8 ; _printf_str + 28
        0x00000ba2:    2301        .#      MOVS     r3,#1
        0x00000ba4:    e005        ..      B        0xbb2 ; _printf_str + 38
        0x00000ba6:    1c5b        [.      ADDS     r3,r3,#1
        0x00000ba8:    4293        .B      CMP      r3,r2
        0x00000baa:    d202        ..      BCS      0xbb2 ; _printf_str + 38
        0x00000bac:    5ce0        .\      LDRB     r0,[r4,r3]
        0x00000bae:    2800        .(      CMP      r0,#0
        0x00000bb0:    d1f9        ..      BNE      0xba6 ; _printf_str + 26
        0x00000bb2:    69a8        .i      LDR      r0,[r5,#0x18]
        0x00000bb4:    18e6        ..      ADDS     r6,r4,r3
        0x00000bb6:    1ac0        ..      SUBS     r0,r0,r3
        0x00000bb8:    61a8        .a      STR      r0,[r5,#0x18]
        0x00000bba:    6a28        (j      LDR      r0,[r5,#0x20]
        0x00000bbc:    4418        .D      ADD      r0,r0,r3
        0x00000bbe:    6228        (b      STR      r0,[r5,#0x20]
        0x00000bc0:    4628        (F      MOV      r0,r5
        0x00000bc2:    f7ffffaa    ....    BL       _printf_pre_padding ; 0xb1a
        0x00000bc6:    e004        ..      B        0xbd2 ; _printf_str + 70
        0x00000bc8:    e9d52101    ...!    LDRD     r2,r1,[r5,#4]
        0x00000bcc:    f8140b01    ....    LDRB     r0,[r4],#1
        0x00000bd0:    4790        .G      BLX      r2
        0x00000bd2:    42b4        .B      CMP      r4,r6
        0x00000bd4:    d3f8        ..      BCC      0xbc8 ; _printf_str + 60
        0x00000bd6:    4628        (F      MOV      r0,r5
        0x00000bd8:    f7ffffb5    ....    BL       _printf_post_padding ; 0xb46
        0x00000bdc:    bd70        p.      POP      {r4-r6,pc}
        0x00000bde:    0000        ..      MOVS     r0,r0
    .text
    _printf_int_dec
        0x00000be0:    e92d41f0    -..A    PUSH     {r4-r8,lr}
        0x00000be4:    4606        .F      MOV      r6,r0
        0x00000be6:    2400        .$      MOVS     r4,#0
        0x00000be8:    6810        .h      LDR      r0,[r2,#0]
        0x00000bea:    2975        u)      CMP      r1,#0x75
        0x00000bec:    4631        1F      MOV      r1,r6
        0x00000bee:    a516        ..      ADR      r5,{pc}+0x5a ; 0xc48
        0x00000bf0:    d010        ..      BEQ      0xc14 ; _printf_int_dec + 52
        0x00000bf2:    f7ffffb9    ....    BL       _printf_truncate_signed ; 0xb68
        0x00000bf6:    2800        .(      CMP      r0,#0
        0x00000bf8:    da02        ..      BGE      0xc00 ; _printf_int_dec + 32
        0x00000bfa:    4240        @B      RSBS     r0,r0,#0
        0x00000bfc:    a513        ..      ADR      r5,{pc}+0x50 ; 0xc4c
        0x00000bfe:    e007        ..      B        0xc10 ; _printf_int_dec + 48
        0x00000c00:    6831        1h      LDR      r1,[r6,#0]
        0x00000c02:    078a        ..      LSLS     r2,r1,#30
        0x00000c04:    d501        ..      BPL      0xc0a ; _printf_int_dec + 42
        0x00000c06:    a512        ..      ADR      r5,{pc}+0x4a ; 0xc50
        0x00000c08:    e002        ..      B        0xc10 ; _printf_int_dec + 48
        0x00000c0a:    0749        I.      LSLS     r1,r1,#29
        0x00000c0c:    d504        ..      BPL      0xc18 ; _printf_int_dec + 56
        0x00000c0e:    a511        ..      ADR      r5,{pc}+0x46 ; 0xc54
        0x00000c10:    2401        .$      MOVS     r4,#1
        0x00000c12:    e001        ..      B        0xc18 ; _printf_int_dec + 56
        0x00000c14:    f7ffffb1    ....    BL       _printf_truncate_unsigned ; 0xb7a
        0x00000c18:    2100        .!      MOVS     r1,#0
        0x00000c1a:    220a        ."      MOVS     r2,#0xa
        0x00000c1c:    f1060724    ..$.    ADD      r7,r6,#0x24
        0x00000c20:    e009        ..      B        0xc36 ; _printf_int_dec + 86
        0x00000c22:    fbb0fcf2    ....    UDIV     r12,r0,r2
        0x00000c26:    fbb0f3f2    ....    UDIV     r3,r0,r2
        0x00000c2a:    fb02001c    ....    MLS      r0,r2,r12,r0
        0x00000c2e:    3030        00      ADDS     r0,r0,#0x30
        0x00000c30:    5478        xT      STRB     r0,[r7,r1]
        0x00000c32:    4618        .F      MOV      r0,r3
        0x00000c34:    1c49        I.      ADDS     r1,r1,#1
        0x00000c36:    2800        .(      CMP      r0,#0
        0x00000c38:    d1f3        ..      BNE      0xc22 ; _printf_int_dec + 66
        0x00000c3a:    4623        #F      MOV      r3,r4
        0x00000c3c:    462a        *F      MOV      r2,r5
        0x00000c3e:    4630        0F      MOV      r0,r6
        0x00000c40:    e8bd41f0    ...A    POP      {r4-r8,lr}
        0x00000c44:    f000ba7c    ..|.    B.W      _printf_int_common ; 0x1140
    $d
        0x00000c48:    00000000    ....    DCD    0
        0x00000c4c:    0000002d    -...    DCD    45
        0x00000c50:    0000002b    +...    DCD    43
        0x00000c54:    00000020     ...    DCD    32
    $t
    .text
    _printf_charcount
        0x00000c58:    6811        .h      LDR      r1,[r2,#0]
        0x00000c5a:    6802        .h      LDR      r2,[r0,#0]
        0x00000c5c:    6a00        .j      LDR      r0,[r0,#0x20]
        0x00000c5e:    0553        S.      LSLS     r3,r2,#21
        0x00000c60:    d501        ..      BPL      0xc66 ; _printf_charcount + 14
        0x00000c62:    7008        .p      STRB     r0,[r1,#0]
        0x00000c64:    e00a        ..      B        0xc7c ; _printf_charcount + 36
        0x00000c66:    05d3        ..      LSLS     r3,r2,#23
        0x00000c68:    d501        ..      BPL      0xc6e ; _printf_charcount + 22
        0x00000c6a:    8008        ..      STRH     r0,[r1,#0]
        0x00000c6c:    e006        ..      B        0xc7c ; _printf_charcount + 36
        0x00000c6e:    0613        ..      LSLS     r3,r2,#24
        0x00000c70:    d503        ..      BPL      0xc7a ; _printf_charcount + 34
        0x00000c72:    17c2        ..      ASRS     r2,r0,#31
        0x00000c74:    e9c10200    ....    STRD     r0,r2,[r1,#0]
        0x00000c78:    e000        ..      B        0xc7c ; _printf_charcount + 36
        0x00000c7a:    6008        .`      STR      r0,[r1,#0]
        0x00000c7c:    2001        .       MOVS     r0,#1
        0x00000c7e:    4770        pG      BX       lr
    .text
    _printf_char_file
        0x00000c80:    4b07        .K      LDR      r3,[pc,#28] ; [0xca0] = 0x1a63
        0x00000c82:    b570        p.      PUSH     {r4-r6,lr}
        0x00000c84:    460d        .F      MOV      r5,r1
        0x00000c86:    447b        {D      ADD      r3,r3,pc
        0x00000c88:    f000fe45    ..E.    BL       _printf_char_common ; 0x1916
        0x00000c8c:    4604        .F      MOV      r4,r0
        0x00000c8e:    4628        (F      MOV      r0,r5
        0x00000c90:    f000fe80    ....    BL       ferror ; 0x1994
        0x00000c94:    b110        ..      CBZ      r0,0xc9c ; _printf_char_file + 28
        0x00000c96:    f04f30ff    O..0    MOV      r0,#0xffffffff
        0x00000c9a:    bd70        p.      POP      {r4-r6,pc}
        0x00000c9c:    4620         F      MOV      r0,r4
        0x00000c9e:    bd70        p.      POP      {r4-r6,pc}
    $d
        0x00000ca0:    00001a63    c...    DCD    6755
    $t
    .text
    _printf_wctomb
        0x00000ca4:    e92d5fff    -.._    PUSH     {r0-r12,lr}
        0x00000ca8:    4615        .F      MOV      r5,r2
        0x00000caa:    468a        .F      MOV      r10,r1
        0x00000cac:    4604        .F      MOV      r4,r0
        0x00000cae:    f8df80ac    ....    LDR      r8,[pc,#172] ; [0xd5c] = 0x2416
        0x00000cb2:    44f8        .D      ADD      r8,r8,pc
        0x00000cb4:    2700        .'      MOVS     r7,#0
        0x00000cb6:    e9d81000    ....    LDRD     r1,r0,[r8,#0]
        0x00000cba:    463e        >F      MOV      r6,r7
        0x00000cbc:    e9cd1000    ....    STRD     r1,r0,[sp,#0]
        0x00000cc0:    e010        ..      B        0xce4 ; _printf_wctomb + 64
        0x00000cc2:    f83a1016    :...    LDRH     r1,[r10,r6,LSL #1]
        0x00000cc6:    466a        jF      MOV      r2,sp
        0x00000cc8:    a802        ..      ADD      r0,sp,#8
        0x00000cca:    f000fe67    ..g.    BL       _c16rtomb ; 0x199c
        0x00000cce:    1c41        A.      ADDS     r1,r0,#1
        0x00000cd0:    d007        ..      BEQ      0xce2 ; _printf_wctomb + 62
        0x00000cd2:    7821        !x      LDRB     r1,[r4,#0]
        0x00000cd4:    0689        ..      LSLS     r1,r1,#26
        0x00000cd6:    d503        ..      BPL      0xce0 ; _printf_wctomb + 60
        0x00000cd8:    69e2        .i      LDR      r2,[r4,#0x1c]
        0x00000cda:    1839        9.      ADDS     r1,r7,r0
        0x00000cdc:    4291        .B      CMP      r1,r2
        0x00000cde:    d80d        ..      BHI      0xcfc ; _printf_wctomb + 88
        0x00000ce0:    4407        .D      ADD      r7,r7,r0
        0x00000ce2:    1c76        v.      ADDS     r6,r6,#1
        0x00000ce4:    7820         x      LDRB     r0,[r4,#0]
        0x00000ce6:    0680        ..      LSLS     r0,r0,#26
        0x00000ce8:    d502        ..      BPL      0xcf0 ; _printf_wctomb + 76
        0x00000cea:    69e0        .i      LDR      r0,[r4,#0x1c]
        0x00000cec:    42b8        .B      CMP      r0,r7
        0x00000cee:    dd05        ..      BLE      0xcfc ; _printf_wctomb + 88
        0x00000cf0:    42ae        .B      CMP      r6,r5
        0x00000cf2:    dbe6        ..      BLT      0xcc2 ; _printf_wctomb + 30
        0x00000cf4:    f83a0016    :...    LDRH     r0,[r10,r6,LSL #1]
        0x00000cf8:    2800        .(      CMP      r0,#0
        0x00000cfa:    d1e2        ..      BNE      0xcc2 ; _printf_wctomb + 30
        0x00000cfc:    69a0        .i      LDR      r0,[r4,#0x18]
        0x00000cfe:    1bc0        ..      SUBS     r0,r0,r7
        0x00000d00:    61a0        .a      STR      r0,[r4,#0x18]
        0x00000d02:    4620         F      MOV      r0,r4
        0x00000d04:    f7ffff09    ....    BL       _printf_pre_padding ; 0xb1a
        0x00000d08:    e9d81000    ....    LDRD     r1,r0,[r8,#0]
        0x00000d0c:    e9cd1000    ....    STRD     r1,r0,[sp,#0]
        0x00000d10:    2000        .       MOVS     r0,#0
        0x00000d12:    e017        ..      B        0xd44 ; _printf_wctomb + 160
        0x00000d14:    f83a1018    :...    LDRH     r1,[r10,r8,LSL #1]
        0x00000d18:    466a        jF      MOV      r2,sp
        0x00000d1a:    a802        ..      ADD      r0,sp,#8
        0x00000d1c:    f000fe3e    ..>.    BL       _c16rtomb ; 0x199c
        0x00000d20:    f1b03fff    ...?    CMP      r0,#0xffffffff
        0x00000d24:    4681        .F      MOV      r9,r0
        0x00000d26:    d00b        ..      BEQ      0xd40 ; _printf_wctomb + 156
        0x00000d28:    2500        .%      MOVS     r5,#0
        0x00000d2a:    f10d0b08    ....    ADD      r11,sp,#8
        0x00000d2e:    e005        ..      B        0xd3c ; _printf_wctomb + 152
        0x00000d30:    e9d42101    ...!    LDRD     r2,r1,[r4,#4]
        0x00000d34:    f81b0005    ....    LDRB     r0,[r11,r5]
        0x00000d38:    4790        .G      BLX      r2
        0x00000d3a:    1c6d        m.      ADDS     r5,r5,#1
        0x00000d3c:    454d        ME      CMP      r5,r9
        0x00000d3e:    d3f7        ..      BCC      0xd30 ; _printf_wctomb + 140
        0x00000d40:    f1080001    ....    ADD      r0,r8,#1
        0x00000d44:    42b0        .B      CMP      r0,r6
        0x00000d46:    4680        .F      MOV      r8,r0
        0x00000d48:    dbe4        ..      BLT      0xd14 ; _printf_wctomb + 112
        0x00000d4a:    6a20         j      LDR      r0,[r4,#0x20]
        0x00000d4c:    4438        8D      ADD      r0,r0,r7
        0x00000d4e:    6220         b      STR      r0,[r4,#0x20]
        0x00000d50:    4620         F      MOV      r0,r4
        0x00000d52:    f7fffef8    ....    BL       _printf_post_padding ; 0xb46
        0x00000d56:    e8bd9fff    ....    POP      {r0-r12,pc}
    $d
        0x00000d5a:    0000        ..      DCW    0
        0x00000d5c:    00002416    .$..    DCD    9238
    $t
    .text
    _printf_longlong_dec
        0x00000d60:    e92d41f0    -..A    PUSH     {r4-r8,lr}
        0x00000d64:    4680        .F      MOV      r8,r0
        0x00000d66:    1dd2        ..      ADDS     r2,r2,#7
        0x00000d68:    f0220207    "...    BIC      r2,r2,#7
        0x00000d6c:    2500        .%      MOVS     r5,#0
        0x00000d6e:    e9d20200    ....    LDRD     r0,r2,[r2,#0]
        0x00000d72:    29f5        .)      CMP      r1,#0xf5
        0x00000d74:    a615        ..      ADR      r6,{pc}+0x58 ; 0xdcc
        0x00000d76:    d014        ..      BEQ      0xda2 ; _printf_longlong_dec + 66
        0x00000d78:    1e01        ..      SUBS     r1,r0,#0
        0x00000d7a:    f1720100    r...    SBCS     r1,r2,#0
        0x00000d7e:    da06        ..      BGE      0xd8e ; _printf_longlong_dec + 46
        0x00000d80:    2300        .#      MOVS     r3,#0
        0x00000d82:    ebd00003    ....    RSBS     r0,r0,r3
        0x00000d86:    eb630202    c...    SBC      r2,r3,r2
        0x00000d8a:    a611        ..      ADR      r6,{pc}+0x46 ; 0xdd0
        0x00000d8c:    e008        ..      B        0xda0 ; _printf_longlong_dec + 64
        0x00000d8e:    f8d81000    ....    LDR      r1,[r8,#0]
        0x00000d92:    078b        ..      LSLS     r3,r1,#30
        0x00000d94:    d501        ..      BPL      0xd9a ; _printf_longlong_dec + 58
        0x00000d96:    a60f        ..      ADR      r6,{pc}+0x3e ; 0xdd4
        0x00000d98:    e002        ..      B        0xda0 ; _printf_longlong_dec + 64
        0x00000d9a:    0749        I.      LSLS     r1,r1,#29
        0x00000d9c:    d501        ..      BPL      0xda2 ; _printf_longlong_dec + 66
        0x00000d9e:    a60e        ..      ADR      r6,{pc}+0x3a ; 0xdd8
        0x00000da0:    2501        .%      MOVS     r5,#1
        0x00000da2:    4611        .F      MOV      r1,r2
        0x00000da4:    2400        .$      MOVS     r4,#0
        0x00000da6:    f1080724    ..$.    ADD      r7,r8,#0x24
        0x00000daa:    e004        ..      B        0xdb6 ; _printf_longlong_dec + 86
        0x00000dac:    f000f983    ....    BL       _ll_udiv10 ; 0x10b6
        0x00000db0:    3230        02      ADDS     r2,r2,#0x30
        0x00000db2:    553a        :U      STRB     r2,[r7,r4]
        0x00000db4:    1c64        d.      ADDS     r4,r4,#1
        0x00000db6:    ea500201    P...    ORRS     r2,r0,r1
        0x00000dba:    d1f7        ..      BNE      0xdac ; _printf_longlong_dec + 76
        0x00000dbc:    462b        +F      MOV      r3,r5
        0x00000dbe:    4632        2F      MOV      r2,r6
        0x00000dc0:    4621        !F      MOV      r1,r4
        0x00000dc2:    4640        @F      MOV      r0,r8
        0x00000dc4:    e8bd41f0    ...A    POP      {r4-r8,lr}
        0x00000dc8:    f000b9ba    ....    B.W      _printf_int_common ; 0x1140
    $d
        0x00000dcc:    00000000    ....    DCD    0
        0x00000dd0:    0000002d    -...    DCD    45
        0x00000dd4:    0000002b    +...    DCD    43
        0x00000dd8:    00000020     ...    DCD    32
    $t
    .text
    _printf_longlong_oct_internal
    _printf_longlong_oct
        0x00000ddc:    b430        0.      PUSH     {r4,r5}
        0x00000dde:    2100        .!      MOVS     r1,#0
        0x00000de0:    f1000424    ..$.    ADD      r4,r0,#0x24
        0x00000de4:    e008        ..      B        0xdf8 ; _printf_longlong_oct_internal + 28
        0x00000de6:    f0020507    ....    AND      r5,r2,#7
        0x00000dea:    08d2        ..      LSRS     r2,r2,#3
        0x00000dec:    3530        05      ADDS     r5,r5,#0x30
        0x00000dee:    ea427243    B.Cr    ORR      r2,r2,r3,LSL #29
        0x00000df2:    08db        ..      LSRS     r3,r3,#3
        0x00000df4:    5465        eT      STRB     r5,[r4,r1]
        0x00000df6:    1c49        I.      ADDS     r1,r1,#1
        0x00000df8:    ea520503    R...    ORRS     r5,r2,r3
        0x00000dfc:    d1f3        ..      BNE      0xde6 ; _printf_longlong_oct_internal + 10
        0x00000dfe:    6804        .h      LDR      r4,[r0,#0]
        0x00000e00:    2300        .#      MOVS     r3,#0
        0x00000e02:    a210        ..      ADR      r2,{pc}+0x42 ; 0xe44
        0x00000e04:    0725        %.      LSLS     r5,r4,#28
        0x00000e06:    d508        ..      BPL      0xe1a ; _printf_longlong_oct_internal + 62
        0x00000e08:    f0040420    .. .    AND      r4,r4,#0x20
        0x00000e0c:    430c        .C      ORRS     r4,r4,r1
        0x00000e0e:    d004        ..      BEQ      0xe1a ; _printf_longlong_oct_internal + 62
        0x00000e10:    69c4        .i      LDR      r4,[r0,#0x1c]
        0x00000e12:    2301        .#      MOVS     r3,#1
        0x00000e14:    a20c        ..      ADR      r2,{pc}+0x34 ; 0xe48
        0x00000e16:    1e64        d.      SUBS     r4,r4,#1
        0x00000e18:    61c4        .a      STR      r4,[r0,#0x1c]
        0x00000e1a:    bc30        0.      POP      {r4,r5}
        0x00000e1c:    f000b990    ....    B.W      _printf_int_common ; 0x1140
    _printf_int_oct
        0x00000e20:    b510        ..      PUSH     {r4,lr}
        0x00000e22:    4604        .F      MOV      r4,r0
        0x00000e24:    4621        !F      MOV      r1,r4
        0x00000e26:    6810        .h      LDR      r0,[r2,#0]
        0x00000e28:    f7fffea7    ....    BL       _printf_truncate_unsigned ; 0xb7a
        0x00000e2c:    4602        .F      MOV      r2,r0
        0x00000e2e:    4620         F      MOV      r0,r4
        0x00000e30:    e8bd4010    ...@    POP      {r4,lr}
        0x00000e34:    2300        .#      MOVS     r3,#0
        0x00000e36:    e7d1        ..      B        _printf_longlong_oct_internal ; 0xddc
    _printf_ll_oct
        0x00000e38:    1dd2        ..      ADDS     r2,r2,#7
        0x00000e3a:    f0220107    "...    BIC      r1,r2,#7
        0x00000e3e:    e9d12300    ...#    LDRD     r2,r3,[r1,#0]
        0x00000e42:    e7cb        ..      B        _printf_longlong_oct_internal ; 0xddc
    $d
        0x00000e44:    00000000    ....    DCD    0
        0x00000e48:    00000030    0...    DCD    48
    $t
    .text
    _printf_hex_common
    _printf_longlong_hex
        0x00000e4c:    b4f0        ..      PUSH     {r4-r7}
        0x00000e4e:    460d        .F      MOV      r5,r1
        0x00000e50:    8801        ..      LDRH     r1,[r0,#0]
        0x00000e52:    0509        ..      LSLS     r1,r1,#20
        0x00000e54:    d502        ..      BPL      0xe5c ; _printf_hex_common + 16
        0x00000e56:    4c21        !L      LDR      r4,[pc,#132] ; [0xedc] = 0x2278
        0x00000e58:    447c        |D      ADD      r4,r4,pc
        0x00000e5a:    e002        ..      B        0xe62 ; _printf_hex_common + 22
        0x00000e5c:    4c1f        .L      LDR      r4,[pc,#124] ; [0xedc] = 0x2278
        0x00000e5e:    447c        |D      ADD      r4,r4,pc
        0x00000e60:    340e        .4      ADDS     r4,r4,#0xe
        0x00000e62:    2100        .!      MOVS     r1,#0
        0x00000e64:    f1000624    ..$.    ADD      r6,r0,#0x24
        0x00000e68:    e008        ..      B        0xe7c ; _printf_hex_common + 48
        0x00000e6a:    f002070f    ....    AND      r7,r2,#0xf
        0x00000e6e:    0912        ..      LSRS     r2,r2,#4
        0x00000e70:    5de7        .]      LDRB     r7,[r4,r7]
        0x00000e72:    ea427203    B..r    ORR      r2,r2,r3,LSL #28
        0x00000e76:    091b        ..      LSRS     r3,r3,#4
        0x00000e78:    5477        wT      STRB     r7,[r6,r1]
        0x00000e7a:    1c49        I.      ADDS     r1,r1,#1
        0x00000e7c:    ea520703    R...    ORRS     r7,r2,r3
        0x00000e80:    d1f3        ..      BNE      0xe6a ; _printf_hex_common + 30
        0x00000e82:    7802        .x      LDRB     r2,[r0,#0]
        0x00000e84:    2300        .#      MOVS     r3,#0
        0x00000e86:    0712        ..      LSLS     r2,r2,#28
        0x00000e88:    d504        ..      BPL      0xe94 ; _printf_hex_common + 72
        0x00000e8a:    2d70        p-      CMP      r5,#0x70
        0x00000e8c:    d006        ..      BEQ      0xe9c ; _printf_hex_common + 80
        0x00000e8e:    b109        ..      CBZ      r1,0xe94 ; _printf_hex_common + 72
        0x00000e90:    2302        .#      MOVS     r3,#2
        0x00000e92:    3411        .4      ADDS     r4,r4,#0x11
        0x00000e94:    4622        "F      MOV      r2,r4
        0x00000e96:    bcf0        ..      POP      {r4-r7}
        0x00000e98:    f000b952    ..R.    B.W      _printf_int_common ; 0x1140
        0x00000e9c:    2301        .#      MOVS     r3,#1
        0x00000e9e:    3410        .4      ADDS     r4,r4,#0x10
        0x00000ea0:    e7f8        ..      B        0xe94 ; _printf_hex_common + 72
    _printf_int_hex
        0x00000ea2:    b570        p.      PUSH     {r4-r6,lr}
        0x00000ea4:    4604        .F      MOV      r4,r0
        0x00000ea6:    460d        .F      MOV      r5,r1
        0x00000ea8:    4621        !F      MOV      r1,r4
        0x00000eaa:    6810        .h      LDR      r0,[r2,#0]
        0x00000eac:    f7fffe65    ..e.    BL       _printf_truncate_unsigned ; 0xb7a
        0x00000eb0:    4602        .F      MOV      r2,r0
        0x00000eb2:    4629        )F      MOV      r1,r5
        0x00000eb4:    4620         F      MOV      r0,r4
        0x00000eb6:    e8bd4070    ..p@    POP      {r4-r6,lr}
        0x00000eba:    2300        .#      MOVS     r3,#0
        0x00000ebc:    e7c6        ..      B        _printf_hex_common ; 0xe4c
    _printf_ll_hex
        0x00000ebe:    1dd2        ..      ADDS     r2,r2,#7
        0x00000ec0:    f0220307    "...    BIC      r3,r2,#7
        0x00000ec4:    e9d32300    ...#    LDRD     r2,r3,[r3,#0]
        0x00000ec8:    e7c0        ..      B        _printf_hex_common ; 0xe4c
    _printf_hex_ptr
        0x00000eca:    6803        .h      LDR      r3,[r0,#0]
        0x00000ecc:    6812        .h      LDR      r2,[r2,#0]
        0x00000ece:    f0430320    C. .    ORR      r3,r3,#0x20
        0x00000ed2:    6003        .`      STR      r3,[r0,#0]
        0x00000ed4:    2308        .#      MOVS     r3,#8
        0x00000ed6:    61c3        .a      STR      r3,[r0,#0x1c]
        0x00000ed8:    2300        .#      MOVS     r3,#0
        0x00000eda:    e7b7        ..      B        _printf_hex_common ; 0xe4c
    $d
        0x00000edc:    00002278    x"..    DCD    8824
    $t
    .text
    __printf
        0x00000ee0:    e92d5ff0    -.._    PUSH     {r4-r12,lr}
        0x00000ee4:    4689        .F      MOV      r9,r1
        0x00000ee6:    4604        .F      MOV      r4,r0
        0x00000ee8:    f04f0a00    O...    MOV      r10,#0
        0x00000eec:    f8dfb174    ..t.    LDR      r11,[pc,#372] ; [0x1064] = 0x2208
        0x00000ef0:    44fb        .D      ADD      r11,r11,pc
        0x00000ef2:    f8c0a020    .. .    STR      r10,[r0,#0x20]
        0x00000ef6:    4620         F      MOV      r0,r4
        0x00000ef8:    68e1        .h      LDR      r1,[r4,#0xc]
        0x00000efa:    4788        .G      BLX      r1
        0x00000efc:    2800        .(      CMP      r0,#0
        0x00000efe:    d074        t.      BEQ      0xfea ; __printf + 266
        0x00000f00:    2825        %(      CMP      r0,#0x25
        0x00000f02:    d006        ..      BEQ      0xf12 ; __printf + 50
        0x00000f04:    e9d42101    ...!    LDRD     r2,r1,[r4,#4]
        0x00000f08:    4790        .G      BLX      r2
        0x00000f0a:    6a20         j      LDR      r0,[r4,#0x20]
        0x00000f0c:    1c40        @.      ADDS     r0,r0,#1
        0x00000f0e:    6220         b      STR      r0,[r4,#0x20]
        0x00000f10:    e7f1        ..      B        0xef6 ; __printf + 22
        0x00000f12:    2600        .&      MOVS     r6,#0
        0x00000f14:    465f        _F      MOV      r7,r11
        0x00000f16:    4620         F      MOV      r0,r4
        0x00000f18:    68e1        .h      LDR      r1,[r4,#0xc]
        0x00000f1a:    4788        .G      BLX      r1
        0x00000f1c:    2820         (      CMP      r0,#0x20
        0x00000f1e:    4605        .F      MOV      r5,r0
        0x00000f20:    db07        ..      BLT      0xf32 ; __printf + 82
        0x00000f22:    2d31        1-      CMP      r5,#0x31
        0x00000f24:    d205        ..      BCS      0xf32 ; __printf + 82
        0x00000f26:    1978        x.      ADDS     r0,r7,r5
        0x00000f28:    f8100c20    .. .    LDRB     r0,[r0,#-0x20]
        0x00000f2c:    b108        ..      CBZ      r0,0xf32 ; __printf + 82
        0x00000f2e:    4306        .C      ORRS     r6,r6,r0
        0x00000f30:    e7f1        ..      B        0xf16 ; __printf + 54
        0x00000f32:    07b0        ..      LSLS     r0,r6,#30
        0x00000f34:    d501        ..      BPL      0xf3a ; __printf + 90
        0x00000f36:    f0260604    &...    BIC      r6,r6,#4
        0x00000f3a:    f8c4a01c    ....    STR      r10,[r4,#0x1c]
        0x00000f3e:    2700        .'      MOVS     r7,#0
        0x00000f40:    f8c4a018    ....    STR      r10,[r4,#0x18]
        0x00000f44:    2d2a        *-      CMP      r5,#0x2a
        0x00000f46:    d009        ..      BEQ      0xf5c ; __printf + 124
        0x00000f48:    4628        (F      MOV      r0,r5
        0x00000f4a:    f002f879    ..y.    BL       _is_digit ; 0x3040
        0x00000f4e:    b338        8.      CBZ      r0,0xfa0 ; __printf + 192
        0x00000f50:    eb040887    ....    ADD      r8,r4,r7,LSL #2
        0x00000f54:    3d30        0=      SUBS     r5,r5,#0x30
        0x00000f56:    f8c85018    ...P    STR      r5,[r8,#0x18]
        0x00000f5a:    e019        ..      B        0xf90 ; __printf + 176
        0x00000f5c:    f8591b04    Y...    LDR      r1,[r9],#4
        0x00000f60:    4620         F      MOV      r0,r4
        0x00000f62:    eb040287    ....    ADD      r2,r4,r7,LSL #2
        0x00000f66:    6191        .a      STR      r1,[r2,#0x18]
        0x00000f68:    68e1        .h      LDR      r1,[r4,#0xc]
        0x00000f6a:    4788        .G      BLX      r1
        0x00000f6c:    2f01        ./      CMP      r7,#1
        0x00000f6e:    4605        .F      MOV      r5,r0
        0x00000f70:    d118        ..      BNE      0xfa4 ; __printf + 196
        0x00000f72:    69e0        .i      LDR      r0,[r4,#0x1c]
        0x00000f74:    2800        .(      CMP      r0,#0
        0x00000f76:    da20         .      BGE      0xfba ; __printf + 218
        0x00000f78:    f0260620    &. .    BIC      r6,r6,#0x20
        0x00000f7c:    e01d        ..      B        0xfba ; __printf + 218
        0x00000f7e:    f8d80018    ....    LDR      r0,[r8,#0x18]
        0x00000f82:    eb000080    ....    ADD      r0,r0,r0,LSL #2
        0x00000f86:    eb050040    ..@.    ADD      r0,r5,r0,LSL #1
        0x00000f8a:    3830        08      SUBS     r0,r0,#0x30
        0x00000f8c:    f8c80018    ....    STR      r0,[r8,#0x18]
        0x00000f90:    4620         F      MOV      r0,r4
        0x00000f92:    68e1        .h      LDR      r1,[r4,#0xc]
        0x00000f94:    4788        .G      BLX      r1
        0x00000f96:    4605        .F      MOV      r5,r0
        0x00000f98:    f002f852    ..R.    BL       _is_digit ; 0x3040
        0x00000f9c:    2800        .(      CMP      r0,#0
        0x00000f9e:    d1ee        ..      BNE      0xf7e ; __printf + 158
        0x00000fa0:    2f01        ./      CMP      r7,#1
        0x00000fa2:    d00a        ..      BEQ      0xfba ; __printf + 218
        0x00000fa4:    2d2e        .-      CMP      r5,#0x2e
        0x00000fa6:    d108        ..      BNE      0xfba ; __printf + 218
        0x00000fa8:    4620         F      MOV      r0,r4
        0x00000faa:    68e1        .h      LDR      r1,[r4,#0xc]
        0x00000fac:    4788        .G      BLX      r1
        0x00000fae:    1c7f        ..      ADDS     r7,r7,#1
        0x00000fb0:    4605        .F      MOV      r5,r0
        0x00000fb2:    2f02        ./      CMP      r7,#2
        0x00000fb4:    f0460620    F. .    ORR      r6,r6,#0x20
        0x00000fb8:    dbc4        ..      BLT      0xf44 ; __printf + 100
        0x00000fba:    69a0        .i      LDR      r0,[r4,#0x18]
        0x00000fbc:    2800        .(      CMP      r0,#0
        0x00000fbe:    da03        ..      BGE      0xfc8 ; __printf + 232
        0x00000fc0:    4240        @B      RSBS     r0,r0,#0
        0x00000fc2:    f0460601    F...    ORR      r6,r6,#1
        0x00000fc6:    61a0        .a      STR      r0,[r4,#0x18]
        0x00000fc8:    07f0        ..      LSLS     r0,r6,#31
        0x00000fca:    d001        ..      BEQ      0xfd0 ; __printf + 240
        0x00000fcc:    f0260610    &...    BIC      r6,r6,#0x10
        0x00000fd0:    2d6c        l-      CMP      r5,#0x6c
        0x00000fd2:    d00b        ..      BEQ      0xfec ; __printf + 268
        0x00000fd4:    2d68        h-      CMP      r5,#0x68
        0x00000fd6:    d009        ..      BEQ      0xfec ; __printf + 268
        0x00000fd8:    2d4c        L-      CMP      r5,#0x4c
        0x00000fda:    d039        9.      BEQ      0x1050 ; __printf + 368
        0x00000fdc:    2d6a        j-      CMP      r5,#0x6a
        0x00000fde:    d035        5.      BEQ      0x104c ; __printf + 364
        0x00000fe0:    2d74        t-      CMP      r5,#0x74
        0x00000fe2:    d035        5.      BEQ      0x1050 ; __printf + 368
        0x00000fe4:    2d7a        z-      CMP      r5,#0x7a
        0x00000fe6:    d033        3.      BEQ      0x1050 ; __printf + 368
        0x00000fe8:    e016        ..      B        0x1018 ; __printf + 312
        0x00000fea:    e038        8.      B        0x105e ; __printf + 382
        0x00000fec:    68e1        .h      LDR      r1,[r4,#0xc]
        0x00000fee:    462f        /F      MOV      r7,r5
        0x00000ff0:    4620         F      MOV      r0,r4
        0x00000ff2:    4788        .G      BLX      r1
        0x00000ff4:    42b8        .B      CMP      r0,r7
        0x00000ff6:    4605        .F      MOV      r5,r0
        0x00000ff8:    d109        ..      BNE      0x100e ; __printf + 302
        0x00000ffa:    2f6c        l/      CMP      r7,#0x6c
        0x00000ffc:    d026        &.      BEQ      0x104c ; __printf + 364
        0x00000ffe:    f44f6080    O..`    MOV      r0,#0x400
        0x00001002:    68e1        .h      LDR      r1,[r4,#0xc]
        0x00001004:    4306        .C      ORRS     r6,r6,r0
        0x00001006:    4620         F      MOV      r0,r4
        0x00001008:    4788        .G      BLX      r1
        0x0000100a:    4605        .F      MOV      r5,r0
        0x0000100c:    e004        ..      B        0x1018 ; __printf + 312
        0x0000100e:    2f6c        l/      CMP      r7,#0x6c
        0x00001010:    d01a        ..      BEQ      0x1048 ; __printf + 360
        0x00001012:    f44f7080    O..p    MOV      r0,#0x100
        0x00001016:    4306        .C      ORRS     r6,r6,r0
        0x00001018:    b30d        ..      CBZ      r5,0x105e ; __printf + 382
        0x0000101a:    f1a50041    ..A.    SUB      r0,r5,#0x41
        0x0000101e:    2819        .(      CMP      r0,#0x19
        0x00001020:    d802        ..      BHI      0x1028 ; __printf + 328
        0x00001022:    3520         5      ADDS     r5,r5,#0x20
        0x00001024:    f4466600    F..f    ORR      r6,r6,#0x800
        0x00001028:    464a        JF      MOV      r2,r9
        0x0000102a:    4629        )F      MOV      r1,r5
        0x0000102c:    4620         F      MOV      r0,r4
        0x0000102e:    6026        &`      STR      r6,[r4,#0]
        0x00001030:    464e        NF      MOV      r6,r9
        0x00001032:    f7fffc6d    ..m.    BL       _printf_n ; 0x910
        0x00001036:    b180        ..      CBZ      r0,0x105a ; __printf + 378
        0x00001038:    2801        .(      CMP      r0,#1
        0x0000103a:    d00b        ..      BEQ      0x1054 ; __printf + 372
        0x0000103c:    1df6        ..      ADDS     r6,r6,#7
        0x0000103e:    f0260007    &...    BIC      r0,r6,#7
        0x00001042:    f1000908    ....    ADD      r9,r0,#8
        0x00001046:    e756        V.      B        0xef6 ; __printf + 22
        0x00001048:    2040        @       MOVS     r0,#0x40
        0x0000104a:    e7e4        ..      B        0x1016 ; __printf + 310
        0x0000104c:    2080        .       MOVS     r0,#0x80
        0x0000104e:    e7d8        ..      B        0x1002 ; __printf + 290
        0x00001050:    2000        .       MOVS     r0,#0
        0x00001052:    e7d6        ..      B        0x1002 ; __printf + 290
        0x00001054:    f1060904    ....    ADD      r9,r6,#4
        0x00001058:    e74d        M.      B        0xef6 ; __printf + 22
        0x0000105a:    4628        (F      MOV      r0,r5
        0x0000105c:    e752        R.      B        0xf04 ; __printf + 36
        0x0000105e:    6a20         j      LDR      r0,[r4,#0x20]
        0x00001060:    e8bd9ff0    ....    POP      {r4-r12,pc}
    $d
        0x00001064:    00002208    ."..    DCD    8712
    $t
    .text
    __aeabi_memclr4
    __aeabi_memclr8
    __rt_memclr_w
        0x00001068:    f04f0200    O...    MOV      r2,#0
    _memset_w
        0x0000106c:    b500        ..      PUSH     {lr}
        0x0000106e:    4613        .F      MOV      r3,r2
        0x00001070:    4694        .F      MOV      r12,r2
        0x00001072:    4696        .F      MOV      lr,r2
        0x00001074:    3920         9      SUBS     r1,r1,#0x20
        0x00001076:    bf22        ".      ITTT     CS
        0x00001078:    e8a0500c    ...P    STMCS    r0!,{r2,r3,r12,lr}
        0x0000107c:    e8a0500c    ...P    STMCS    r0!,{r2,r3,r12,lr}
        0x00001080:    f1b10120    .. .    SUBSCS   r1,r1,#0x20
        0x00001084:    f4bfaff7    ....    BCS.W    0x1076 ; _memset_w + 10
        0x00001088:    0709        ..      LSLS     r1,r1,#28
        0x0000108a:    bf28        (.      IT       CS
        0x0000108c:    e8a0500c    ...P    STMCS    r0!,{r2,r3,r12,lr}
        0x00001090:    bf48        H.      IT       MI
        0x00001092:    c00c        ..      STMMI    r0!,{r2,r3}
        0x00001094:    f85deb04    ]...    POP      {lr}
        0x00001098:    0089        ..      LSLS     r1,r1,#2
        0x0000109a:    bf28        (.      IT       CS
        0x0000109c:    f8402b04    @..+    STRCS    r2,[r0],#4
        0x000010a0:    bf08        ..      IT       EQ
        0x000010a2:    4770        pG      BXEQ     lr
        0x000010a4:    bf48        H.      IT       MI
        0x000010a6:    f8202b02     ..+    STRHMI   r2,[r0],#2
        0x000010aa:    f0114f80    ...O    TST      r1,#0x40000000
        0x000010ae:    bf18        ..      IT       NE
        0x000010b0:    f8002b01    ...+    STRBNE   r2,[r0],#1
        0x000010b4:    4770        pG      BX       lr
    .text
    _ll_udiv10
        0x000010b6:    b530        0.      PUSH     {r4,r5,lr}
        0x000010b8:    f1b0020a    ....    SUBS     r2,r0,#0xa
        0x000010bc:    f1710300    q...    SBCS     r3,r1,#0
        0x000010c0:    ea4f0e90    O...    LSR      lr,r0,#2
        0x000010c4:    ea4e7e81    N..~    ORR      lr,lr,r1,LSL #30
        0x000010c8:    ebb0000e    ....    SUBS     r0,r0,lr
        0x000010cc:    eb610191    a...    SBC      r1,r1,r1,LSR #2
        0x000010d0:    ea4f1e10    O...    LSR      lr,r0,#4
        0x000010d4:    ea4e7e01    N..~    ORR      lr,lr,r1,LSL #28
        0x000010d8:    eb10000e    ....    ADDS     r0,r0,lr
        0x000010dc:    eb411111    A...    ADC      r1,r1,r1,LSR #4
        0x000010e0:    ea4f2e10    O...    LSR      lr,r0,#8
        0x000010e4:    ea4e6e01    N..n    ORR      lr,lr,r1,LSL #24
        0x000010e8:    eb10000e    ....    ADDS     r0,r0,lr
        0x000010ec:    eb412111    A..!    ADC      r1,r1,r1,LSR #8
        0x000010f0:    ea4f4e10    O..N    LSR      lr,r0,#16
        0x000010f4:    ea4e4e01    N..N    ORR      lr,lr,r1,LSL #16
        0x000010f8:    eb10000e    ....    ADDS     r0,r0,lr
        0x000010fc:    eb414111    A..A    ADC      r1,r1,r1,LSR #16
        0x00001100:    1840        @.      ADDS     r0,r0,r1
        0x00001102:    f1410100    A...    ADC      r1,r1,#0
        0x00001106:    ea4f00d0    O...    LSR      r0,r0,#3
        0x0000110a:    ea407041    @.Ap    ORR      r0,r0,r1,LSL #29
        0x0000110e:    ea4f01d1    O...    LSR      r1,r1,#3
        0x00001112:    ea4f0481    O...    LSL      r4,r1,#2
        0x00001116:    ea447490    D..t    ORR      r4,r4,r0,LSR #30
        0x0000111a:    eb100580    ....    ADDS     r5,r0,r0,LSL #2
        0x0000111e:    eb440401    D...    ADC      r4,r4,r1
        0x00001122:    196d        m.      ADDS     r5,r5,r5
        0x00001124:    eb440404    D...    ADC      r4,r4,r4
        0x00001128:    1b52        R.      SUBS     r2,r2,r5
        0x0000112a:    41a3        .A      SBCS     r3,r3,r4
        0x0000112c:    f04f0300    O...    MOV      r3,#0
        0x00001130:    bf48        H.      IT       MI
        0x00001132:    320a        .2      ADDMI    r2,r2,#0xa
        0x00001134:    d500        ..      BPL      0x1138 ; _ll_udiv10 + 130
        0x00001136:    bd30        0.      POP      {r4,r5,pc}
        0x00001138:    1c40        @.      ADDS     r0,r0,#1
        0x0000113a:    f1410100    A...    ADC      r1,r1,#0
        0x0000113e:    bd30        0.      POP      {r4,r5,pc}
    .text
    _printf_int_common
        0x00001140:    e92d47f0    -..G    PUSH     {r4-r10,lr}
        0x00001144:    460d        .F      MOV      r5,r1
        0x00001146:    4699        .F      MOV      r9,r3
        0x00001148:    4692        .F      MOV      r10,r2
        0x0000114a:    4604        .F      MOV      r4,r0
        0x0000114c:    f1000824    ..$.    ADD      r8,r0,#0x24
        0x00001150:    6801        .h      LDR      r1,[r0,#0]
        0x00001152:    0688        ..      LSLS     r0,r1,#26
        0x00001154:    d504        ..      BPL      0x1160 ; _printf_int_common + 32
        0x00001156:    69e0        .i      LDR      r0,[r4,#0x1c]
        0x00001158:    f0210110    !...    BIC      r1,r1,#0x10
        0x0000115c:    6021        !`      STR      r1,[r4,#0]
        0x0000115e:    e000        ..      B        0x1162 ; _printf_int_common + 34
        0x00001160:    2001        .       MOVS     r0,#1
        0x00001162:    42a8        .B      CMP      r0,r5
        0x00001164:    dd01        ..      BLE      0x116a ; _printf_int_common + 42
        0x00001166:    1b47        G.      SUBS     r7,r0,r5
        0x00001168:    e000        ..      B        0x116c ; _printf_int_common + 44
        0x0000116a:    2700        .'      MOVS     r7,#0
        0x0000116c:    69a1        .i      LDR      r1,[r4,#0x18]
        0x0000116e:    197a        z.      ADDS     r2,r7,r5
        0x00001170:    eb020009    ....    ADD      r0,r2,r9
        0x00001174:    1a08        ..      SUBS     r0,r1,r0
        0x00001176:    61a0        .a      STR      r0,[r4,#0x18]
        0x00001178:    7820         x      LDRB     r0,[r4,#0]
        0x0000117a:    06c0        ..      LSLS     r0,r0,#27
        0x0000117c:    d402        ..      BMI      0x1184 ; _printf_int_common + 68
        0x0000117e:    4620         F      MOV      r0,r4
        0x00001180:    f7fffccb    ....    BL       _printf_pre_padding ; 0xb1a
        0x00001184:    2600        .&      MOVS     r6,#0
        0x00001186:    e008        ..      B        0x119a ; _printf_int_common + 90
        0x00001188:    e9d42101    ...!    LDRD     r2,r1,[r4,#4]
        0x0000118c:    f81a0006    ....    LDRB     r0,[r10,r6]
        0x00001190:    4790        .G      BLX      r2
        0x00001192:    6a20         j      LDR      r0,[r4,#0x20]
        0x00001194:    1c40        @.      ADDS     r0,r0,#1
        0x00001196:    1c76        v.      ADDS     r6,r6,#1
        0x00001198:    6220         b      STR      r0,[r4,#0x20]
        0x0000119a:    454e        NE      CMP      r6,r9
        0x0000119c:    dbf4        ..      BLT      0x1188 ; _printf_int_common + 72
        0x0000119e:    7820         x      LDRB     r0,[r4,#0]
        0x000011a0:    06c0        ..      LSLS     r0,r0,#27
        0x000011a2:    d50a        ..      BPL      0x11ba ; _printf_int_common + 122
        0x000011a4:    4620         F      MOV      r0,r4
        0x000011a6:    f7fffcb8    ....    BL       _printf_pre_padding ; 0xb1a
        0x000011aa:    e006        ..      B        0x11ba ; _printf_int_common + 122
        0x000011ac:    e9d42101    ...!    LDRD     r2,r1,[r4,#4]
        0x000011b0:    2030        0       MOVS     r0,#0x30
        0x000011b2:    4790        .G      BLX      r2
        0x000011b4:    6a20         j      LDR      r0,[r4,#0x20]
        0x000011b6:    1c40        @.      ADDS     r0,r0,#1
        0x000011b8:    6220         b      STR      r0,[r4,#0x20]
        0x000011ba:    1e38        8.      SUBS     r0,r7,#0
        0x000011bc:    f1a70701    ....    SUB      r7,r7,#1
        0x000011c0:    dcf4        ..      BGT      0x11ac ; _printf_int_common + 108
        0x000011c2:    e007        ..      B        0x11d4 ; _printf_int_common + 148
        0x000011c4:    e9d42101    ...!    LDRD     r2,r1,[r4,#4]
        0x000011c8:    f8180005    ....    LDRB     r0,[r8,r5]
        0x000011cc:    4790        .G      BLX      r2
        0x000011ce:    6a20         j      LDR      r0,[r4,#0x20]
        0x000011d0:    1c40        @.      ADDS     r0,r0,#1
        0x000011d2:    6220         b      STR      r0,[r4,#0x20]
        0x000011d4:    1e28        (.      SUBS     r0,r5,#0
        0x000011d6:    f1a50501    ....    SUB      r5,r5,#1
        0x000011da:    dcf3        ..      BGT      0x11c4 ; _printf_int_common + 132
        0x000011dc:    4620         F      MOV      r0,r4
        0x000011de:    f7fffcb2    ....    BL       _printf_post_padding ; 0xb46
        0x000011e2:    7820         x      LDRB     r0,[r4,#0]
        0x000011e4:    0600        ..      LSLS     r0,r0,#24
        0x000011e6:    d502        ..      BPL      0x11ee ; _printf_int_common + 174
        0x000011e8:    2002        .       MOVS     r0,#2
        0x000011ea:    e8bd87f0    ....    POP      {r4-r10,pc}
        0x000011ee:    2001        .       MOVS     r0,#1
        0x000011f0:    e7fb        ..      B        0x11ea ; _printf_int_common + 170
    .text
    _fp_digits
        0x000011f2:    e92d4fff    -..O    PUSH     {r0-r11,lr}
        0x000011f6:    460c        .F      MOV      r4,r1
        0x000011f8:    461e        .F      MOV      r6,r3
        0x000011fa:    f04f37ff    O..7    MOV      r7,#0xffffffff
        0x000011fe:    b08b        ..      SUB      sp,sp,#0x2c
        0x00001200:    e9d20100    ....    LDRD     r0,r1,[r2,#0]
        0x00001204:    f8dd8060    ..`.    LDR      r8,[sp,#0x60]
        0x00001208:    900a        ..      STR      r0,[sp,#0x28]
        0x0000120a:    468a        .F      MOV      r10,r1
        0x0000120c:    f3c1550a    ...U    UBFX     r5,r1,#20,#11
        0x00001210:    b905        ..      CBNZ     r5,0x1214 ; _fp_digits + 34
        0x00001212:    463d        =F      MOV      r5,r7
        0x00001214:    2100        .!      MOVS     r1,#0
        0x00001216:    4608        .F      MOV      r0,r1
        0x00001218:    f04f0000    O...    MOV      r0,#0
        0x0000121c:    f1ba0f00    ....    CMP      r10,#0
        0x00001220:    f4000040    ..@.    AND      r0,r0,#0xc00000
        0x00001224:    da05        ..      BGE      0x1232 ; _fp_digits + 64
        0x00001226:    eb000080    ....    ADD      r0,r0,r0,LSL #2
        0x0000122a:    f44f0140    O.@.    MOV      r1,#0xc00000
        0x0000122e:    ea010050    ..P.    AND      r0,r1,r0,LSR #1
        0x00001232:    ea4f5990    O..Y    LSR      r9,r0,#22
        0x00001236:    f1b90f01    ....    CMP      r9,#1
        0x0000123a:    dd00        ..      BLE      0x123e ; _fp_digits + 76
        0x0000123c:    46b9        .F      MOV      r9,r7
        0x0000123e:    980a        ..      LDR      r0,[sp,#0x28]
        0x00001240:    ea50004a    P.J.    ORRS     r0,r0,r10,LSL #1
        0x00001244:    d00e        ..      BEQ      0x1264 ; _fp_digits + 114
        0x00001246:    f6445010    D..P    MOV      r0,#0x4d10
        0x0000124a:    f2a535ff    ...5    SUB      r5,r5,#0x3ff
        0x0000124e:    4345        EC      MULS     r5,r0,r5
        0x00001250:    142f        /.      ASRS     r7,r5,#16
        0x00001252:    f1b80f00    ....    CMP      r8,#0
        0x00001256:    d01e        ..      BEQ      0x1296 ; _fp_digits + 164
        0x00001258:    4275        uB      RSBS     r5,r6,#0
        0x0000125a:    1e29        ).      SUBS     r1,r5,#0
        0x0000125c:    dd1e        ..      BLE      0x129c ; _fp_digits + 170
        0x0000125e:    f1c90200    ....    RSB      r2,r9,#0
        0x00001262:    e01c        ..      B        0x129e ; _fp_digits + 172
        0x00001264:    f1b80f01    ....    CMP      r8,#1
        0x00001268:    f04f0000    O...    MOV      r0,#0
        0x0000126c:    d001        ..      BEQ      0x1272 ; _fp_digits + 128
        0x0000126e:    2130        0!      MOVS     r1,#0x30
        0x00001270:    e003        ..      B        0x127a ; _fp_digits + 136
        0x00001272:    43f2        .C      MVNS     r2,r6
        0x00001274:    e005        ..      B        0x1282 ; _fp_digits + 144
        0x00001276:    5421        !T      STRB     r1,[r4,r0]
        0x00001278:    1c40        @.      ADDS     r0,r0,#1
        0x0000127a:    42b0        .B      CMP      r0,r6
        0x0000127c:    dbfb        ..      BLT      0x1276 ; _fp_digits + 132
        0x0000127e:    4630        0F      MOV      r0,r6
        0x00001280:    2200        ."      MOVS     r2,#0
        0x00001282:    2100        .!      MOVS     r1,#0
        0x00001284:    5421        !T      STRB     r1,[r4,r0]
        0x00001286:    990b        ..      LDR      r1,[sp,#0x2c]
        0x00001288:    f8c18008    ....    STR      r8,[r1,#8]
        0x0000128c:    e9c12000    ...     STRD     r2,r0,[r1,#0]
        0x00001290:    b00f        ..      ADD      sp,sp,#0x3c
        0x00001292:    e8bd8ff0    ....    POP      {r4-r11,pc}
        0x00001296:    1bbd        ..      SUBS     r5,r7,r6
        0x00001298:    1c6d        m.      ADDS     r5,r5,#1
        0x0000129a:    e7de        ..      B        0x125a ; _fp_digits + 104
        0x0000129c:    464a        JF      MOV      r2,r9
        0x0000129e:    da00        ..      BGE      0x12a2 ; _fp_digits + 176
        0x000012a0:    4269        iB      RSBS     r1,r5,#0
        0x000012a2:    a806        ..      ADD      r0,sp,#0x18
        0x000012a4:    f000fbea    ....    BL       _btod_etento ; 0x1a7c
        0x000012a8:    ab06        ..      ADD      r3,sp,#0x18
        0x000012aa:    e8930007    ....    LDM      r3,{r0-r2}
        0x000012ae:    ab03        ..      ADD      r3,sp,#0xc
        0x000012b0:    e8830007    ....    STM      r3,{r0-r2}
        0x000012b4:    4650        PF      MOV      r0,r10
        0x000012b6:    990a        ..      LDR      r1,[sp,#0x28]
        0x000012b8:    f001fae2    ....    BL       _btod_d2e ; 0x2880
        0x000012bc:    e88d0007    ....    STM      sp,{r0-r2}
        0x000012c0:    f5a05000    ...P    SUB      r0,r0,#0x2000
        0x000012c4:    381f        .8      SUBS     r0,r0,#0x1f
        0x000012c6:    9000        ..      STR      r0,[sp,#0]
        0x000012c8:    9803        ..      LDR      r0,[sp,#0xc]
        0x000012ca:    2d00        .-      CMP      r5,#0
        0x000012cc:    dd0a        ..      BLE      0x12e4 ; _fp_digits + 242
        0x000012ce:    f242011f    B...    MOV      r1,#0x201f
        0x000012d2:    464a        JF      MOV      r2,r9
        0x000012d4:    4408        .D      ADD      r0,r0,r1
        0x000012d6:    2300        .#      MOVS     r3,#0
        0x000012d8:    a903        ..      ADD      r1,sp,#0xc
        0x000012da:    9003        ..      STR      r0,[sp,#0xc]
        0x000012dc:    4668        hF      MOV      r0,sp
        0x000012de:    f001fd4b    ..K.    BL       _btod_ediv ; 0x2d78
        0x000012e2:    e009        ..      B        0x12f8 ; _fp_digits + 262
        0x000012e4:    f5a05000    ...P    SUB      r0,r0,#0x2000
        0x000012e8:    464a        JF      MOV      r2,r9
        0x000012ea:    381f        .8      SUBS     r0,r0,#0x1f
        0x000012ec:    2300        .#      MOVS     r3,#0
        0x000012ee:    a903        ..      ADD      r1,sp,#0xc
        0x000012f0:    9003        ..      STR      r0,[sp,#0xc]
        0x000012f2:    4668        hF      MOV      r0,sp
        0x000012f4:    f001fd55    ..U.    BL       _btod_emul ; 0x2da2
        0x000012f8:    e88d0007    ....    STM      sp,{r0-r2}
        0x000012fc:    0400        ..      LSLS     r0,r0,#16
        0x000012fe:    0c00        ..      LSRS     r0,r0,#16
        0x00001300:    d003        ..      BEQ      0x130a ; _fp_digits + 280
        0x00001302:    f04f30ff    O..0    MOV      r0,#0xffffffff
        0x00001306:    0841        A.      LSRS     r1,r0,#1
        0x00001308:    e000        ..      B        0x130c ; _fp_digits + 282
        0x0000130a:    4610        .F      MOV      r0,r2
        0x0000130c:    f1b80f00    ....    CMP      r8,#0
        0x00001310:    d003        ..      BEQ      0x131a ; _fp_digits + 296
        0x00001312:    2200        ."      MOVS     r2,#0
        0x00001314:    9200        ..      STR      r2,[sp,#0]
        0x00001316:    4615        .F      MOV      r5,r2
        0x00001318:    e01e        ..      B        0x1358 ; _fp_digits + 358
        0x0000131a:    1e75        u.      SUBS     r5,r6,#1
        0x0000131c:    d405        ..      BMI      0x132a ; _fp_digits + 312
        0x0000131e:    f7fffeca    ....    BL       _ll_udiv10 ; 0x10b6
        0x00001322:    3230        02      ADDS     r2,r2,#0x30
        0x00001324:    5562        bU      STRB     r2,[r4,r5]
        0x00001326:    1e6d        m.      SUBS     r5,r5,#1
        0x00001328:    d5f9        ..      BPL      0x131e ; _fp_digits + 300
        0x0000132a:    46b3        .F      MOV      r11,r6
        0x0000132c:    2201        ."      MOVS     r2,#1
        0x0000132e:    4308        .C      ORRS     r0,r0,r1
        0x00001330:    d002        ..      BEQ      0x1338 ; _fp_digits + 326
        0x00001332:    2200        ."      MOVS     r2,#0
        0x00001334:    1c7f        ..      ADDS     r7,r7,#1
        0x00001336:    e004        ..      B        0x1342 ; _fp_digits + 336
        0x00001338:    7820         x      LDRB     r0,[r4,#0]
        0x0000133a:    2830        0(      CMP      r0,#0x30
        0x0000133c:    d101        ..      BNE      0x1342 ; _fp_digits + 336
        0x0000133e:    2200        ."      MOVS     r2,#0
        0x00001340:    1e7f        ..      SUBS     r7,r7,#1
        0x00001342:    2a00        .*      CMP      r2,#0
        0x00001344:    9709        ..      STR      r7,[sp,#0x24]
        0x00001346:    d084        ..      BEQ      0x1252 ; _fp_digits + 96
        0x00001348:    e01d        ..      B        0x1386 ; _fp_digits + 404
        0x0000134a:    2d11        .-      CMP      r5,#0x11
        0x0000134c:    da07        ..      BGE      0x135e ; _fp_digits + 364
        0x0000134e:    f7fffeb2    ....    BL       _ll_udiv10 ; 0x10b6
        0x00001352:    3230        02      ADDS     r2,r2,#0x30
        0x00001354:    5562        bU      STRB     r2,[r4,r5]
        0x00001356:    1c6d        m.      ADDS     r5,r5,#1
        0x00001358:    ea500201    P...    ORRS     r2,r0,r1
        0x0000135c:    d1f5        ..      BNE      0x134a ; _fp_digits + 344
        0x0000135e:    4308        .C      ORRS     r0,r0,r1
        0x00001360:    d002        ..      BEQ      0x1368 ; _fp_digits + 374
        0x00001362:    9800        ..      LDR      r0,[sp,#0]
        0x00001364:    b1c8        ..      CBZ      r0,0x139a ; _fp_digits + 424
        0x00001366:    e00e        ..      B        0x1386 ; _fp_digits + 404
        0x00001368:    2100        .!      MOVS     r1,#0
        0x0000136a:    1e68        h.      SUBS     r0,r5,#1
        0x0000136c:    e005        ..      B        0x137a ; _fp_digits + 392
        0x0000136e:    5c23        #\      LDRB     r3,[r4,r0]
        0x00001370:    5c62        b\      LDRB     r2,[r4,r1]
        0x00001372:    5463        cT      STRB     r3,[r4,r1]
        0x00001374:    5422        "T      STRB     r2,[r4,r0]
        0x00001376:    1e40        @.      SUBS     r0,r0,#1
        0x00001378:    1c49        I.      ADDS     r1,r1,#1
        0x0000137a:    4281        .B      CMP      r1,r0
        0x0000137c:    dbf7        ..      BLT      0x136e ; _fp_digits + 380
        0x0000137e:    46ab        .F      MOV      r11,r5
        0x00001380:    1ba8        ..      SUBS     r0,r5,r6
        0x00001382:    1e40        @.      SUBS     r0,r0,#1
        0x00001384:    9009        ..      STR      r0,[sp,#0x24]
        0x00001386:    2000        .       MOVS     r0,#0
        0x00001388:    f804000b    ....    STRB     r0,[r4,r11]
        0x0000138c:    980b        ..      LDR      r0,[sp,#0x2c]
        0x0000138e:    9a09        ..      LDR      r2,[sp,#0x24]
        0x00001390:    f8c08008    ....    STR      r8,[r0,#8]
        0x00001394:    e9c02b00    ...+    STRD     r2,r11,[r0,#0]
        0x00001398:    e77a        z.      B        0x1290 ; _fp_digits + 158
        0x0000139a:    2611        .&      MOVS     r6,#0x11
        0x0000139c:    f04f0800    O...    MOV      r8,#0
        0x000013a0:    e757        W.      B        0x1252 ; _fp_digits + 96
    _printf_fp_dec_real
        0x000013a2:    e92d4ff0    -..O    PUSH     {r4-r11,lr}
        0x000013a6:    4688        .F      MOV      r8,r1
        0x000013a8:    4604        .F      MOV      r4,r0
        0x000013aa:    1dd2        ..      ADDS     r2,r2,#7
        0x000013ac:    f0220107    "...    BIC      r1,r2,#7
        0x000013b0:    b091        ..      SUB      sp,sp,#0x44
        0x000013b2:    e9d10100    ....    LDRD     r0,r1,[r1,#0]
        0x000013b6:    e9cd010a    ....    STRD     r0,r1,[sp,#0x28]
        0x000013ba:    f001fe29    ..).    BL       __ARM_fpclassify ; 0x3010
        0x000013be:    4602        .F      MOV      r2,r0
        0x000013c0:    980b        ..      LDR      r0,[sp,#0x2c]
        0x000013c2:    0fc0        ..      LSRS     r0,r0,#31
        0x000013c4:    d001        ..      BEQ      0x13ca ; _printf_fp_dec_real + 40
        0x000013c6:    202d        -       MOVS     r0,#0x2d
        0x000013c8:    e007        ..      B        0x13da ; _printf_fp_dec_real + 56
        0x000013ca:    6820         h      LDR      r0,[r4,#0]
        0x000013cc:    0781        ..      LSLS     r1,r0,#30
        0x000013ce:    d501        ..      BPL      0x13d4 ; _printf_fp_dec_real + 50
        0x000013d0:    202b        +       MOVS     r0,#0x2b
        0x000013d2:    e002        ..      B        0x13da ; _printf_fp_dec_real + 56
        0x000013d4:    2120         !      MOVS     r1,#0x20
        0x000013d6:    ea0100c0    ....    AND      r0,r1,r0,LSL #3
        0x000013da:    2a03        .*      CMP      r2,#3
        0x000013dc:    9009        ..      STR      r0,[sp,#0x24]
        0x000013de:    d001        ..      BEQ      0x13e4 ; _printf_fp_dec_real + 66
        0x000013e0:    2a07        .*      CMP      r2,#7
        0x000013e2:    db05        ..      BLT      0x13f0 ; _printf_fp_dec_real + 78
        0x000013e4:    4603        .F      MOV      r3,r0
        0x000013e6:    4641        AF      MOV      r1,r8
        0x000013e8:    4620         F      MOV      r0,r4
        0x000013ea:    f000fb07    ....    BL       _printf_fp_infnan ; 0x19fc
        0x000013ee:    e10b        ..      B        0x1608 ; _printf_fp_dec_real + 614
        0x000013f0:    7820         x      LDRB     r0,[r4,#0]
        0x000013f2:    0680        ..      LSLS     r0,r0,#26
        0x000013f4:    d501        ..      BPL      0x13fa ; _printf_fp_dec_real + 88
        0x000013f6:    69e0        .i      LDR      r0,[r4,#0x1c]
        0x000013f8:    e000        ..      B        0x13fc ; _printf_fp_dec_real + 90
        0x000013fa:    2006        .       MOVS     r0,#6
        0x000013fc:    f1b80f65    ..e.    CMP      r8,#0x65
        0x00001400:    4681        .F      MOV      r9,r0
        0x00001402:    d006        ..      BEQ      0x1412 ; _printf_fp_dec_real + 112
        0x00001404:    f1b80f66    ..f.    CMP      r8,#0x66
        0x00001408:    d018        ..      BEQ      0x143c ; _printf_fp_dec_real + 154
        0x0000140a:    f1b80f67    ..g.    CMP      r8,#0x67
        0x0000140e:    d170        p.      BNE      0x14f2 ; _printf_fp_dec_real + 336
        0x00001410:    e031        1.      B        0x1476 ; _printf_fp_dec_real + 212
        0x00001412:    2000        .       MOVS     r0,#0
        0x00001414:    f1b90f11    ....    CMP      r9,#0x11
        0x00001418:    9000        ..      STR      r0,[sp,#0]
        0x0000141a:    db01        ..      BLT      0x1420 ; _printf_fp_dec_real + 126
        0x0000141c:    2311        .#      MOVS     r3,#0x11
        0x0000141e:    e001        ..      B        0x1424 ; _printf_fp_dec_real + 130
        0x00001420:    f1090301    ....    ADD      r3,r9,#1
        0x00001424:    aa0a        ..      ADD      r2,sp,#0x28
        0x00001426:    a901        ..      ADD      r1,sp,#4
        0x00001428:    a80c        ..      ADD      r0,sp,#0x30
        0x0000142a:    f7fffee2    ....    BL       _fp_digits ; 0x11f2
        0x0000142e:    e9dd700c    ...p    LDRD     r7,r0,[sp,#0x30]
        0x00001432:    2600        .&      MOVS     r6,#0
        0x00001434:    f1090501    ....    ADD      r5,r9,#1
        0x00001438:    4683        .F      MOV      r11,r0
        0x0000143a:    e047        G.      B        0x14cc ; _printf_fp_dec_real + 298
        0x0000143c:    2001        .       MOVS     r0,#1
        0x0000143e:    464b        KF      MOV      r3,r9
        0x00001440:    9000        ..      STR      r0,[sp,#0]
        0x00001442:    f04f4700    O..G    MOV      r7,#0x80000000
        0x00001446:    aa0a        ..      ADD      r2,sp,#0x28
        0x00001448:    a901        ..      ADD      r1,sp,#4
        0x0000144a:    a80c        ..      ADD      r0,sp,#0x30
        0x0000144c:    f7fffed1    ....    BL       _fp_digits ; 0x11f2
        0x00001450:    e9ddb00d    ....    LDRD     r11,r0,[sp,#0x34]
        0x00001454:    990c        ..      LDR      r1,[sp,#0x30]
        0x00001456:    465d        ]F      MOV      r5,r11
        0x00001458:    2600        .&      MOVS     r6,#0
        0x0000145a:    b910        ..      CBNZ     r0,0x1462 ; _printf_fp_dec_real + 192
        0x0000145c:    f1090001    ....    ADD      r0,r9,#1
        0x00001460:    180d        ..      ADDS     r5,r1,r0
        0x00001462:    ebb90005    ....    SUBS     r0,r9,r5
        0x00001466:    d403        ..      BMI      0x1470 ; _printf_fp_dec_real + 206
        0x00001468:    f1c036ff    ...6    RSB      r6,r0,#0xffffffff
        0x0000146c:    f1090501    ....    ADD      r5,r9,#1
        0x00001470:    eba50009    ....    SUB      r0,r5,r9
        0x00001474:    e02b        +.      B        0x14ce ; _printf_fp_dec_real + 300
        0x00001476:    f1b90f01    ....    CMP      r9,#1
        0x0000147a:    da01        ..      BGE      0x1480 ; _printf_fp_dec_real + 222
        0x0000147c:    f04f0901    O...    MOV      r9,#1
        0x00001480:    2000        .       MOVS     r0,#0
        0x00001482:    f1b90f11    ....    CMP      r9,#0x11
        0x00001486:    9000        ..      STR      r0,[sp,#0]
        0x00001488:    4648        HF      MOV      r0,r9
        0x0000148a:    dd01        ..      BLE      0x1490 ; _printf_fp_dec_real + 238
        0x0000148c:    2311        .#      MOVS     r3,#0x11
        0x0000148e:    e000        ..      B        0x1492 ; _printf_fp_dec_real + 240
        0x00001490:    4603        .F      MOV      r3,r0
        0x00001492:    aa0a        ..      ADD      r2,sp,#0x28
        0x00001494:    a901        ..      ADD      r1,sp,#4
        0x00001496:    a80c        ..      ADD      r0,sp,#0x30
        0x00001498:    f7fffeab    ....    BL       _fp_digits ; 0x11f2
        0x0000149c:    e9dd700c    ...p    LDRD     r7,r0,[sp,#0x30]
        0x000014a0:    464d        MF      MOV      r5,r9
        0x000014a2:    2600        .&      MOVS     r6,#0
        0x000014a4:    4683        .F      MOV      r11,r0
        0x000014a6:    7820         x      LDRB     r0,[r4,#0]
        0x000014a8:    0700        ..      LSLS     r0,r0,#28
        0x000014aa:    d40a        ..      BMI      0x14c2 ; _printf_fp_dec_real + 288
        0x000014ac:    45ab        .E      CMP      r11,r5
        0x000014ae:    da00        ..      BGE      0x14b2 ; _printf_fp_dec_real + 272
        0x000014b0:    465d        ]F      MOV      r5,r11
        0x000014b2:    a801        ..      ADD      r0,sp,#4
        0x000014b4:    2d01        .-      CMP      r5,#1
        0x000014b6:    dd04        ..      BLE      0x14c2 ; _printf_fp_dec_real + 288
        0x000014b8:    1941        A.      ADDS     r1,r0,r5
        0x000014ba:    f8111c01    ....    LDRB     r1,[r1,#-1]
        0x000014be:    2930        0)      CMP      r1,#0x30
        0x000014c0:    d007        ..      BEQ      0x14d2 ; _printf_fp_dec_real + 304
        0x000014c2:    454f        OE      CMP      r7,r9
        0x000014c4:    da02        ..      BGE      0x14cc ; _printf_fp_dec_real + 298
        0x000014c6:    f1170f04    ....    CMN      r7,#4
        0x000014ca:    da04        ..      BGE      0x14d6 ; _printf_fp_dec_real + 308
        0x000014cc:    2001        .       MOVS     r0,#1
        0x000014ce:    4682        .F      MOV      r10,r0
        0x000014d0:    e00f        ..      B        0x14f2 ; _printf_fp_dec_real + 336
        0x000014d2:    1e6d        m.      SUBS     r5,r5,#1
        0x000014d4:    e7ee        ..      B        0x14b4 ; _printf_fp_dec_real + 274
        0x000014d6:    2f00        ./      CMP      r7,#0
        0x000014d8:    dc02        ..      BGT      0x14e0 ; _printf_fp_dec_real + 318
        0x000014da:    1bed        ..      SUBS     r5,r5,r7
        0x000014dc:    443e        >D      ADD      r6,r6,r7
        0x000014de:    e003        ..      B        0x14e8 ; _printf_fp_dec_real + 326
        0x000014e0:    1c78        x.      ADDS     r0,r7,#1
        0x000014e2:    42a8        .B      CMP      r0,r5
        0x000014e4:    dd00        ..      BLE      0x14e8 ; _printf_fp_dec_real + 326
        0x000014e6:    1c7d        }.      ADDS     r5,r7,#1
        0x000014e8:    1bb8        ..      SUBS     r0,r7,r6
        0x000014ea:    f1000a01    ....    ADD      r10,r0,#1
        0x000014ee:    f04f4700    O..G    MOV      r7,#0x80000000
        0x000014f2:    7820         x      LDRB     r0,[r4,#0]
        0x000014f4:    0700        ..      LSLS     r0,r0,#28
        0x000014f6:    d403        ..      BMI      0x1500 ; _printf_fp_dec_real + 350
        0x000014f8:    45aa        .E      CMP      r10,r5
        0x000014fa:    db01        ..      BLT      0x1500 ; _printf_fp_dec_real + 350
        0x000014fc:    f04f3aff    O..:    MOV      r10,#0xffffffff
        0x00001500:    2100        .!      MOVS     r1,#0
        0x00001502:    f1b74f00    ...O    CMP      r7,#0x80000000
        0x00001506:    f10d0843    ..C.    ADD      r8,sp,#0x43
        0x0000150a:    f88d1043    ..C.    STRB     r1,[sp,#0x43]
        0x0000150e:    d024        $.      BEQ      0x155a ; _printf_fp_dec_real + 440
        0x00001510:    2002        .       MOVS     r0,#2
        0x00001512:    232b        +#      MOVS     r3,#0x2b
        0x00001514:    2f00        ./      CMP      r7,#0
        0x00001516:    da01        ..      BGE      0x151c ; _printf_fp_dec_real + 378
        0x00001518:    427f        .B      RSBS     r7,r7,#0
        0x0000151a:    232d        -#      MOVS     r3,#0x2d
        0x0000151c:    210a        .!      MOVS     r1,#0xa
        0x0000151e:    1e02        ..      SUBS     r2,r0,#0
        0x00001520:    f1a00001    ....    SUB      r0,r0,#1
        0x00001524:    dc00        ..      BGT      0x1528 ; _printf_fp_dec_real + 390
        0x00001526:    b15f        _.      CBZ      r7,0x1540 ; _printf_fp_dec_real + 414
        0x00001528:    fb97fcf1    ....    SDIV     r12,r7,r1
        0x0000152c:    fb97f2f1    ....    SDIV     r2,r7,r1
        0x00001530:    fb017c1c    ...|    MLS      r12,r1,r12,r7
        0x00001534:    4617        .F      MOV      r7,r2
        0x00001536:    f10c0c30    ..0.    ADD      r12,r12,#0x30
        0x0000153a:    f808cd01    ....    STRB     r12,[r8,#-1]!
        0x0000153e:    e7ee        ..      B        0x151e ; _printf_fp_dec_real + 380
        0x00001540:    f1a80001    ....    SUB      r0,r8,#1
        0x00001544:    7003        .p      STRB     r3,[r0,#0]
        0x00001546:    8821        !.      LDRH     r1,[r4,#0]
        0x00001548:    0509        ..      LSLS     r1,r1,#20
        0x0000154a:    d501        ..      BPL      0x1550 ; _printf_fp_dec_real + 430
        0x0000154c:    2145        E!      MOVS     r1,#0x45
        0x0000154e:    e000        ..      B        0x1552 ; _printf_fp_dec_real + 432
        0x00001550:    2165        e!      MOVS     r1,#0x65
        0x00001552:    f1a00801    ....    SUB      r8,r0,#1
        0x00001556:    f8001c01    ....    STRB     r1,[r0,#-1]
        0x0000155a:    9809        ..      LDR      r0,[sp,#0x24]
        0x0000155c:    a90f        ..      ADD      r1,sp,#0x3c
        0x0000155e:    eba10708    ....    SUB      r7,r1,r8
        0x00001562:    1dff        ..      ADDS     r7,r7,#7
        0x00001564:    b100        ..      CBZ      r0,0x1568 ; _printf_fp_dec_real + 454
        0x00001566:    2001        .       MOVS     r0,#1
        0x00001568:    1941        A.      ADDS     r1,r0,r5
        0x0000156a:    eb0170ea    ...p    ADD      r0,r1,r10,ASR #31
        0x0000156e:    69a1        .i      LDR      r1,[r4,#0x18]
        0x00001570:    4438        8D      ADD      r0,r0,r7
        0x00001572:    1a08        ..      SUBS     r0,r1,r0
        0x00001574:    1e40        @.      SUBS     r0,r0,#1
        0x00001576:    61a0        .a      STR      r0,[r4,#0x18]
        0x00001578:    7820         x      LDRB     r0,[r4,#0]
        0x0000157a:    06c0        ..      LSLS     r0,r0,#27
        0x0000157c:    d402        ..      BMI      0x1584 ; _printf_fp_dec_real + 482
        0x0000157e:    4620         F      MOV      r0,r4
        0x00001580:    f7fffacb    ....    BL       _printf_pre_padding ; 0xb1a
        0x00001584:    9809        ..      LDR      r0,[sp,#0x24]
        0x00001586:    b128        (.      CBZ      r0,0x1594 ; _printf_fp_dec_real + 498
        0x00001588:    e9d42101    ...!    LDRD     r2,r1,[r4,#4]
        0x0000158c:    4790        .G      BLX      r2
        0x0000158e:    6a20         j      LDR      r0,[r4,#0x20]
        0x00001590:    1c40        @.      ADDS     r0,r0,#1
        0x00001592:    6220         b      STR      r0,[r4,#0x20]
        0x00001594:    7820         x      LDRB     r0,[r4,#0]
        0x00001596:    06c0        ..      LSLS     r0,r0,#27
        0x00001598:    d522        ".      BPL      0x15e0 ; _printf_fp_dec_real + 574
        0x0000159a:    4620         F      MOV      r0,r4
        0x0000159c:    f7fffabd    ....    BL       _printf_pre_padding ; 0xb1a
        0x000015a0:    e01e        ..      B        0x15e0 ; _printf_fp_dec_real + 574
        0x000015a2:    2e00        ..      CMP      r6,#0
        0x000015a4:    db04        ..      BLT      0x15b0 ; _printf_fp_dec_real + 526
        0x000015a6:    45b3        .E      CMP      r11,r6
        0x000015a8:    dd02        ..      BLE      0x15b0 ; _printf_fp_dec_real + 526
        0x000015aa:    a801        ..      ADD      r0,sp,#4
        0x000015ac:    5d80        .]      LDRB     r0,[r0,r6]
        0x000015ae:    e000        ..      B        0x15b2 ; _printf_fp_dec_real + 528
        0x000015b0:    2030        0       MOVS     r0,#0x30
        0x000015b2:    e9d42101    ...!    LDRD     r2,r1,[r4,#4]
        0x000015b6:    4790        .G      BLX      r2
        0x000015b8:    6a20         j      LDR      r0,[r4,#0x20]
        0x000015ba:    1c40        @.      ADDS     r0,r0,#1
        0x000015bc:    6220         b      STR      r0,[r4,#0x20]
        0x000015be:    1c76        v.      ADDS     r6,r6,#1
        0x000015c0:    f1aa0001    ....    SUB      r0,r10,#1
        0x000015c4:    ea5f0a00    _...    MOVS     r10,r0
        0x000015c8:    d10a        ..      BNE      0x15e0 ; _printf_fp_dec_real + 574
        0x000015ca:    f000fa13    ....    BL       __rt_locale ; 0x19f4
        0x000015ce:    68c0        .h      LDR      r0,[r0,#0xc]
        0x000015d0:    6801        .h      LDR      r1,[r0,#0]
        0x000015d2:    5c40        @\      LDRB     r0,[r0,r1]
        0x000015d4:    e9d42101    ...!    LDRD     r2,r1,[r4,#4]
        0x000015d8:    4790        .G      BLX      r2
        0x000015da:    6a20         j      LDR      r0,[r4,#0x20]
        0x000015dc:    1c40        @.      ADDS     r0,r0,#1
        0x000015de:    6220         b      STR      r0,[r4,#0x20]
        0x000015e0:    1e28        (.      SUBS     r0,r5,#0
        0x000015e2:    f1a50501    ....    SUB      r5,r5,#1
        0x000015e6:    dcdc        ..      BGT      0x15a2 ; _printf_fp_dec_real + 512
        0x000015e8:    e007        ..      B        0x15fa ; _printf_fp_dec_real + 600
        0x000015ea:    e9d42101    ...!    LDRD     r2,r1,[r4,#4]
        0x000015ee:    f8180b01    ....    LDRB     r0,[r8],#1
        0x000015f2:    4790        .G      BLX      r2
        0x000015f4:    6a20         j      LDR      r0,[r4,#0x20]
        0x000015f6:    1c40        @.      ADDS     r0,r0,#1
        0x000015f8:    6220         b      STR      r0,[r4,#0x20]
        0x000015fa:    1e38        8.      SUBS     r0,r7,#0
        0x000015fc:    f1a70701    ....    SUB      r7,r7,#1
        0x00001600:    dcf3        ..      BGT      0x15ea ; _printf_fp_dec_real + 584
        0x00001602:    4620         F      MOV      r0,r4
        0x00001604:    f7fffa9f    ....    BL       _printf_post_padding ; 0xb46
        0x00001608:    2003        .       MOVS     r0,#3
        0x0000160a:    b011        ..      ADD      sp,sp,#0x44
        0x0000160c:    e641        A.      B        0x1292 ; _fp_digits + 160
        0x0000160e:    0000        ..      MOVS     r0,r0
    .text
    _printf_fp_hex_real
        0x00001610:    e92d4ff0    -..O    PUSH     {r4-r11,lr}
        0x00001614:    4604        .F      MOV      r4,r0
        0x00001616:    460d        .F      MOV      r5,r1
        0x00001618:    1dd2        ..      ADDS     r2,r2,#7
        0x0000161a:    f0220007    "...    BIC      r0,r2,#7
        0x0000161e:    b089        ..      SUB      sp,sp,#0x24
        0x00001620:    e9d09700    ....    LDRD     r9,r7,[r0,#0]
        0x00001624:    4648        HF      MOV      r0,r9
        0x00001626:    4639        9F      MOV      r1,r7
        0x00001628:    f001fcf2    ....    BL       __ARM_fpclassify ; 0x3010
        0x0000162c:    4602        .F      MOV      r2,r0
        0x0000162e:    0ff8        ..      LSRS     r0,r7,#31
        0x00001630:    d001        ..      BEQ      0x1636 ; _printf_fp_hex_real + 38
        0x00001632:    232d        -#      MOVS     r3,#0x2d
        0x00001634:    e007        ..      B        0x1646 ; _printf_fp_hex_real + 54
        0x00001636:    6820         h      LDR      r0,[r4,#0]
        0x00001638:    0781        ..      LSLS     r1,r0,#30
        0x0000163a:    d501        ..      BPL      0x1640 ; _printf_fp_hex_real + 48
        0x0000163c:    232b        +#      MOVS     r3,#0x2b
        0x0000163e:    e002        ..      B        0x1646 ; _printf_fp_hex_real + 54
        0x00001640:    2120         !      MOVS     r1,#0x20
        0x00001642:    ea0103c0    ....    AND      r3,r1,r0,LSL #3
        0x00001646:    f88d3020    .. 0    STRB     r3,[sp,#0x20]
        0x0000164a:    b10b        ..      CBZ      r3,0x1650 ; _printf_fp_hex_real + 64
        0x0000164c:    2001        .       MOVS     r0,#1
        0x0000164e:    e000        ..      B        0x1652 ; _printf_fp_hex_real + 66
        0x00001650:    2000        .       MOVS     r0,#0
        0x00001652:    2a03        .*      CMP      r2,#3
        0x00001654:    4682        .F      MOV      r10,r0
        0x00001656:    d001        ..      BEQ      0x165c ; _printf_fp_hex_real + 76
        0x00001658:    2a07        .*      CMP      r2,#7
        0x0000165a:    db04        ..      BLT      0x1666 ; _printf_fp_hex_real + 86
        0x0000165c:    4629        )F      MOV      r1,r5
        0x0000165e:    4620         F      MOV      r0,r4
        0x00001660:    f000f9cc    ....    BL       _printf_fp_infnan ; 0x19fc
        0x00001664:    e13f        ?.      B        0x18e6 ; _printf_fp_hex_real + 726
        0x00001666:    7820         x      LDRB     r0,[r4,#0]
        0x00001668:    0680        ..      LSLS     r0,r0,#26
        0x0000166a:    d401        ..      BMI      0x1670 ; _printf_fp_hex_real + 96
        0x0000166c:    250d        .%      MOVS     r5,#0xd
        0x0000166e:    e000        ..      B        0x1672 ; _printf_fp_hex_real + 98
        0x00001670:    69e5        .i      LDR      r5,[r4,#0x1c]
        0x00001672:    f3c7560a    ...V    UBFX     r6,r7,#20,#11
        0x00001676:    2d0d        .-      CMP      r5,#0xd
        0x00001678:    da49        I.      BGE      0x170e ; _printf_fp_hex_real + 254
        0x0000167a:    2100        .!      MOVS     r1,#0
        0x0000167c:    ea4f5b17    O..[    LSR      r11,r7,#20
        0x00001680:    4608        .F      MOV      r0,r1
        0x00001682:    f04f0000    O...    MOV      r0,#0
        0x00001686:    2f00        ./      CMP      r7,#0
        0x00001688:    f4000040    ..@.    AND      r0,r0,#0xc00000
        0x0000168c:    da07        ..      BGE      0x169e ; _printf_fp_hex_real + 142
        0x0000168e:    eb000080    ....    ADD      r0,r0,r0,LSL #2
        0x00001692:    f44f0140    O.@.    MOV      r1,#0xc00000
        0x00001696:    eb0070d0    ...p    ADD      r0,r0,r0,LSR #31
        0x0000169a:    ea010060    ..`.    AND      r0,r1,r0,ASR #1
        0x0000169e:    1581        ..      ASRS     r1,r0,#22
        0x000016a0:    2901        .)      CMP      r1,#1
        0x000016a2:    dd01        ..      BLE      0x16a8 ; _printf_fp_hex_real + 152
        0x000016a4:    f04f31ff    O..1    MOV      r1,#0xffffffff
        0x000016a8:    2200        ."      MOVS     r2,#0
        0x000016aa:    ea4f0c85    O...    LSL      r12,r5,#2
        0x000016ae:    f1bc0f18    ....    CMP      r12,#0x18
        0x000016b2:    d306        ..      BCC      0x16c2 ; _printf_fp_hex_real + 178
        0x000016b4:    4613        .F      MOV      r3,r2
        0x000016b6:    f1ac0018    ....    SUB      r0,r12,#0x18
        0x000016ba:    f04f5280    O..R    MOV      r2,#0x10000000
        0x000016be:    40c2        .@      LSRS     r2,r2,r0
        0x000016c0:    e003        ..      B        0x16ca ; _printf_fp_hex_real + 186
        0x000016c2:    f44f1380    O...    MOV      r3,#0x100000
        0x000016c6:    fa23f30c    #...    LSR      r3,r3,r12
        0x000016ca:    f10c0c0c    ....    ADD      r12,r12,#0xc
        0x000016ce:    f1bc0f20    .. .    CMP      r12,#0x20
        0x000016d2:    d304        ..      BCC      0x16de ; _printf_fp_hex_real + 206
        0x000016d4:    f1ac0c20    .. .    SUB      r12,r12,#0x20
        0x000016d8:    fa09f00c    ....    LSL      r0,r9,r12
        0x000016dc:    e001        ..      B        0x16e2 ; _printf_fp_hex_real + 210
        0x000016de:    fa07f00c    ....    LSL      r0,r7,r12
        0x000016e2:    2900        .)      CMP      r1,#0
        0x000016e4:    f04f4800    O..H    MOV      r8,#0x80000000
        0x000016e8:    dd01        ..      BLE      0x16ee ; _printf_fp_hex_real + 222
        0x000016ea:    b918        ..      CBNZ     r0,0x16f4 ; _printf_fp_hex_real + 228
        0x000016ec:    e00f        ..      B        0x170e ; _printf_fp_hex_real + 254
        0x000016ee:    d10e        ..      BNE      0x170e ; _printf_fp_hex_real + 254
        0x000016f0:    4540        @E      CMP      r0,r8
        0x000016f2:    d30c        ..      BCC      0x170e ; _printf_fp_hex_real + 254
        0x000016f4:    eb190902    ....    ADDS     r9,r9,r2
        0x000016f8:    415f        _A      ADCS     r7,r7,r3
        0x000016fa:    b921        !.      CBNZ     r1,0x1706 ; _printf_fp_hex_real + 246
        0x000016fc:    4540        @E      CMP      r0,r8
        0x000016fe:    d102        ..      BNE      0x1706 ; _printf_fp_hex_real + 246
        0x00001700:    439f        .C      BICS     r7,r7,r3
        0x00001702:    ea290902    )...    BIC      r9,r9,r2
        0x00001706:    ebbb5f17    ..._    CMP      r11,r7,LSR #20
        0x0000170a:    d000        ..      BEQ      0x170e ; _printf_fp_hex_real + 254
        0x0000170c:    1c76        v.      ADDS     r6,r6,#1
        0x0000170e:    8820         .      LDRH     r0,[r4,#0]
        0x00001710:    0500        ..      LSLS     r0,r0,#20
        0x00001712:    d502        ..      BPL      0x171a ; _printf_fp_hex_real + 266
        0x00001714:    487b        {H      LDR      r0,[pc,#492] ; [0x1904] = 0x1a06
        0x00001716:    4478        xD      ADD      r0,r0,pc
        0x00001718:    e002        ..      B        0x1720 ; _printf_fp_hex_real + 272
        0x0000171a:    487a        zH      LDR      r0,[pc,#488] ; [0x1904] = 0x1a06
        0x0000171c:    4478        xD      ADD      r0,r0,pc
        0x0000171e:    3819        .8      SUBS     r0,r0,#0x19
        0x00001720:    aa08        ..      ADD      r2,sp,#0x20
        0x00001722:    2330        0#      MOVS     r3,#0x30
        0x00001724:    f802300a    ...0    STRB     r3,[r2,r10]
        0x00001728:    7c03        .|      LDRB     r3,[r0,#0x10]
        0x0000172a:    f10a0101    ....    ADD      r1,r10,#1
        0x0000172e:    2e00        ..      CMP      r6,#0
        0x00001730:    f10a0a02    ....    ADD      r10,r10,#2
        0x00001734:    5453        ST      STRB     r3,[r2,r1]
        0x00001736:    466a        jF      MOV      r2,sp
        0x00001738:    dc02        ..      BGT      0x1740 ; _printf_fp_hex_real + 304
        0x0000173a:    f04f0130    O.0.    MOV      r1,#0x30
        0x0000173e:    e001        ..      B        0x1744 ; _printf_fp_hex_real + 308
        0x00001740:    f04f0131    O.1.    MOV      r1,#0x31
        0x00001744:    f04f0801    O...    MOV      r8,#1
        0x00001748:    f88d1000    ....    STRB     r1,[sp,#0]
        0x0000174c:    d002        ..      BEQ      0x1754 ; _printf_fp_hex_real + 324
        0x0000174e:    f2a636ff    ...6    SUB      r6,r6,#0x3ff
        0x00001752:    e003        ..      B        0x175c ; _printf_fp_hex_real + 332
        0x00001754:    ea590147    Y.G.    ORRS     r1,r9,r7,LSL #1
        0x00001758:    d000        ..      BEQ      0x175c ; _printf_fp_hex_real + 332
        0x0000175a:    4e6b        kN      LDR      r6,[pc,#428] ; [0x1908] = 0xfffffc02
        0x0000175c:    2d00        .-      CMP      r5,#0
        0x0000175e:    dc02        ..      BGT      0x1766 ; _printf_fp_hex_real + 342
        0x00001760:    7821        !x      LDRB     r1,[r4,#0]
        0x00001762:    0709        ..      LSLS     r1,r1,#28
        0x00001764:    d504        ..      BPL      0x1770 ; _printf_fp_hex_real + 352
        0x00001766:    f04f0802    O...    MOV      r8,#2
        0x0000176a:    212e        .!      MOVS     r1,#0x2e
        0x0000176c:    f88d1001    ....    STRB     r1,[sp,#1]
        0x00001770:    46c4        .F      MOV      r12,r8
        0x00001772:    2100        .!      MOVS     r1,#0
        0x00001774:    e00b        ..      B        0x178e ; _printf_fp_hex_real + 382
        0x00001776:    f3c74303    ...C    UBFX     r3,r7,#16,#4
        0x0000177a:    013f        ?.      LSLS     r7,r7,#4
        0x0000177c:    5cc3        .\      LDRB     r3,[r0,r3]
        0x0000177e:    1c49        I.      ADDS     r1,r1,#1
        0x00001780:    1e6d        m.      SUBS     r5,r5,#1
        0x00001782:    f8023008    ...0    STRB     r3,[r2,r8]
        0x00001786:    2905        .)      CMP      r1,#5
        0x00001788:    f1080801    ....    ADD      r8,r8,#1
        0x0000178c:    da01        ..      BGE      0x1792 ; _printf_fp_hex_real + 386
        0x0000178e:    2d00        .-      CMP      r5,#0
        0x00001790:    dcf1        ..      BGT      0x1776 ; _printf_fp_hex_real + 358
        0x00001792:    2100        .!      MOVS     r1,#0
        0x00001794:    e00c        ..      B        0x17b0 ; _printf_fp_hex_real + 416
        0x00001796:    eb007319    ...s    ADD      r3,r0,r9,LSR #28
        0x0000179a:    1c49        I.      ADDS     r1,r1,#1
        0x0000179c:    781b        .x      LDRB     r3,[r3,#0]
        0x0000179e:    1e6d        m.      SUBS     r5,r5,#1
        0x000017a0:    2908        .)      CMP      r1,#8
        0x000017a2:    f8023008    ...0    STRB     r3,[r2,r8]
        0x000017a6:    ea4f1909    O...    LSL      r9,r9,#4
        0x000017aa:    f1080801    ....    ADD      r8,r8,#1
        0x000017ae:    da01        ..      BGE      0x17b4 ; _printf_fp_hex_real + 420
        0x000017b0:    2d00        .-      CMP      r5,#0
        0x000017b2:    dcf0        ..      BGT      0x1796 ; _printf_fp_hex_real + 390
        0x000017b4:    6821        !h      LDR      r1,[r4,#0]
        0x000017b6:    068b        ..      LSLS     r3,r1,#26
        0x000017b8:    d502        ..      BPL      0x17c0 ; _printf_fp_hex_real + 432
        0x000017ba:    e016        ..      B        0x17ea ; _printf_fp_hex_real + 474
        0x000017bc:    f1a80801    ....    SUB      r8,r8,#1
        0x000017c0:    45e0        .E      CMP      r8,r12
        0x000017c2:    dd05        ..      BLE      0x17d0 ; _printf_fp_hex_real + 448
        0x000017c4:    eb020308    ....    ADD      r3,r2,r8
        0x000017c8:    f8133c01    ...<    LDRB     r3,[r3,#-1]
        0x000017cc:    2b30        0+      CMP      r3,#0x30
        0x000017ce:    d0f5        ..      BEQ      0x17bc ; _printf_fp_hex_real + 428
        0x000017d0:    f1b80f00    ....    CMP      r8,#0
        0x000017d4:    dd09        ..      BLE      0x17ea ; _printf_fp_hex_real + 474
        0x000017d6:    eb020308    ....    ADD      r3,r2,r8
        0x000017da:    f8133c01    ...<    LDRB     r3,[r3,#-1]
        0x000017de:    2b2e        .+      CMP      r3,#0x2e
        0x000017e0:    d103        ..      BNE      0x17ea ; _printf_fp_hex_real + 474
        0x000017e2:    0709        ..      LSLS     r1,r1,#28
        0x000017e4:    d401        ..      BMI      0x17ea ; _printf_fp_hex_real + 474
        0x000017e6:    f1a80801    ....    SUB      r8,r8,#1
        0x000017ea:    2d00        .-      CMP      r5,#0
        0x000017ec:    dd05        ..      BLE      0x17fa ; _printf_fp_hex_real + 490
        0x000017ee:    213e        >!      MOVS     r1,#0x3e
        0x000017f0:    f8021008    ....    STRB     r1,[r2,r8]
        0x000017f4:    1e6d        m.      SUBS     r5,r5,#1
        0x000017f6:    f1080801    ....    ADD      r8,r8,#1
        0x000017fa:    7c40        @|      LDRB     r0,[r0,#0x11]
        0x000017fc:    2e00        ..      CMP      r6,#0
        0x000017fe:    f8020008    ....    STRB     r0,[r2,r8]
        0x00001802:    f1080801    ....    ADD      r8,r8,#1
        0x00001806:    da04        ..      BGE      0x1812 ; _printf_fp_hex_real + 514
        0x00001808:    202d        -       MOVS     r0,#0x2d
        0x0000180a:    4276        vB      RSBS     r6,r6,#0
        0x0000180c:    f8020008    ....    STRB     r0,[r2,r8]
        0x00001810:    e002        ..      B        0x1818 ; _printf_fp_hex_real + 520
        0x00001812:    202b        +       MOVS     r0,#0x2b
        0x00001814:    f8020008    ....    STRB     r0,[r2,r8]
        0x00001818:    210a        .!      MOVS     r1,#0xa
        0x0000181a:    f44f707a    O.zp    MOV      r0,#0x3e8
        0x0000181e:    4286        .B      CMP      r6,r0
        0x00001820:    f1080801    ....    ADD      r8,r8,#1
        0x00001824:    db0b        ..      BLT      0x183e ; _printf_fp_hex_real + 558
        0x00001826:    fb96f3f0    ....    SDIV     r3,r6,r0
        0x0000182a:    3330        03      ADDS     r3,r3,#0x30
        0x0000182c:    f8023008    ...0    STRB     r3,[r2,r8]
        0x00001830:    fb96f3f0    ....    SDIV     r3,r6,r0
        0x00001834:    f1080801    ....    ADD      r8,r8,#1
        0x00001838:    fb006613    ...f    MLS      r6,r0,r3,r6
        0x0000183c:    e001        ..      B        0x1842 ; _printf_fp_hex_real + 562
        0x0000183e:    2e64        d.      CMP      r6,#0x64
        0x00001840:    db0c        ..      BLT      0x185c ; _printf_fp_hex_real + 588
        0x00001842:    2064        d       MOVS     r0,#0x64
        0x00001844:    fb96f3f0    ....    SDIV     r3,r6,r0
        0x00001848:    3330        03      ADDS     r3,r3,#0x30
        0x0000184a:    f8023008    ...0    STRB     r3,[r2,r8]
        0x0000184e:    fb96f3f0    ....    SDIV     r3,r6,r0
        0x00001852:    f1080801    ....    ADD      r8,r8,#1
        0x00001856:    fb006613    ...f    MLS      r6,r0,r3,r6
        0x0000185a:    e001        ..      B        0x1860 ; _printf_fp_hex_real + 592
        0x0000185c:    2e0a        ..      CMP      r6,#0xa
        0x0000185e:    db06        ..      BLT      0x186e ; _printf_fp_hex_real + 606
        0x00001860:    fb96f0f1    ....    SDIV     r0,r6,r1
        0x00001864:    3030        00      ADDS     r0,r0,#0x30
        0x00001866:    f8020008    ....    STRB     r0,[r2,r8]
        0x0000186a:    f1080801    ....    ADD      r8,r8,#1
        0x0000186e:    fb96f0f1    ....    SDIV     r0,r6,r1
        0x00001872:    fb016010    ...`    MLS      r0,r1,r0,r6
        0x00001876:    3030        00      ADDS     r0,r0,#0x30
        0x00001878:    f8020008    ....    STRB     r0,[r2,r8]
        0x0000187c:    69a1        .i      LDR      r1,[r4,#0x18]
        0x0000187e:    f1080801    ....    ADD      r8,r8,#1
        0x00001882:    eb080205    ....    ADD      r2,r8,r5
        0x00001886:    eb02000a    ....    ADD      r0,r2,r10
        0x0000188a:    1a08        ..      SUBS     r0,r1,r0
        0x0000188c:    61a0        .a      STR      r0,[r4,#0x18]
        0x0000188e:    7820         x      LDRB     r0,[r4,#0]
        0x00001890:    06c0        ..      LSLS     r0,r0,#27
        0x00001892:    d402        ..      BMI      0x189a ; _printf_fp_hex_real + 650
        0x00001894:    4620         F      MOV      r0,r4
        0x00001896:    f7fff940    ..@.    BL       _printf_pre_padding ; 0xb1a
        0x0000189a:    6a21        !j      LDR      r1,[r4,#0x20]
        0x0000189c:    ae08        ..      ADD      r6,sp,#0x20
        0x0000189e:    eb01000a    ....    ADD      r0,r1,r10
        0x000018a2:    6220         b      STR      r0,[r4,#0x20]
        0x000018a4:    e004        ..      B        0x18b0 ; _printf_fp_hex_real + 672
        0x000018a6:    e9d42101    ...!    LDRD     r2,r1,[r4,#4]
        0x000018aa:    f8160b01    ....    LDRB     r0,[r6],#1
        0x000018ae:    4790        .G      BLX      r2
        0x000018b0:    f1ba0a01    ....    SUBS     r10,r10,#1
        0x000018b4:    d2f7        ..      BCS      0x18a6 ; _printf_fp_hex_real + 662
        0x000018b6:    7820         x      LDRB     r0,[r4,#0]
        0x000018b8:    06c0        ..      LSLS     r0,r0,#27
        0x000018ba:    d502        ..      BPL      0x18c2 ; _printf_fp_hex_real + 690
        0x000018bc:    4620         F      MOV      r0,r4
        0x000018be:    f7fff92c    ..,.    BL       _printf_pre_padding ; 0xb1a
        0x000018c2:    466e        nF      MOV      r6,sp
        0x000018c4:    e009        ..      B        0x18da ; _printf_fp_hex_real + 714
        0x000018c6:    f8160b01    ....    LDRB     r0,[r6],#1
        0x000018ca:    283e        >(      CMP      r0,#0x3e
        0x000018cc:    d00f        ..      BEQ      0x18ee ; _printf_fp_hex_real + 734
        0x000018ce:    e9d42101    ...!    LDRD     r2,r1,[r4,#4]
        0x000018d2:    4790        .G      BLX      r2
        0x000018d4:    6a20         j      LDR      r0,[r4,#0x20]
        0x000018d6:    1c40        @.      ADDS     r0,r0,#1
        0x000018d8:    6220         b      STR      r0,[r4,#0x20]
        0x000018da:    f1b80801    ....    SUBS     r8,r8,#1
        0x000018de:    d2f2        ..      BCS      0x18c6 ; _printf_fp_hex_real + 694
        0x000018e0:    4620         F      MOV      r0,r4
        0x000018e2:    f7fff930    ..0.    BL       _printf_post_padding ; 0xb46
        0x000018e6:    b009        ..      ADD      sp,sp,#0x24
        0x000018e8:    2003        .       MOVS     r0,#3
        0x000018ea:    e8bd8ff0    ....    POP      {r4-r11,pc}
        0x000018ee:    6a20         j      LDR      r0,[r4,#0x20]
        0x000018f0:    4428        (D      ADD      r0,r0,r5
        0x000018f2:    6220         b      STR      r0,[r4,#0x20]
        0x000018f4:    e003        ..      B        0x18fe ; _printf_fp_hex_real + 750
        0x000018f6:    e9d42101    ...!    LDRD     r2,r1,[r4,#4]
        0x000018fa:    2030        0       MOVS     r0,#0x30
        0x000018fc:    4790        .G      BLX      r2
        0x000018fe:    1e6d        m.      SUBS     r5,r5,#1
        0x00001900:    d3eb        ..      BCC      0x18da ; _printf_fp_hex_real + 714
        0x00001902:    e7f8        ..      B        0x18f6 ; _printf_fp_hex_real + 742
    $d
        0x00001904:    00001a06    ....    DCD    6662
        0x00001908:    fffffc02    ....    DCD    4294966274
    $t
    .text
    _printf_input_char
        0x0000190c:    6901        .i      LDR      r1,[r0,#0x10]
        0x0000190e:    1c4a        J.      ADDS     r2,r1,#1
        0x00001910:    6102        .a      STR      r2,[r0,#0x10]
        0x00001912:    7808        .x      LDRB     r0,[r1,#0]
        0x00001914:    4770        pG      BX       lr
    _printf_char_common
        0x00001916:    b500        ..      PUSH     {lr}
        0x00001918:    b08f        ..      SUB      sp,sp,#0x3c
        0x0000191a:    e9cd3101    ...1    STRD     r3,r1,[sp,#4]
        0x0000191e:    2100        .!      MOVS     r1,#0
        0x00001920:    9105        ..      STR      r1,[sp,#0x14]
        0x00001922:    4905        .I      LDR      r1,[pc,#20] ; [0x1938] = 0xffffffe5
        0x00001924:    4479        yD      ADD      r1,r1,pc
        0x00001926:    e9cd1003    ....    STRD     r1,r0,[sp,#0xc]
        0x0000192a:    4611        .F      MOV      r1,r2
        0x0000192c:    4668        hF      MOV      r0,sp
        0x0000192e:    f7fffad7    ....    BL       __printf ; 0xee0
        0x00001932:    b00f        ..      ADD      sp,sp,#0x3c
        0x00001934:    bd00        ..      POP      {pc}
    $d
        0x00001936:    0000        ..      DCW    0
        0x00001938:    ffffffe5    ....    DCD    4294967269
    $t
    .text
    _printf_cs_common
        0x0000193c:    b510        ..      PUSH     {r4,lr}
        0x0000193e:    6943        Ci      LDR      r3,[r0,#0x14]
        0x00001940:    b113        ..      CBZ      r3,0x1948 ; _printf_cs_common + 12
        0x00001942:    f3af8000    ....    NOP.W    
        0x00001946:    e001        ..      B        0x194c ; _printf_cs_common + 16
        0x00001948:    f7fff920    .. .    BL       _printf_str ; 0xb8c
        0x0000194c:    2001        .       MOVS     r0,#1
        0x0000194e:    bd10        ..      POP      {r4,pc}
    _printf_char
        0x00001950:    7812        .x      LDRB     r2,[r2,#0]
        0x00001952:    f1000124    ..$.    ADD      r1,r0,#0x24
        0x00001956:    700a        .p      STRB     r2,[r1,#0]
        0x00001958:    2200        ."      MOVS     r2,#0
        0x0000195a:    704a        Jp      STRB     r2,[r1,#1]
        0x0000195c:    2201        ."      MOVS     r2,#1
        0x0000195e:    e7ed        ..      B        _printf_cs_common ; 0x193c
    _printf_string
        0x00001960:    6811        .h      LDR      r1,[r2,#0]
        0x00001962:    f04f32ff    O..2    MOV      r2,#0xffffffff
        0x00001966:    e7e9        ..      B        _printf_cs_common ; 0x193c
    .text
    _printf_lcs_common
        0x00001968:    b510        ..      PUSH     {r4,lr}
        0x0000196a:    6943        Ci      LDR      r3,[r0,#0x14]
        0x0000196c:    b113        ..      CBZ      r3,0x1974 ; _printf_lcs_common + 12
        0x0000196e:    f3af8000    ....    NOP.W    
        0x00001972:    e001        ..      B        0x1978 ; _printf_lcs_common + 16
        0x00001974:    f7fff996    ....    BL       _printf_wctomb ; 0xca4
        0x00001978:    2001        .       MOVS     r0,#1
        0x0000197a:    bd10        ..      POP      {r4,pc}
    _printf_wchar
        0x0000197c:    8812        ..      LDRH     r2,[r2,#0]
        0x0000197e:    f1000124    ..$.    ADD      r1,r0,#0x24
        0x00001982:    8482        ..      STRH     r2,[r0,#0x24]
        0x00001984:    2200        ."      MOVS     r2,#0
        0x00001986:    84c2        ..      STRH     r2,[r0,#0x26]
        0x00001988:    2201        ."      MOVS     r2,#1
        0x0000198a:    e7ed        ..      B        _printf_lcs_common ; 0x1968
    _printf_wstring
        0x0000198c:    6811        .h      LDR      r1,[r2,#0]
        0x0000198e:    f04f32ff    O..2    MOV      r2,#0xffffffff
        0x00001992:    e7e9        ..      B        _printf_lcs_common ; 0x1968
    .text
    ferror
        0x00001994:    7b00        .{      LDRB     r0,[r0,#0xc]
        0x00001996:    f0000080    ....    AND      r0,r0,#0x80
        0x0000199a:    4770        pG      BX       lr
    .text
    _c16rtomb
    _wcrtomb
        0x0000199c:    e92d41f0    -..A    PUSH     {r4-r8,lr}
        0x000019a0:    4616        .F      MOV      r6,r2
        0x000019a2:    460c        .F      MOV      r4,r1
        0x000019a4:    4605        .F      MOV      r5,r0
        0x000019a6:    f000f81d    ....    BL       __rt_ctype_table ; 0x19e4
        0x000019aa:    6803        .h      LDR      r3,[r0,#0]
        0x000019ac:    f8930101    ....    LDRB     r0,[r3,#0x101]
        0x000019b0:    2801        .(      CMP      r0,#1
        0x000019b2:    d007        ..      BEQ      0x19c4 ; _c16rtomb + 40
        0x000019b4:    2cff        .,      CMP      r4,#0xff
        0x000019b6:    d812        ..      BHI      0x19de ; _c16rtomb + 66
        0x000019b8:    5d18        .]      LDRB     r0,[r3,r4]
        0x000019ba:    b180        ..      CBZ      r0,0x19de ; _c16rtomb + 66
        0x000019bc:    2001        .       MOVS     r0,#1
        0x000019be:    702c        ,p      STRB     r4,[r5,#0]
        0x000019c0:    e8bd81f0    ....    POP      {r4-r8,pc}
        0x000019c4:    f8d30107    ....    LDR      r0,[r3,#0x107]
        0x000019c8:    4632        2F      MOV      r2,r6
        0x000019ca:    4621        !F      MOV      r1,r4
        0x000019cc:    f2031307    ....    ADD      r3,r3,#0x107
        0x000019d0:    18c7        ..      ADDS     r7,r0,r3
        0x000019d2:    4628        (F      MOV      r0,r5
        0x000019d4:    46bc        .F      MOV      r12,r7
        0x000019d6:    e8bd41f0    ...A    POP      {r4-r8,lr}
        0x000019da:    2300        .#      MOVS     r3,#0
        0x000019dc:    4760        `G      BX       r12
        0x000019de:    f04f30ff    O..0    MOV      r0,#0xffffffff
        0x000019e2:    e7ed        ..      B        0x19c0 ; _c16rtomb + 36
    .text
    __rt_ctype_table
        0x000019e4:    b510        ..      PUSH     {r4,lr}
        0x000019e6:    f000f805    ....    BL       __rt_locale ; 0x19f4
        0x000019ea:    1d00        ..      ADDS     r0,r0,#4
        0x000019ec:    bd10        ..      POP      {r4,pc}
        0x000019ee:    bf00        ..      NOP      
    $d
        0x000019f0:    0000168d    ....    DCD    5773
    $t
    .text
    __rt_locale
        0x000019f4:    4800        .H      LDR      r0,[pc,#0] ; [0x19f8] = 0x20000050
        0x000019f6:    4770        pG      BX       lr
    $d
        0x000019f8:    20000050    P..     DCD    536870992
    $t
    .text
    _printf_fp_infnan
        0x000019fc:    e92d41f0    -..A    PUSH     {r4-r8,lr}
        0x00001a00:    461f        .F      MOV      r7,r3
        0x00001a02:    4604        .F      MOV      r4,r0
        0x00001a04:    2603        .&      MOVS     r6,#3
        0x00001a06:    6801        .h      LDR      r1,[r0,#0]
        0x00001a08:    2a07        .*      CMP      r2,#7
        0x00001a0a:    f4016000    ...`    AND      r0,r1,#0x800
        0x00001a0e:    db04        ..      BLT      0x1a1a ; _printf_fp_infnan + 30
        0x00001a10:    b108        ..      CBZ      r0,0x1a16 ; _printf_fp_infnan + 26
        0x00001a12:    a516        ..      ADR      r5,{pc}+0x5a ; 0x1a6c
        0x00001a14:    e005        ..      B        0x1a22 ; _printf_fp_infnan + 38
        0x00001a16:    a516        ..      ADR      r5,{pc}+0x5a ; 0x1a70
        0x00001a18:    e003        ..      B        0x1a22 ; _printf_fp_infnan + 38
        0x00001a1a:    b108        ..      CBZ      r0,0x1a20 ; _printf_fp_infnan + 36
        0x00001a1c:    a515        ..      ADR      r5,{pc}+0x58 ; 0x1a74
        0x00001a1e:    e000        ..      B        0x1a22 ; _printf_fp_infnan + 38
        0x00001a20:    a515        ..      ADR      r5,{pc}+0x58 ; 0x1a78
        0x00001a22:    f0210010    !...    BIC      r0,r1,#0x10
        0x00001a26:    6020         `      STR      r0,[r4,#0]
        0x00001a28:    69a0        .i      LDR      r0,[r4,#0x18]
        0x00001a2a:    1ec0        ..      SUBS     r0,r0,#3
        0x00001a2c:    61a0        .a      STR      r0,[r4,#0x18]
        0x00001a2e:    b10f        ..      CBZ      r7,0x1a34 ; _printf_fp_infnan + 56
        0x00001a30:    1e40        @.      SUBS     r0,r0,#1
        0x00001a32:    61a0        .a      STR      r0,[r4,#0x18]
        0x00001a34:    4620         F      MOV      r0,r4
        0x00001a36:    f7fff870    ..p.    BL       _printf_pre_padding ; 0xb1a
        0x00001a3a:    b14f        O.      CBZ      r7,0x1a50 ; _printf_fp_infnan + 84
        0x00001a3c:    e9d42101    ...!    LDRD     r2,r1,[r4,#4]
        0x00001a40:    4638        8F      MOV      r0,r7
        0x00001a42:    4790        .G      BLX      r2
        0x00001a44:    6a20         j      LDR      r0,[r4,#0x20]
        0x00001a46:    1c40        @.      ADDS     r0,r0,#1
        0x00001a48:    6220         b      STR      r0,[r4,#0x20]
        0x00001a4a:    1cc0        ..      ADDS     r0,r0,#3
        0x00001a4c:    6220         b      STR      r0,[r4,#0x20]
        0x00001a4e:    e006        ..      B        0x1a5e ; _printf_fp_infnan + 98
        0x00001a50:    6a20         j      LDR      r0,[r4,#0x20]
        0x00001a52:    e7fa        ..      B        0x1a4a ; _printf_fp_infnan + 78
        0x00001a54:    e9d42101    ...!    LDRD     r2,r1,[r4,#4]
        0x00001a58:    f8150b01    ....    LDRB     r0,[r5],#1
        0x00001a5c:    4790        .G      BLX      r2
        0x00001a5e:    1e76        v.      SUBS     r6,r6,#1
        0x00001a60:    d2f8        ..      BCS      0x1a54 ; _printf_fp_infnan + 88
        0x00001a62:    4620         F      MOV      r0,r4
        0x00001a64:    f7fff86f    ..o.    BL       _printf_post_padding ; 0xb46
        0x00001a68:    e8bd81f0    ....    POP      {r4-r8,pc}
    $d
        0x00001a6c:    004e414e    NAN.    DCD    5128526
        0x00001a70:    006e616e    nan.    DCD    7233902
        0x00001a74:    00464e49    INF.    DCD    4607561
        0x00001a78:    00666e69    inf.    DCD    6712937
    $t
    .text
    _btod_etento
        0x00001a7c:    e92d47f0    -..G    PUSH     {r4-r10,lr}
        0x00001a80:    4681        .F      MOV      r9,r0
        0x00001a82:    4616        .F      MOV      r6,r2
        0x00001a84:    b08a        ..      SUB      sp,sp,#0x28
        0x00001a86:    4835        5H      LDR      r0,[pc,#212] ; [0x1b5c] = 0x1724
        0x00001a88:    4478        xD      ADD      r0,r0,pc
        0x00001a8a:    c80d        ..      LDM      r0,{r0,r2,r3}
        0x00001a8c:    e88d000d    ....    STM      sp,{r0,r2,r3}
        0x00001a90:    4832        2H      LDR      r0,[pc,#200] ; [0x1b5c] = 0x1724
        0x00001a92:    4478        xD      ADD      r0,r0,pc
        0x00001a94:    1c80        ..      ADDS     r0,r0,#2
        0x00001a96:    ac03        ..      ADD      r4,sp,#0xc
        0x00001a98:    c80d        ..      LDM      r0,{r0,r2,r3}
        0x00001a9a:    e884000d    ....    STM      r4,{r0,r2,r3}
        0x00001a9e:    f641309b    A..0    MOV      r0,#0x1b9b
        0x00001aa2:    4408        .D      ADD      r0,r0,r1
        0x00001aa4:    2137        7!      MOVS     r1,#0x37
        0x00001aa6:    fb90f2f1    ....    SDIV     r2,r0,r1
        0x00001aaa:    fb90f5f1    ....    SDIV     r5,r0,r1
        0x00001aae:    f1a50580    ....    SUB      r5,r5,#0x80
        0x00001ab2:    fb010412    ....    MLS      r4,r1,r2,r0
        0x00001ab6:    3c1b        .<      SUBS     r4,r4,#0x1b
        0x00001ab8:    d502        ..      BPL      0x1ac0 ; _btod_etento + 68
        0x00001aba:    4264        dB      RSBS     r4,r4,#0
        0x00001abc:    2001        .       MOVS     r0,#1
        0x00001abe:    e000        ..      B        0x1ac2 ; _btod_etento + 70
        0x00001ac0:    2000        .       MOVS     r0,#0
        0x00001ac2:    f8dfa098    ....    LDR      r10,[pc,#152] ; [0x1b5c] = 0x1724
        0x00001ac6:    4680        .F      MOV      r8,r0
        0x00001ac8:    2700        .'      MOVS     r7,#0
        0x00001aca:    44fa        .D      ADD      r10,r10,pc
        0x00001acc:    f1aa0abe    ....    SUB      r10,r10,#0xbe
        0x00001ad0:    e00e        ..      B        0x1af0 ; _btod_etento + 116
        0x00001ad2:    07e0        ..      LSLS     r0,r4,#31
        0x00001ad4:    d00a        ..      BEQ      0x1aec ; _btod_etento + 112
        0x00001ad6:    4632        2F      MOV      r2,r6
        0x00001ad8:    4668        hF      MOV      r0,sp
        0x00001ada:    eb070147    ..G.    ADD      r1,r7,r7,LSL #1
        0x00001ade:    2301        .#      MOVS     r3,#1
        0x00001ae0:    eb0a0181    ....    ADD      r1,r10,r1,LSL #2
        0x00001ae4:    f001f95d    ..].    BL       _btod_emul ; 0x2da2
        0x00001ae8:    e88d0007    ....    STM      sp,{r0-r2}
        0x00001aec:    1064        d.      ASRS     r4,r4,#1
        0x00001aee:    1c7f        ..      ADDS     r7,r7,#1
        0x00001af0:    2c00        .,      CMP      r4,#0
        0x00001af2:    d1ee        ..      BNE      0x1ad2 ; _btod_etento + 86
        0x00001af4:    4f19        .O      LDR      r7,[pc,#100] ; [0x1b5c] = 0x1724
        0x00001af6:    447f        .D      ADD      r7,r7,pc
        0x00001af8:    3fae        .?      SUBS     r7,r7,#0xae
        0x00001afa:    e019        ..      B        0x1b30 ; _btod_etento + 180
        0x00001afc:    07e8        ..      LSLS     r0,r5,#31
        0x00001afe:    d015        ..      BEQ      0x1b2c ; _btod_etento + 176
        0x00001b00:    eb071004    ....    ADD      r0,r7,r4,LSL #4
        0x00001b04:    f10d0a18    ....    ADD      r10,sp,#0x18
        0x00001b08:    e890000e    ....    LDM      r0,{r1-r3}
        0x00001b0c:    e88a000e    ....    STM      r10,{r1-r3}
        0x00001b10:    68c0        .h      LDR      r0,[r0,#0xc]
        0x00001b12:    42f0        .B      CMN      r0,r6
        0x00001b14:    d101        ..      BNE      0x1b1a ; _btod_etento + 158
        0x00001b16:    1998        ..      ADDS     r0,r3,r6
        0x00001b18:    9008        ..      STR      r0,[sp,#0x20]
        0x00001b1a:    4632        2F      MOV      r2,r6
        0x00001b1c:    2301        .#      MOVS     r3,#1
        0x00001b1e:    a906        ..      ADD      r1,sp,#0x18
        0x00001b20:    a803        ..      ADD      r0,sp,#0xc
        0x00001b22:    f001f93e    ..>.    BL       _btod_emul ; 0x2da2
        0x00001b26:    ab03        ..      ADD      r3,sp,#0xc
        0x00001b28:    e8830007    ....    STM      r3,{r0-r2}
        0x00001b2c:    106d        m.      ASRS     r5,r5,#1
        0x00001b2e:    1c64        d.      ADDS     r4,r4,#1
        0x00001b30:    2d00        .-      CMP      r5,#0
        0x00001b32:    d1e3        ..      BNE      0x1afc ; _btod_etento + 128
        0x00001b34:    f04f0301    O...    MOV      r3,#1
        0x00001b38:    4632        2F      MOV      r2,r6
        0x00001b3a:    4669        iF      MOV      r1,sp
        0x00001b3c:    f1b80f00    ....    CMP      r8,#0
        0x00001b40:    a803        ..      ADD      r0,sp,#0xc
        0x00001b42:    d002        ..      BEQ      0x1b4a ; _btod_etento + 206
        0x00001b44:    f001f918    ....    BL       _btod_ediv ; 0x2d78
        0x00001b48:    e001        ..      B        0x1b4e ; _btod_etento + 210
        0x00001b4a:    f001f92a    ..*.    BL       _btod_emul ; 0x2da2
        0x00001b4e:    e9c90100    ....    STRD     r0,r1,[r9,#0]
        0x00001b52:    f8c92008    ...     STR      r2,[r9,#8]
        0x00001b56:    b00a        ..      ADD      sp,sp,#0x28
        0x00001b58:    e8bd87f0    ....    POP      {r4-r10,pc}
    $d
        0x00001b5c:    00001724    $...    DCD    5924
    $t
    .text
    exit
        0x00001b60:    b510        ..      PUSH     {r4,lr}
        0x00001b62:    4604        .F      MOV      r4,r0
        0x00001b64:    f3af8000    ....    NOP.W    
        0x00001b68:    4620         F      MOV      r0,r4
        0x00001b6a:    e8bd4010    ...@    POP      {r4,lr}
        0x00001b6e:    f7febf35    ..5.    B        __rt_exit ; 0x9dc
        0x00001b72:    0000        ..      MOVS     r0,r0
        0x00001b74:    0000        ..      MOVS     r0,r0
        0x00001b76:    0000        ..      MOVS     r0,r0
    .text
    strcmp
        0x00001b78:    b430        0.      PUSH     {r4,r5}
        0x00001b7a:    f04f3c01    O..<    MOV      r12,#0x1010101
        0x00001b7e:    f8502b04    P..+    LDR      r2,[r0],#4
        0x00001b82:    f8513b04    Q..;    LDR      r3,[r1],#4
        0x00001b86:    faccf452    ..R.    UQSUB8   r4,r12,r2
        0x00001b8a:    1ad5        ..      SUBS     r5,r2,r3
        0x00001b8c:    d120         .      BNE      0x1bd0 ; strcmp + 88
        0x00001b8e:    b9fc        ..      CBNZ     r4,0x1bd0 ; strcmp + 88
        0x00001b90:    f8502b04    P..+    LDR      r2,[r0],#4
        0x00001b94:    f8513b04    Q..;    LDR      r3,[r1],#4
        0x00001b98:    faccf452    ..R.    UQSUB8   r4,r12,r2
        0x00001b9c:    1ad5        ..      SUBS     r5,r2,r3
        0x00001b9e:    d117        ..      BNE      0x1bd0 ; strcmp + 88
        0x00001ba0:    b9b4        ..      CBNZ     r4,0x1bd0 ; strcmp + 88
        0x00001ba2:    f8502b04    P..+    LDR      r2,[r0],#4
        0x00001ba6:    f8513b04    Q..;    LDR      r3,[r1],#4
        0x00001baa:    faccf452    ..R.    UQSUB8   r4,r12,r2
        0x00001bae:    1ad5        ..      SUBS     r5,r2,r3
        0x00001bb0:    d10e        ..      BNE      0x1bd0 ; strcmp + 88
        0x00001bb2:    b96c        l.      CBNZ     r4,0x1bd0 ; strcmp + 88
        0x00001bb4:    f8502b04    P..+    LDR      r2,[r0],#4
        0x00001bb8:    f8513b04    Q..;    LDR      r3,[r1],#4
        0x00001bbc:    faccf452    ..R.    UQSUB8   r4,r12,r2
        0x00001bc0:    1ad5        ..      SUBS     r5,r2,r3
        0x00001bc2:    d105        ..      BNE      0x1bd0 ; strcmp + 88
        0x00001bc4:    2c00        .,      CMP      r4,#0
        0x00001bc6:    d0da        ..      BEQ      0x1b7e ; strcmp + 6
        0x00001bc8:    bc30        0.      POP      {r4,r5}
        0x00001bca:    f04f0000    O...    MOV      r0,#0
        0x00001bce:    4770        pG      BX       lr
        0x00001bd0:    ba29        ).      REV      r1,r5
        0x00001bd2:    fab1f181    ....    CLZ      r1,r1
        0x00001bd6:    f0110118    ....    ANDS     r1,r1,#0x18
        0x00001bda:    f1d10020    .. .    RSBS     r0,r1,#0x20
        0x00001bde:    4084        .@      LSLS     r4,r4,r0
        0x00001be0:    d1f2        ..      BNE      0x1bc8 ; strcmp + 80
        0x00001be2:    40ca        .@      LSRS     r2,r2,r1
        0x00001be4:    40cb        .@      LSRS     r3,r3,r1
        0x00001be6:    f01202ff    ....    ANDS     r2,r2,#0xff
        0x00001bea:    f01303ff    ....    ANDS     r3,r3,#0xff
        0x00001bee:    bc30        0.      POP      {r4,r5}
        0x00001bf0:    1ad0        ..      SUBS     r0,r2,r3
        0x00001bf2:    4770        pG      BX       lr
    .text
    __I$use$semihosting
    __use_no_semihosting_swi
        0x00001bf4:    4770        pG      BX       lr
    .text
    __semihosting_library_function
        0x00001bf6:    0000        ..      MOVS     r0,r0
    .text
    _sys_exit
        0x00001bf8:    4901        .I      LDR      r1,[pc,#4] ; [0x1c00] = 0x20026
        0x00001bfa:    2018        .       MOVS     r0,#0x18
        0x00001bfc:    beab        ..      BKPT     #0xab
        0x00001bfe:    e7fe        ..      B        0x1bfe ; _sys_exit + 6
    $d
        0x00001c00:    00020026    &...    DCD    131110
    $t.9
    Flash_PageRead
        0x00001c04:    b580        ..      PUSH     {r7,lr}
        0x00001c06:    b086        ..      SUB      sp,sp,#0x18
        0x00001c08:    9005        ..      STR      r0,[sp,#0x14]
        0x00001c0a:    9104        ..      STR      r1,[sp,#0x10]
        0x00001c0c:    9203        ..      STR      r2,[sp,#0xc]
        0x00001c0e:    f8ad300a    ...0    STRH     r3,[sp,#0xa]
        0x00001c12:    2000        .       MOVS     r0,#0
        0x00001c14:    9000        ..      STR      r0,[sp,#0]
        0x00001c16:    9001        ..      STR      r0,[sp,#4]
        0x00001c18:    9805        ..      LDR      r0,[sp,#0x14]
        0x00001c1a:    f8bd100a    ....    LDRH     r1,[sp,#0xa]
        0x00001c1e:    f000fb0b    ....    BL       SSP_Set_ReceiveDataNum ; 0x2238
        0x00001c22:    9805        ..      LDR      r0,[sp,#0x14]
        0x00001c24:    2103        .!      MOVS     r1,#3
        0x00001c26:    f000fafd    ....    BL       SSP_SendData ; 0x2224
        0x00001c2a:    9805        ..      LDR      r0,[sp,#0x14]
        0x00001c2c:    f89d100e    ....    LDRB     r1,[sp,#0xe]
        0x00001c30:    f000faf8    ....    BL       SSP_SendData ; 0x2224
        0x00001c34:    9805        ..      LDR      r0,[sp,#0x14]
        0x00001c36:    f89d100d    ....    LDRB     r1,[sp,#0xd]
        0x00001c3a:    f000faf3    ....    BL       SSP_SendData ; 0x2224
        0x00001c3e:    9805        ..      LDR      r0,[sp,#0x14]
        0x00001c40:    f89d100c    ....    LDRB     r1,[sp,#0xc]
        0x00001c44:    f000faee    ....    BL       SSP_SendData ; 0x2224
        0x00001c48:    9805        ..      LDR      r0,[sp,#0x14]
        0x00001c4a:    2101        .!      MOVS     r1,#1
        0x00001c4c:    f000f9c8    ....    BL       SSP_Enable ; 0x1fe0
        0x00001c50:    9805        ..      LDR      r0,[sp,#0x14]
        0x00001c52:    f000fb0b    ....    BL       SSP_Wait_SendFinish ; 0x226c
        0x00001c56:    9805        ..      LDR      r0,[sp,#0x14]
        0x00001c58:    f000fafc    ....    BL       SSP_Wait_ReceiveReady ; 0x2254
        0x00001c5c:    9800        ..      LDR      r0,[sp,#0]
        0x00001c5e:    9001        ..      STR      r0,[sp,#4]
        0x00001c60:    e7ff        ..      B        0x1c62 ; Flash_PageRead + 94
        0x00001c62:    9801        ..      LDR      r0,[sp,#4]
        0x00001c64:    f8bd100a    ....    LDRH     r1,[sp,#0xa]
        0x00001c68:    4288        .B      CMP      r0,r1
        0x00001c6a:    da10        ..      BGE      0x1c8e ; Flash_PageRead + 138
        0x00001c6c:    e7ff        ..      B        0x1c6e ; Flash_PageRead + 106
        0x00001c6e:    9805        ..      LDR      r0,[sp,#0x14]
        0x00001c70:    f000faf0    ....    BL       SSP_Wait_ReceiveReady ; 0x2254
        0x00001c74:    9805        ..      LDR      r0,[sp,#0x14]
        0x00001c76:    f000facd    ....    BL       SSP_ReceiveData ; 0x2214
        0x00001c7a:    9904        ..      LDR      r1,[sp,#0x10]
        0x00001c7c:    7008        .p      STRB     r0,[r1,#0]
        0x00001c7e:    9804        ..      LDR      r0,[sp,#0x10]
        0x00001c80:    3001        .0      ADDS     r0,#1
        0x00001c82:    9004        ..      STR      r0,[sp,#0x10]
        0x00001c84:    e7ff        ..      B        0x1c86 ; Flash_PageRead + 130
        0x00001c86:    9801        ..      LDR      r0,[sp,#4]
        0x00001c88:    3001        .0      ADDS     r0,#1
        0x00001c8a:    9001        ..      STR      r0,[sp,#4]
        0x00001c8c:    e7e9        ..      B        0x1c62 ; Flash_PageRead + 94
        0x00001c8e:    9805        ..      LDR      r0,[sp,#0x14]
        0x00001c90:    2100        .!      MOVS     r1,#0
        0x00001c92:    f000f9a5    ....    BL       SSP_Enable ; 0x1fe0
        0x00001c96:    b006        ..      ADD      sp,sp,#0x18
        0x00001c98:    bd80        ..      POP      {r7,pc}
        0x00001c9a:    0000        ..      MOVS     r0,r0
    Flash_PageWrite
        0x00001c9c:    b580        ..      PUSH     {r7,lr}
        0x00001c9e:    b086        ..      SUB      sp,sp,#0x18
        0x00001ca0:    9005        ..      STR      r0,[sp,#0x14]
        0x00001ca2:    9104        ..      STR      r1,[sp,#0x10]
        0x00001ca4:    9203        ..      STR      r2,[sp,#0xc]
        0x00001ca6:    f8ad300a    ...0    STRH     r3,[sp,#0xa]
        0x00001caa:    9805        ..      LDR      r0,[sp,#0x14]
        0x00001cac:    f000f866    ..f.    BL       Flash_WriterEnable ; 0x1d7c
        0x00001cb0:    9805        ..      LDR      r0,[sp,#0x14]
        0x00001cb2:    2102        .!      MOVS     r1,#2
        0x00001cb4:    f000fab6    ....    BL       SSP_SendData ; 0x2224
        0x00001cb8:    9805        ..      LDR      r0,[sp,#0x14]
        0x00001cba:    f89d100e    ....    LDRB     r1,[sp,#0xe]
        0x00001cbe:    f000fab1    ....    BL       SSP_SendData ; 0x2224
        0x00001cc2:    9805        ..      LDR      r0,[sp,#0x14]
        0x00001cc4:    f89d100d    ....    LDRB     r1,[sp,#0xd]
        0x00001cc8:    f000faac    ....    BL       SSP_SendData ; 0x2224
        0x00001ccc:    9805        ..      LDR      r0,[sp,#0x14]
        0x00001cce:    f89d100c    ....    LDRB     r1,[sp,#0xc]
        0x00001cd2:    f000faa7    ....    BL       SSP_SendData ; 0x2224
        0x00001cd6:    9805        ..      LDR      r0,[sp,#0x14]
        0x00001cd8:    2101        .!      MOVS     r1,#1
        0x00001cda:    f000f981    ....    BL       SSP_Enable ; 0x1fe0
        0x00001cde:    2000        .       MOVS     r0,#0
        0x00001ce0:    9001        ..      STR      r0,[sp,#4]
        0x00001ce2:    e7ff        ..      B        0x1ce4 ; Flash_PageWrite + 72
        0x00001ce4:    9801        ..      LDR      r0,[sp,#4]
        0x00001ce6:    f8bd100a    ....    LDRH     r1,[sp,#0xa]
        0x00001cea:    4288        .B      CMP      r0,r1
        0x00001cec:    da10        ..      BGE      0x1d10 ; Flash_PageWrite + 116
        0x00001cee:    e7ff        ..      B        0x1cf0 ; Flash_PageWrite + 84
        0x00001cf0:    9805        ..      LDR      r0,[sp,#0x14]
        0x00001cf2:    9904        ..      LDR      r1,[sp,#0x10]
        0x00001cf4:    7809        .x      LDRB     r1,[r1,#0]
        0x00001cf6:    f000fa95    ....    BL       SSP_SendData ; 0x2224
        0x00001cfa:    9805        ..      LDR      r0,[sp,#0x14]
        0x00001cfc:    f000fac2    ....    BL       SSP_Wait_TxFIFONotFull ; 0x2284
        0x00001d00:    9804        ..      LDR      r0,[sp,#0x10]
        0x00001d02:    3001        .0      ADDS     r0,#1
        0x00001d04:    9004        ..      STR      r0,[sp,#0x10]
        0x00001d06:    e7ff        ..      B        0x1d08 ; Flash_PageWrite + 108
        0x00001d08:    9801        ..      LDR      r0,[sp,#4]
        0x00001d0a:    3001        .0      ADDS     r0,#1
        0x00001d0c:    9001        ..      STR      r0,[sp,#4]
        0x00001d0e:    e7e9        ..      B        0x1ce4 ; Flash_PageWrite + 72
        0x00001d10:    9805        ..      LDR      r0,[sp,#0x14]
        0x00001d12:    f000faab    ....    BL       SSP_Wait_SendFinish ; 0x226c
        0x00001d16:    9805        ..      LDR      r0,[sp,#0x14]
        0x00001d18:    2100        .!      MOVS     r1,#0
        0x00001d1a:    f000f961    ..a.    BL       SSP_Enable ; 0x1fe0
        0x00001d1e:    9805        ..      LDR      r0,[sp,#0x14]
        0x00001d20:    f000f974    ..t.    BL       SSP_Flash_WaitBusyEnd ; 0x200c
        0x00001d24:    b006        ..      ADD      sp,sp,#0x18
        0x00001d26:    bd80        ..      POP      {r7,pc}
    Flash_SectorErase
        0x00001d28:    b580        ..      PUSH     {r7,lr}
        0x00001d2a:    b082        ..      SUB      sp,sp,#8
        0x00001d2c:    9001        ..      STR      r0,[sp,#4]
        0x00001d2e:    9100        ..      STR      r1,[sp,#0]
        0x00001d30:    9801        ..      LDR      r0,[sp,#4]
        0x00001d32:    f000f823    ..#.    BL       Flash_WriterEnable ; 0x1d7c
        0x00001d36:    9801        ..      LDR      r0,[sp,#4]
        0x00001d38:    2120         !      MOVS     r1,#0x20
        0x00001d3a:    f000fa73    ..s.    BL       SSP_SendData ; 0x2224
        0x00001d3e:    9801        ..      LDR      r0,[sp,#4]
        0x00001d40:    f89d1002    ....    LDRB     r1,[sp,#2]
        0x00001d44:    f000fa6e    ..n.    BL       SSP_SendData ; 0x2224
        0x00001d48:    9801        ..      LDR      r0,[sp,#4]
        0x00001d4a:    f89d1001    ....    LDRB     r1,[sp,#1]
        0x00001d4e:    f000fa69    ..i.    BL       SSP_SendData ; 0x2224
        0x00001d52:    9801        ..      LDR      r0,[sp,#4]
        0x00001d54:    f89d1000    ....    LDRB     r1,[sp,#0]
        0x00001d58:    f000fa64    ..d.    BL       SSP_SendData ; 0x2224
        0x00001d5c:    9801        ..      LDR      r0,[sp,#4]
        0x00001d5e:    2101        .!      MOVS     r1,#1
        0x00001d60:    f000f93e    ..>.    BL       SSP_Enable ; 0x1fe0
        0x00001d64:    9801        ..      LDR      r0,[sp,#4]
        0x00001d66:    f000fa81    ....    BL       SSP_Wait_SendFinish ; 0x226c
        0x00001d6a:    9801        ..      LDR      r0,[sp,#4]
        0x00001d6c:    2100        .!      MOVS     r1,#0
        0x00001d6e:    f000f937    ..7.    BL       SSP_Enable ; 0x1fe0
        0x00001d72:    9801        ..      LDR      r0,[sp,#4]
        0x00001d74:    f000f94a    ..J.    BL       SSP_Flash_WaitBusyEnd ; 0x200c
        0x00001d78:    b002        ..      ADD      sp,sp,#8
        0x00001d7a:    bd80        ..      POP      {r7,pc}
    Flash_WriterEnable
        0x00001d7c:    b580        ..      PUSH     {r7,lr}
        0x00001d7e:    b082        ..      SUB      sp,sp,#8
        0x00001d80:    9001        ..      STR      r0,[sp,#4]
        0x00001d82:    9801        ..      LDR      r0,[sp,#4]
        0x00001d84:    2106        .!      MOVS     r1,#6
        0x00001d86:    f000fa4d    ..M.    BL       SSP_SendData ; 0x2224
        0x00001d8a:    9801        ..      LDR      r0,[sp,#4]
        0x00001d8c:    2101        .!      MOVS     r1,#1
        0x00001d8e:    f000f927    ..'.    BL       SSP_Enable ; 0x1fe0
        0x00001d92:    9801        ..      LDR      r0,[sp,#4]
        0x00001d94:    f000fa6a    ..j.    BL       SSP_Wait_SendFinish ; 0x226c
        0x00001d98:    9801        ..      LDR      r0,[sp,#4]
        0x00001d9a:    2100        .!      MOVS     r1,#0
        0x00001d9c:    f000f920    .. .    BL       SSP_Enable ; 0x1fe0
        0x00001da0:    b002        ..      ADD      sp,sp,#8
        0x00001da2:    bd80        ..      POP      {r7,pc}
    GPIO_DeInit
        0x00001da4:    b081        ..      SUB      sp,sp,#4
        0x00001da6:    9000        ..      STR      r0,[sp,#0]
        0x00001da8:    9800        ..      LDR      r0,[sp,#0]
        0x00001daa:    2100        .!      MOVS     r1,#0
        0x00001dac:    f2c40101    ....    MOVT     r1,#0x4001
        0x00001db0:    4288        .B      CMP      r0,r1
        0x00001db2:    d112        ..      BNE      0x1dda ; GPIO_DeInit + 54
        0x00001db4:    e7ff        ..      B        0x1db6 ; GPIO_DeInit + 18
        0x00001db6:    9900        ..      LDR      r1,[sp,#0]
        0x00001db8:    f04f30ff    O..0    MOV      r0,#0xffffffff
        0x00001dbc:    6148        Ha      STR      r0,[r1,#0x14]
        0x00001dbe:    9900        ..      LDR      r1,[sp,#0]
        0x00001dc0:    61c8        .a      STR      r0,[r1,#0x1c]
        0x00001dc2:    9900        ..      LDR      r1,[sp,#0]
        0x00001dc4:    6248        Hb      STR      r0,[r1,#0x24]
        0x00001dc6:    9900        ..      LDR      r1,[sp,#0]
        0x00001dc8:    62c8        .b      STR      r0,[r1,#0x2c]
        0x00001dca:    9900        ..      LDR      r1,[sp,#0]
        0x00001dcc:    6348        Hc      STR      r0,[r1,#0x34]
        0x00001dce:    9900        ..      LDR      r1,[sp,#0]
        0x00001dd0:    2000        .       MOVS     r0,#0
        0x00001dd2:    6048        H`      STR      r0,[r1,#4]
        0x00001dd4:    9900        ..      LDR      r1,[sp,#0]
        0x00001dd6:    6008        .`      STR      r0,[r1,#0]
        0x00001dd8:    e7ff        ..      B        0x1dda ; GPIO_DeInit + 54
        0x00001dda:    b001        ..      ADD      sp,sp,#4
        0x00001ddc:    4770        pG      BX       lr
        0x00001dde:    0000        ..      MOVS     r0,r0
    GPIO_PinRemapConfig
        0x00001de0:    b083        ..      SUB      sp,sp,#0xc
        0x00001de2:    9002        ..      STR      r0,[sp,#8]
        0x00001de4:    9101        ..      STR      r1,[sp,#4]
        0x00001de6:    f88d2003    ...     STRB     r2,[sp,#3]
        0x00001dea:    f89d0003    ....    LDRB     r0,[sp,#3]
        0x00001dee:    b130        0.      CBZ      r0,0x1dfe ; GPIO_PinRemapConfig + 30
        0x00001df0:    e7ff        ..      B        0x1df2 ; GPIO_PinRemapConfig + 18
        0x00001df2:    9a01        ..      LDR      r2,[sp,#4]
        0x00001df4:    9902        ..      LDR      r1,[sp,#8]
        0x00001df6:    6988        .i      LDR      r0,[r1,#0x18]
        0x00001df8:    4310        .C      ORRS     r0,r0,r2
        0x00001dfa:    6188        .a      STR      r0,[r1,#0x18]
        0x00001dfc:    e000        ..      B        0x1e00 ; GPIO_PinRemapConfig + 32
        0x00001dfe:    e7ff        ..      B        0x1e00 ; GPIO_PinRemapConfig + 32
        0x00001e00:    b003        ..      ADD      sp,sp,#0xc
        0x00001e02:    4770        pG      BX       lr
    GPIO_ResetBit
        0x00001e04:    b083        ..      SUB      sp,sp,#0xc
        0x00001e06:    9002        ..      STR      r0,[sp,#8]
        0x00001e08:    f8ad1006    ....    STRH     r1,[sp,#6]
        0x00001e0c:    2000        .       MOVS     r0,#0
        0x00001e0e:    9000        ..      STR      r0,[sp,#0]
        0x00001e10:    f8bd1006    ....    LDRH     r1,[sp,#6]
        0x00001e14:    2001        .       MOVS     r0,#1
        0x00001e16:    fa00f301    ....    LSL      r3,r0,r1
        0x00001e1a:    9a02        ..      LDR      r2,[sp,#8]
        0x00001e1c:    6911        .i      LDR      r1,[r2,#0x10]
        0x00001e1e:    4319        .C      ORRS     r1,r1,r3
        0x00001e20:    6111        .a      STR      r1,[r2,#0x10]
        0x00001e22:    f8bd1006    ....    LDRH     r1,[sp,#6]
        0x00001e26:    fa00f201    ....    LSL      r2,r0,r1
        0x00001e2a:    9902        ..      LDR      r1,[sp,#8]
        0x00001e2c:    6848        Hh      LDR      r0,[r1,#4]
        0x00001e2e:    4390        .C      BICS     r0,r0,r2
        0x00001e30:    6048        H`      STR      r0,[r1,#4]
        0x00001e32:    b003        ..      ADD      sp,sp,#0xc
        0x00001e34:    4770        pG      BX       lr
        0x00001e36:    0000        ..      MOVS     r0,r0
    GPIO_SetBit
        0x00001e38:    b083        ..      SUB      sp,sp,#0xc
        0x00001e3a:    9002        ..      STR      r0,[sp,#8]
        0x00001e3c:    f8ad1006    ....    STRH     r1,[sp,#6]
        0x00001e40:    2000        .       MOVS     r0,#0
        0x00001e42:    9000        ..      STR      r0,[sp,#0]
        0x00001e44:    f8bd1006    ....    LDRH     r1,[sp,#6]
        0x00001e48:    2001        .       MOVS     r0,#1
        0x00001e4a:    fa00f301    ....    LSL      r3,r0,r1
        0x00001e4e:    9a02        ..      LDR      r2,[sp,#8]
        0x00001e50:    6911        .i      LDR      r1,[r2,#0x10]
        0x00001e52:    4319        .C      ORRS     r1,r1,r3
        0x00001e54:    6111        .a      STR      r1,[r2,#0x10]
        0x00001e56:    f8bd1006    ....    LDRH     r1,[sp,#6]
        0x00001e5a:    fa00f201    ....    LSL      r2,r0,r1
        0x00001e5e:    9902        ..      LDR      r1,[sp,#8]
        0x00001e60:    6848        Hh      LDR      r0,[r1,#4]
        0x00001e62:    4310        .C      ORRS     r0,r0,r2
        0x00001e64:    6048        H`      STR      r0,[r1,#4]
        0x00001e66:    b003        ..      ADD      sp,sp,#0xc
        0x00001e68:    4770        pG      BX       lr
        0x00001e6a:    0000        ..      MOVS     r0,r0
    RCC_APB1PeriphResetCmd
        0x00001e6c:    b081        ..      SUB      sp,sp,#4
        0x00001e6e:    f8ad0002    ....    STRH     r0,[sp,#2]
        0x00001e72:    f88d1001    ....    STRB     r1,[sp,#1]
        0x00001e76:    f89d0001    ....    LDRB     r0,[sp,#1]
        0x00001e7a:    b150        P.      CBZ      r0,0x1e92 ; RCC_APB1PeriphResetCmd + 38
        0x00001e7c:    e7ff        ..      B        0x1e7e ; RCC_APB1PeriphResetCmd + 18
        0x00001e7e:    f8bd2002    ...     LDRH     r2,[sp,#2]
        0x00001e82:    f2430100    C...    MOVW     r1,#0x3000
        0x00001e86:    f2c40100    ....    MOVT     r1,#0x4000
        0x00001e8a:    6808        .h      LDR      r0,[r1,#0]
        0x00001e8c:    4390        .C      BICS     r0,r0,r2
        0x00001e8e:    6008        .`      STR      r0,[r1,#0]
        0x00001e90:    e009        ..      B        0x1ea6 ; RCC_APB1PeriphResetCmd + 58
        0x00001e92:    f8bd2002    ...     LDRH     r2,[sp,#2]
        0x00001e96:    f2430100    C...    MOVW     r1,#0x3000
        0x00001e9a:    f2c40100    ....    MOVT     r1,#0x4000
        0x00001e9e:    6808        .h      LDR      r0,[r1,#0]
        0x00001ea0:    4310        .C      ORRS     r0,r0,r2
        0x00001ea2:    6008        .`      STR      r0,[r1,#0]
        0x00001ea4:    e7ff        ..      B        0x1ea6 ; RCC_APB1PeriphResetCmd + 58
        0x00001ea6:    b001        ..      ADD      sp,sp,#4
        0x00001ea8:    4770        pG      BX       lr
        0x00001eaa:    0000        ..      MOVS     r0,r0
    SPI_Read_Flash_ID
        0x00001eac:    b580        ..      PUSH     {r7,lr}
        0x00001eae:    b088        ..      SUB      sp,sp,#0x20
        0x00001eb0:    9007        ..      STR      r0,[sp,#0x1c]
        0x00001eb2:    9807        ..      LDR      r0,[sp,#0x1c]
        0x00001eb4:    f000f868    ..h.    BL       SSP_DeInit ; 0x1f88
        0x00001eb8:    9807        ..      LDR      r0,[sp,#0x1c]
        0x00001eba:    f000f94d    ..M.    BL       SSP_PinRemap ; 0x2158
        0x00001ebe:    200c        .       MOVS     r0,#0xc
        0x00001ec0:    f8ad000e    ....    STRH     r0,[sp,#0xe]
        0x00001ec4:    2000        .       MOVS     r0,#0
        0x00001ec6:    9001        ..      STR      r0,[sp,#4]
        0x00001ec8:    f8ad0010    ....    STRH     r0,[sp,#0x10]
        0x00001ecc:    2107        .!      MOVS     r1,#7
        0x00001ece:    f8ad100c    ....    STRH     r1,[sp,#0xc]
        0x00001ed2:    f8ad0016    ....    STRH     r0,[sp,#0x16]
        0x00001ed6:    f8ad0012    ....    STRH     r0,[sp,#0x12]
        0x00001eda:    f8ad0014    ....    STRH     r0,[sp,#0x14]
        0x00001ede:    f8ad0018    ....    STRH     r0,[sp,#0x18]
        0x00001ee2:    9807        ..      LDR      r0,[sp,#0x1c]
        0x00001ee4:    a903        ..      ADD      r1,sp,#0xc
        0x00001ee6:    f000f8bb    ....    BL       SSP_Init ; 0x2060
        0x00001eea:    9807        ..      LDR      r0,[sp,#0x1c]
        0x00001eec:    2103        .!      MOVS     r1,#3
        0x00001eee:    f000f9a3    ....    BL       SSP_Set_ReceiveDataNum ; 0x2238
        0x00001ef2:    9807        ..      LDR      r0,[sp,#0x1c]
        0x00001ef4:    219f        .!      MOVS     r1,#0x9f
        0x00001ef6:    f000f995    ....    BL       SSP_SendData ; 0x2224
        0x00001efa:    9807        ..      LDR      r0,[sp,#0x1c]
        0x00001efc:    2101        .!      MOVS     r1,#1
        0x00001efe:    f000f86f    ..o.    BL       SSP_Enable ; 0x1fe0
        0x00001f02:    9807        ..      LDR      r0,[sp,#0x1c]
        0x00001f04:    f000f9b2    ....    BL       SSP_Wait_SendFinish ; 0x226c
        0x00001f08:    9807        ..      LDR      r0,[sp,#0x1c]
        0x00001f0a:    f000f9a3    ....    BL       SSP_Wait_ReceiveReady ; 0x2254
        0x00001f0e:    9807        ..      LDR      r0,[sp,#0x1c]
        0x00001f10:    f000f980    ....    BL       SSP_ReceiveData ; 0x2214
        0x00001f14:    f88d000b    ....    STRB     r0,[sp,#0xb]
        0x00001f18:    9807        ..      LDR      r0,[sp,#0x1c]
        0x00001f1a:    f000f99b    ....    BL       SSP_Wait_ReceiveReady ; 0x2254
        0x00001f1e:    9807        ..      LDR      r0,[sp,#0x1c]
        0x00001f20:    f000f978    ..x.    BL       SSP_ReceiveData ; 0x2214
        0x00001f24:    f88d000a    ....    STRB     r0,[sp,#0xa]
        0x00001f28:    9807        ..      LDR      r0,[sp,#0x1c]
        0x00001f2a:    f000f993    ....    BL       SSP_Wait_ReceiveReady ; 0x2254
        0x00001f2e:    9807        ..      LDR      r0,[sp,#0x1c]
        0x00001f30:    f000f970    ..p.    BL       SSP_ReceiveData ; 0x2214
        0x00001f34:    9901        ..      LDR      r1,[sp,#4]
        0x00001f36:    f88d0009    ....    STRB     r0,[sp,#9]
        0x00001f3a:    9807        ..      LDR      r0,[sp,#0x1c]
        0x00001f3c:    f000f850    ..P.    BL       SSP_Enable ; 0x1fe0
        0x00001f40:    f89d100b    ....    LDRB     r1,[sp,#0xb]
        0x00001f44:    f89d200a    ...     LDRB     r2,[sp,#0xa]
        0x00001f48:    f89d3009    ...0    LDRB     r3,[sp,#9]
        0x00001f4c:    f243206a    C.j     MOV      r0,#0x326a
        0x00001f50:    f2c00000    ....    MOVT     r0,#0
        0x00001f54:    f7fefdb0    ....    BL       printf ; 0xab8
        0x00001f58:    b008        ..      ADD      sp,sp,#0x20
        0x00001f5a:    bd80        ..      POP      {r7,pc}
    SPI_test
        0x00001f5c:    b580        ..      PUSH     {r7,lr}
        0x00001f5e:    b082        ..      SUB      sp,sp,#8
        0x00001f60:    2000        .       MOVS     r0,#0
        0x00001f62:    f2c40001    ....    MOVT     r0,#0x4001
        0x00001f66:    2115        .!      MOVS     r1,#0x15
        0x00001f68:    f7ffff66    ..f.    BL       GPIO_SetBit ; 0x1e38
        0x00001f6c:    f24b0000    K...    MOVW     r0,#0xb000
        0x00001f70:    f2c40000    ....    MOVT     r0,#0x4000
        0x00001f74:    9001        ..      STR      r0,[sp,#4]
        0x00001f76:    9801        ..      LDR      r0,[sp,#4]
        0x00001f78:    f7ffff98    ....    BL       SPI_Read_Flash_ID ; 0x1eac
        0x00001f7c:    9801        ..      LDR      r0,[sp,#4]
        0x00001f7e:    f000f88b    ....    BL       SSP_Loop ; 0x2098
        0x00001f82:    b002        ..      ADD      sp,sp,#8
        0x00001f84:    bd80        ..      POP      {r7,pc}
        0x00001f86:    0000        ..      MOVS     r0,r0
    SSP_DeInit
        0x00001f88:    b580        ..      PUSH     {r7,lr}
        0x00001f8a:    b084        ..      SUB      sp,sp,#0x10
        0x00001f8c:    9003        ..      STR      r0,[sp,#0xc]
        0x00001f8e:    9803        ..      LDR      r0,[sp,#0xc]
        0x00001f90:    f24b0100    K...    MOVW     r1,#0xb000
        0x00001f94:    f2c40100    ....    MOVT     r1,#0x4000
        0x00001f98:    4288        .B      CMP      r0,r1
        0x00001f9a:    d10b        ..      BNE      0x1fb4 ; SSP_DeInit + 44
        0x00001f9c:    e7ff        ..      B        0x1f9e ; SSP_DeInit + 22
        0x00001f9e:    f44f7080    O..p    MOV      r0,#0x100
        0x00001fa2:    9002        ..      STR      r0,[sp,#8]
        0x00001fa4:    2101        .!      MOVS     r1,#1
        0x00001fa6:    f7ffff61    ..a.    BL       RCC_APB1PeriphResetCmd ; 0x1e6c
        0x00001faa:    9802        ..      LDR      r0,[sp,#8]
        0x00001fac:    2100        .!      MOVS     r1,#0
        0x00001fae:    f7ffff5d    ..].    BL       RCC_APB1PeriphResetCmd ; 0x1e6c
        0x00001fb2:    e013        ..      B        0x1fdc ; SSP_DeInit + 84
        0x00001fb4:    9803        ..      LDR      r0,[sp,#0xc]
        0x00001fb6:    f24c0100    L...    MOVW     r1,#0xc000
        0x00001fba:    f2c40100    ....    MOVT     r1,#0x4000
        0x00001fbe:    4288        .B      CMP      r0,r1
        0x00001fc0:    d10b        ..      BNE      0x1fda ; SSP_DeInit + 82
        0x00001fc2:    e7ff        ..      B        0x1fc4 ; SSP_DeInit + 60
        0x00001fc4:    f44f7000    O..p    MOV      r0,#0x200
        0x00001fc8:    9001        ..      STR      r0,[sp,#4]
        0x00001fca:    2101        .!      MOVS     r1,#1
        0x00001fcc:    f7ffff4e    ..N.    BL       RCC_APB1PeriphResetCmd ; 0x1e6c
        0x00001fd0:    9801        ..      LDR      r0,[sp,#4]
        0x00001fd2:    2100        .!      MOVS     r1,#0
        0x00001fd4:    f7ffff4a    ..J.    BL       RCC_APB1PeriphResetCmd ; 0x1e6c
        0x00001fd8:    e7ff        ..      B        0x1fda ; SSP_DeInit + 82
        0x00001fda:    e7ff        ..      B        0x1fdc ; SSP_DeInit + 84
        0x00001fdc:    b004        ..      ADD      sp,sp,#0x10
        0x00001fde:    bd80        ..      POP      {r7,pc}
    SSP_Enable
        0x00001fe0:    b082        ..      SUB      sp,sp,#8
        0x00001fe2:    9001        ..      STR      r0,[sp,#4]
        0x00001fe4:    f88d1003    ....    STRB     r1,[sp,#3]
        0x00001fe8:    f89d0003    ....    LDRB     r0,[sp,#3]
        0x00001fec:    b130        0.      CBZ      r0,0x1ffc ; SSP_Enable + 28
        0x00001fee:    e7ff        ..      B        0x1ff0 ; SSP_Enable + 16
        0x00001ff0:    9901        ..      LDR      r1,[sp,#4]
        0x00001ff2:    6848        Hh      LDR      r0,[r1,#4]
        0x00001ff4:    f0400002    @...    ORR      r0,r0,#2
        0x00001ff8:    6048        H`      STR      r0,[r1,#4]
        0x00001ffa:    e005        ..      B        0x2008 ; SSP_Enable + 40
        0x00001ffc:    9901        ..      LDR      r1,[sp,#4]
        0x00001ffe:    6848        Hh      LDR      r0,[r1,#4]
        0x00002000:    f0200002     ...    BIC      r0,r0,#2
        0x00002004:    6048        H`      STR      r0,[r1,#4]
        0x00002006:    e7ff        ..      B        0x2008 ; SSP_Enable + 40
        0x00002008:    b002        ..      ADD      sp,sp,#8
        0x0000200a:    4770        pG      BX       lr
    SSP_Flash_WaitBusyEnd
        0x0000200c:    b580        ..      PUSH     {r7,lr}
        0x0000200e:    b084        ..      SUB      sp,sp,#0x10
        0x00002010:    9003        ..      STR      r0,[sp,#0xc]
        0x00002012:    e7ff        ..      B        0x2014 ; SSP_Flash_WaitBusyEnd + 8
        0x00002014:    9803        ..      LDR      r0,[sp,#0xc]
        0x00002016:    2101        .!      MOVS     r1,#1
        0x00002018:    9101        ..      STR      r1,[sp,#4]
        0x0000201a:    f000f90d    ....    BL       SSP_Set_ReceiveDataNum ; 0x2238
        0x0000201e:    9803        ..      LDR      r0,[sp,#0xc]
        0x00002020:    2105        .!      MOVS     r1,#5
        0x00002022:    f000f8ff    ....    BL       SSP_SendData ; 0x2224
        0x00002026:    9901        ..      LDR      r1,[sp,#4]
        0x00002028:    9803        ..      LDR      r0,[sp,#0xc]
        0x0000202a:    f7ffffd9    ....    BL       SSP_Enable ; 0x1fe0
        0x0000202e:    9803        ..      LDR      r0,[sp,#0xc]
        0x00002030:    f000f91c    ....    BL       SSP_Wait_SendFinish ; 0x226c
        0x00002034:    9803        ..      LDR      r0,[sp,#0xc]
        0x00002036:    f000f90d    ....    BL       SSP_Wait_ReceiveReady ; 0x2254
        0x0000203a:    9803        ..      LDR      r0,[sp,#0xc]
        0x0000203c:    f000f8ea    ....    BL       SSP_ReceiveData ; 0x2214
        0x00002040:    f88d000b    ....    STRB     r0,[sp,#0xb]
        0x00002044:    9803        ..      LDR      r0,[sp,#0xc]
        0x00002046:    2100        .!      MOVS     r1,#0
        0x00002048:    f7ffffca    ....    BL       SSP_Enable ; 0x1fe0
        0x0000204c:    e7ff        ..      B        0x204e ; SSP_Flash_WaitBusyEnd + 66
        0x0000204e:    f89d000b    ....    LDRB     r0,[sp,#0xb]
        0x00002052:    07c0        ..      LSLS     r0,r0,#31
        0x00002054:    2800        .(      CMP      r0,#0
        0x00002056:    d1dd        ..      BNE      0x2014 ; SSP_Flash_WaitBusyEnd + 8
        0x00002058:    e7ff        ..      B        0x205a ; SSP_Flash_WaitBusyEnd + 78
        0x0000205a:    b004        ..      ADD      sp,sp,#0x10
        0x0000205c:    bd80        ..      POP      {r7,pc}
        0x0000205e:    0000        ..      MOVS     r0,r0
    SSP_Init
        0x00002060:    b082        ..      SUB      sp,sp,#8
        0x00002062:    9001        ..      STR      r0,[sp,#4]
        0x00002064:    9100        ..      STR      r1,[sp,#0]
        0x00002066:    9900        ..      LDR      r1,[sp,#0]
        0x00002068:    8808        ..      LDRH     r0,[r1,#0]
        0x0000206a:    f000000f    ....    AND      r0,r0,#0xf
        0x0000206e:    88ca        ..      LDRH     r2,[r1,#6]
        0x00002070:    4310        .C      ORRS     r0,r0,r2
        0x00002072:    8889        ..      LDRH     r1,[r1,#4]
        0x00002074:    4308        .C      ORRS     r0,r0,r1
        0x00002076:    9901        ..      LDR      r1,[sp,#4]
        0x00002078:    6008        .`      STR      r0,[r1,#0]
        0x0000207a:    9800        ..      LDR      r0,[sp,#0]
        0x0000207c:    7880        .x      LDRB     r0,[r0,#2]
        0x0000207e:    9901        ..      LDR      r1,[sp,#4]
        0x00002080:    6108        .a      STR      r0,[r1,#0x10]
        0x00002082:    9900        ..      LDR      r1,[sp,#0]
        0x00002084:    8908        ..      LDRH     r0,[r1,#8]
        0x00002086:    894a        J.      LDRH     r2,[r1,#0xa]
        0x00002088:    4310        .C      ORRS     r0,r0,r2
        0x0000208a:    8989        ..      LDRH     r1,[r1,#0xc]
        0x0000208c:    4308        .C      ORRS     r0,r0,r1
        0x0000208e:    9901        ..      LDR      r1,[sp,#4]
        0x00002090:    6048        H`      STR      r0,[r1,#4]
        0x00002092:    b002        ..      ADD      sp,sp,#8
        0x00002094:    4770        pG      BX       lr
        0x00002096:    0000        ..      MOVS     r0,r0
    SSP_Loop
        0x00002098:    b580        ..      PUSH     {r7,lr}
        0x0000209a:    b088        ..      SUB      sp,sp,#0x20
        0x0000209c:    9007        ..      STR      r0,[sp,#0x1c]
        0x0000209e:    9807        ..      LDR      r0,[sp,#0x1c]
        0x000020a0:    f7ffff72    ..r.    BL       SSP_DeInit ; 0x1f88
        0x000020a4:    9807        ..      LDR      r0,[sp,#0x1c]
        0x000020a6:    f000f857    ..W.    BL       SSP_PinRemap ; 0x2158
        0x000020aa:    200c        .       MOVS     r0,#0xc
        0x000020ac:    f8ad000e    ....    STRH     r0,[sp,#0xe]
        0x000020b0:    2000        .       MOVS     r0,#0
        0x000020b2:    9001        ..      STR      r0,[sp,#4]
        0x000020b4:    f8ad0010    ....    STRH     r0,[sp,#0x10]
        0x000020b8:    2107        .!      MOVS     r1,#7
        0x000020ba:    f8ad100c    ....    STRH     r1,[sp,#0xc]
        0x000020be:    2101        .!      MOVS     r1,#1
        0x000020c0:    9100        ..      STR      r1,[sp,#0]
        0x000020c2:    f8ad1016    ....    STRH     r1,[sp,#0x16]
        0x000020c6:    f8ad0012    ....    STRH     r0,[sp,#0x12]
        0x000020ca:    2140        @!      MOVS     r1,#0x40
        0x000020cc:    f8ad1014    ....    STRH     r1,[sp,#0x14]
        0x000020d0:    f8ad0018    ....    STRH     r0,[sp,#0x18]
        0x000020d4:    9807        ..      LDR      r0,[sp,#0x1c]
        0x000020d6:    a903        ..      ADD      r1,sp,#0xc
        0x000020d8:    f7ffffc2    ....    BL       SSP_Init ; 0x2060
        0x000020dc:    2089        .       MOVS     r0,#0x89
        0x000020de:    f88d000b    ....    STRB     r0,[sp,#0xb]
        0x000020e2:    2034        4       MOVS     r0,#0x34
        0x000020e4:    f88d000a    ....    STRB     r0,[sp,#0xa]
        0x000020e8:    f89d100b    ....    LDRB     r1,[sp,#0xb]
        0x000020ec:    f89d200a    ...     LDRB     r2,[sp,#0xa]
        0x000020f0:    f2432088    C..     MOV      r0,#0x3288
        0x000020f4:    f2c00000    ....    MOVT     r0,#0
        0x000020f8:    f7fefcde    ....    BL       printf ; 0xab8
        0x000020fc:    9807        ..      LDR      r0,[sp,#0x1c]
        0x000020fe:    f89d100b    ....    LDRB     r1,[sp,#0xb]
        0x00002102:    f000f88f    ....    BL       SSP_SendData ; 0x2224
        0x00002106:    9807        ..      LDR      r0,[sp,#0x1c]
        0x00002108:    f89d100a    ....    LDRB     r1,[sp,#0xa]
        0x0000210c:    f000f88a    ....    BL       SSP_SendData ; 0x2224
        0x00002110:    9900        ..      LDR      r1,[sp,#0]
        0x00002112:    9807        ..      LDR      r0,[sp,#0x1c]
        0x00002114:    f7ffff64    ..d.    BL       SSP_Enable ; 0x1fe0
        0x00002118:    9807        ..      LDR      r0,[sp,#0x1c]
        0x0000211a:    f000f89b    ....    BL       SSP_Wait_ReceiveReady ; 0x2254
        0x0000211e:    9807        ..      LDR      r0,[sp,#0x1c]
        0x00002120:    f000f878    ..x.    BL       SSP_ReceiveData ; 0x2214
        0x00002124:    f88d0009    ....    STRB     r0,[sp,#9]
        0x00002128:    9807        ..      LDR      r0,[sp,#0x1c]
        0x0000212a:    f000f893    ....    BL       SSP_Wait_ReceiveReady ; 0x2254
        0x0000212e:    9807        ..      LDR      r0,[sp,#0x1c]
        0x00002130:    f000f870    ..p.    BL       SSP_ReceiveData ; 0x2214
        0x00002134:    9901        ..      LDR      r1,[sp,#4]
        0x00002136:    f88d0008    ....    STRB     r0,[sp,#8]
        0x0000213a:    9807        ..      LDR      r0,[sp,#0x1c]
        0x0000213c:    f7ffff50    ..P.    BL       SSP_Enable ; 0x1fe0
        0x00002140:    f89d1009    ....    LDRB     r1,[sp,#9]
        0x00002144:    f89d2008    ...     LDRB     r2,[sp,#8]
        0x00002148:    f24320b0    C..     MOV      r0,#0x32b0
        0x0000214c:    f2c00000    ....    MOVT     r0,#0
        0x00002150:    f7fefcb2    ....    BL       printf ; 0xab8
        0x00002154:    b008        ..      ADD      sp,sp,#0x20
        0x00002156:    bd80        ..      POP      {r7,pc}
    SSP_PinRemap
        0x00002158:    b580        ..      PUSH     {r7,lr}
        0x0000215a:    b086        ..      SUB      sp,sp,#0x18
        0x0000215c:    9005        ..      STR      r0,[sp,#0x14]
        0x0000215e:    9805        ..      LDR      r0,[sp,#0x14]
        0x00002160:    f24b0100    K...    MOVW     r1,#0xb000
        0x00002164:    f2c40100    ....    MOVT     r1,#0x4000
        0x00002168:    4288        .B      CMP      r0,r1
        0x0000216a:    d128        (.      BNE      0x21be ; SSP_PinRemap + 102
        0x0000216c:    e7ff        ..      B        0x216e ; SSP_PinRemap + 22
        0x0000216e:    2000        .       MOVS     r0,#0
        0x00002170:    f2c40001    ....    MOVT     r0,#0x4001
        0x00002174:    9003        ..      STR      r0,[sp,#0xc]
        0x00002176:    2180        .!      MOVS     r1,#0x80
        0x00002178:    2201        ."      MOVS     r2,#1
        0x0000217a:    9204        ..      STR      r2,[sp,#0x10]
        0x0000217c:    f7fffe30    ..0.    BL       GPIO_PinRemapConfig ; 0x1de0
        0x00002180:    9803        ..      LDR      r0,[sp,#0xc]
        0x00002182:    9a04        ..      LDR      r2,[sp,#0x10]
        0x00002184:    f44f7180    O..q    MOV      r1,#0x100
        0x00002188:    f7fffe2a    ..*.    BL       GPIO_PinRemapConfig ; 0x1de0
        0x0000218c:    9803        ..      LDR      r0,[sp,#0xc]
        0x0000218e:    9a04        ..      LDR      r2,[sp,#0x10]
        0x00002190:    f44f7100    O..q    MOV      r1,#0x200
        0x00002194:    f7fffe24    ..$.    BL       GPIO_PinRemapConfig ; 0x1de0
        0x00002198:    9803        ..      LDR      r0,[sp,#0xc]
        0x0000219a:    9a04        ..      LDR      r2,[sp,#0x10]
        0x0000219c:    f44f6180    O..a    MOV      r1,#0x400
        0x000021a0:    f7fffe1e    ....    BL       GPIO_PinRemapConfig ; 0x1de0
        0x000021a4:    9803        ..      LDR      r0,[sp,#0xc]
        0x000021a6:    9a04        ..      LDR      r2,[sp,#0x10]
        0x000021a8:    f44f3100    O..1    MOV      r1,#0x20000
        0x000021ac:    f7fffe18    ....    BL       GPIO_PinRemapConfig ; 0x1de0
        0x000021b0:    9803        ..      LDR      r0,[sp,#0xc]
        0x000021b2:    9a04        ..      LDR      r2,[sp,#0x10]
        0x000021b4:    f44f2180    O..!    MOV      r1,#0x40000
        0x000021b8:    f7fffe12    ....    BL       GPIO_PinRemapConfig ; 0x1de0
        0x000021bc:    e028        (.      B        0x2210 ; SSP_PinRemap + 184
        0x000021be:    2000        .       MOVS     r0,#0
        0x000021c0:    f2c40001    ....    MOVT     r0,#0x4001
        0x000021c4:    9001        ..      STR      r0,[sp,#4]
        0x000021c6:    f44f6100    O..a    MOV      r1,#0x800
        0x000021ca:    2201        ."      MOVS     r2,#1
        0x000021cc:    9202        ..      STR      r2,[sp,#8]
        0x000021ce:    f7fffe07    ....    BL       GPIO_PinRemapConfig ; 0x1de0
        0x000021d2:    9801        ..      LDR      r0,[sp,#4]
        0x000021d4:    9a02        ..      LDR      r2,[sp,#8]
        0x000021d6:    f44f5180    O..Q    MOV      r1,#0x1000
        0x000021da:    f7fffe01    ....    BL       GPIO_PinRemapConfig ; 0x1de0
        0x000021de:    9801        ..      LDR      r0,[sp,#4]
        0x000021e0:    9a02        ..      LDR      r2,[sp,#8]
        0x000021e2:    f44f5100    O..Q    MOV      r1,#0x2000
        0x000021e6:    f7fffdfb    ....    BL       GPIO_PinRemapConfig ; 0x1de0
        0x000021ea:    9801        ..      LDR      r0,[sp,#4]
        0x000021ec:    9a02        ..      LDR      r2,[sp,#8]
        0x000021ee:    f44f4180    O..A    MOV      r1,#0x4000
        0x000021f2:    f7fffdf5    ....    BL       GPIO_PinRemapConfig ; 0x1de0
        0x000021f6:    9801        ..      LDR      r0,[sp,#4]
        0x000021f8:    9a02        ..      LDR      r2,[sp,#8]
        0x000021fa:    f44f2100    O..!    MOV      r1,#0x80000
        0x000021fe:    f7fffdef    ....    BL       GPIO_PinRemapConfig ; 0x1de0
        0x00002202:    9801        ..      LDR      r0,[sp,#4]
        0x00002204:    9a02        ..      LDR      r2,[sp,#8]
        0x00002206:    f44f1180    O...    MOV      r1,#0x100000
        0x0000220a:    f7fffde9    ....    BL       GPIO_PinRemapConfig ; 0x1de0
        0x0000220e:    e7ff        ..      B        0x2210 ; SSP_PinRemap + 184
        0x00002210:    b006        ..      ADD      sp,sp,#0x18
        0x00002212:    bd80        ..      POP      {r7,pc}
    SSP_ReceiveData
        0x00002214:    b081        ..      SUB      sp,sp,#4
        0x00002216:    9000        ..      STR      r0,[sp,#0]
        0x00002218:    9800        ..      LDR      r0,[sp,#0]
        0x0000221a:    6880        .h      LDR      r0,[r0,#8]
        0x0000221c:    b280        ..      UXTH     r0,r0
        0x0000221e:    b001        ..      ADD      sp,sp,#4
        0x00002220:    4770        pG      BX       lr
        0x00002222:    0000        ..      MOVS     r0,r0
    SSP_SendData
        0x00002224:    b082        ..      SUB      sp,sp,#8
        0x00002226:    9001        ..      STR      r0,[sp,#4]
        0x00002228:    f8ad1002    ....    STRH     r1,[sp,#2]
        0x0000222c:    f8bd0002    ....    LDRH     r0,[sp,#2]
        0x00002230:    9901        ..      LDR      r1,[sp,#4]
        0x00002232:    6088        .`      STR      r0,[r1,#8]
        0x00002234:    b002        ..      ADD      sp,sp,#8
        0x00002236:    4770        pG      BX       lr
    SSP_Set_ReceiveDataNum
        0x00002238:    b082        ..      SUB      sp,sp,#8
        0x0000223a:    9001        ..      STR      r0,[sp,#4]
        0x0000223c:    9100        ..      STR      r1,[sp,#0]
        0x0000223e:    f8bd0000    ....    LDRH     r0,[sp,#0]
        0x00002242:    9901        ..      LDR      r1,[sp,#4]
        0x00002244:    6308        .c      STR      r0,[r1,#0x30]
        0x00002246:    f8bd0002    ....    LDRH     r0,[sp,#2]
        0x0000224a:    9901        ..      LDR      r1,[sp,#4]
        0x0000224c:    62c8        .b      STR      r0,[r1,#0x2c]
        0x0000224e:    b002        ..      ADD      sp,sp,#8
        0x00002250:    4770        pG      BX       lr
        0x00002252:    0000        ..      MOVS     r0,r0
    SSP_Wait_ReceiveReady
        0x00002254:    b081        ..      SUB      sp,sp,#4
        0x00002256:    9000        ..      STR      r0,[sp,#0]
        0x00002258:    e7ff        ..      B        0x225a ; SSP_Wait_ReceiveReady + 6
        0x0000225a:    9800        ..      LDR      r0,[sp,#0]
        0x0000225c:    68c0        .h      LDR      r0,[r0,#0xc]
        0x0000225e:    0740        @.      LSLS     r0,r0,#29
        0x00002260:    2800        .(      CMP      r0,#0
        0x00002262:    d401        ..      BMI      0x2268 ; SSP_Wait_ReceiveReady + 20
        0x00002264:    e7ff        ..      B        0x2266 ; SSP_Wait_ReceiveReady + 18
        0x00002266:    e7f8        ..      B        0x225a ; SSP_Wait_ReceiveReady + 6
        0x00002268:    b001        ..      ADD      sp,sp,#4
        0x0000226a:    4770        pG      BX       lr
    SSP_Wait_SendFinish
        0x0000226c:    b081        ..      SUB      sp,sp,#4
        0x0000226e:    9000        ..      STR      r0,[sp,#0]
        0x00002270:    e7ff        ..      B        0x2272 ; SSP_Wait_SendFinish + 6
        0x00002272:    9800        ..      LDR      r0,[sp,#0]
        0x00002274:    68c0        .h      LDR      r0,[r0,#0xc]
        0x00002276:    0680        ..      LSLS     r0,r0,#26
        0x00002278:    2800        .(      CMP      r0,#0
        0x0000227a:    d501        ..      BPL      0x2280 ; SSP_Wait_SendFinish + 20
        0x0000227c:    e7ff        ..      B        0x227e ; SSP_Wait_SendFinish + 18
        0x0000227e:    e7f8        ..      B        0x2272 ; SSP_Wait_SendFinish + 6
        0x00002280:    b001        ..      ADD      sp,sp,#4
        0x00002282:    4770        pG      BX       lr
    SSP_Wait_TxFIFONotFull
        0x00002284:    b081        ..      SUB      sp,sp,#4
        0x00002286:    9000        ..      STR      r0,[sp,#0]
        0x00002288:    e7ff        ..      B        0x228a ; SSP_Wait_TxFIFONotFull + 6
        0x0000228a:    9800        ..      LDR      r0,[sp,#0]
        0x0000228c:    68c0        .h      LDR      r0,[r0,#0xc]
        0x0000228e:    0780        ..      LSLS     r0,r0,#30
        0x00002290:    2800        .(      CMP      r0,#0
        0x00002292:    d401        ..      BMI      0x2298 ; SSP_Wait_TxFIFONotFull + 20
        0x00002294:    e7ff        ..      B        0x2296 ; SSP_Wait_TxFIFONotFull + 18
        0x00002296:    e7f8        ..      B        0x228a ; SSP_Wait_TxFIFONotFull + 6
        0x00002298:    b001        ..      ADD      sp,sp,#4
        0x0000229a:    4770        pG      BX       lr
    SystemInit
        0x0000229c:    f2400000    @...    MOVW     r0,#0
        0x000022a0:    f2c00000    ....    MOVT     r0,#0
        0x000022a4:    f64e5108    N..Q    MOV      r1,#0xed08
        0x000022a8:    f2ce0100    ....    MOVT     r1,#0xe000
        0x000022ac:    6008        .`      STR      r0,[r1,#0]
        0x000022ae:    f64e5188    N..Q    MOV      r1,#0xed88
        0x000022b2:    f2ce0100    ....    MOVT     r1,#0xe000
        0x000022b6:    6808        .h      LDR      r0,[r1,#0]
        0x000022b8:    f4400070    @.p.    ORR      r0,r0,#0xf00000
        0x000022bc:    6008        .`      STR      r0,[r1,#0]
        0x000022be:    f2400104    @...    MOVW     r1,#4
        0x000022c2:    f2c20100    ....    MOVT     r1,#0x2000
        0x000022c6:    f6470040    G.@.    MOV      r0,#0x7840
        0x000022ca:    f2c0107d    ..}.    MOVT     r0,#0x17d
        0x000022ce:    6008        .`      STR      r0,[r1,#0]
        0x000022d0:    4770        pG      BX       lr
        0x000022d2:    0000        ..      MOVS     r0,r0
    UART0_Handler
        0x000022d4:    b580        ..      PUSH     {r7,lr}
        0x000022d6:    b082        ..      SUB      sp,sp,#8
        0x000022d8:    f04f2040    O.@     MOV      r0,#0x40004000
        0x000022dc:    2108        .!      MOVS     r1,#8
        0x000022de:    f000f8a1    ....    BL       UART_GetITStatus ; 0x2424
        0x000022e2:    2801        .(      CMP      r0,#1
        0x000022e4:    d10e        ..      BNE      0x2304 ; UART0_Handler + 48
        0x000022e6:    e7ff        ..      B        0x22e8 ; UART0_Handler + 20
        0x000022e8:    f04f2040    O.@     MOV      r0,#0x40004000
        0x000022ec:    9000        ..      STR      r0,[sp,#0]
        0x000022ee:    f000f8ef    ....    BL       UART_ReceiveData ; 0x24d0
        0x000022f2:    4601        .F      MOV      r1,r0
        0x000022f4:    9800        ..      LDR      r0,[sp,#0]
        0x000022f6:    f88d1007    ....    STRB     r1,[sp,#7]
        0x000022fa:    f89d1007    ....    LDRB     r1,[sp,#7]
        0x000022fe:    f000f8fd    ....    BL       UART_SendData ; 0x24fc
        0x00002302:    e7ff        ..      B        0x2304 ; UART0_Handler + 48
        0x00002304:    f04f2040    O.@     MOV      r0,#0x40004000
        0x00002308:    2102        .!      MOVS     r1,#2
        0x0000230a:    f000f8a7    ....    BL       UART_ITCLEAR ; 0x245c
        0x0000230e:    b002        ..      ADD      sp,sp,#8
        0x00002310:    bd80        ..      POP      {r7,pc}
        0x00002312:    0000        ..      MOVS     r0,r0
    UART1_Handler
        0x00002314:    b580        ..      PUSH     {r7,lr}
        0x00002316:    b082        ..      SUB      sp,sp,#8
        0x00002318:    f2450000    E...    MOVW     r0,#0x5000
        0x0000231c:    f2c40000    ....    MOVT     r0,#0x4000
        0x00002320:    2108        .!      MOVS     r1,#8
        0x00002322:    f000f87f    ....    BL       UART_GetITStatus ; 0x2424
        0x00002326:    2801        .(      CMP      r0,#1
        0x00002328:    d110        ..      BNE      0x234c ; UART1_Handler + 56
        0x0000232a:    e7ff        ..      B        0x232c ; UART1_Handler + 24
        0x0000232c:    f2450000    E...    MOVW     r0,#0x5000
        0x00002330:    f2c40000    ....    MOVT     r0,#0x4000
        0x00002334:    9000        ..      STR      r0,[sp,#0]
        0x00002336:    f000f8cb    ....    BL       UART_ReceiveData ; 0x24d0
        0x0000233a:    4601        .F      MOV      r1,r0
        0x0000233c:    9800        ..      LDR      r0,[sp,#0]
        0x0000233e:    f88d1007    ....    STRB     r1,[sp,#7]
        0x00002342:    f89d1007    ....    LDRB     r1,[sp,#7]
        0x00002346:    f000f8d9    ....    BL       UART_SendData ; 0x24fc
        0x0000234a:    e7ff        ..      B        0x234c ; UART1_Handler + 56
        0x0000234c:    f2450000    E...    MOVW     r0,#0x5000
        0x00002350:    f2c40000    ....    MOVT     r0,#0x4000
        0x00002354:    2102        .!      MOVS     r1,#2
        0x00002356:    f000f881    ....    BL       UART_ITCLEAR ; 0x245c
        0x0000235a:    b002        ..      ADD      sp,sp,#8
        0x0000235c:    bd80        ..      POP      {r7,pc}
        0x0000235e:    0000        ..      MOVS     r0,r0
    UART2_Handler
        0x00002360:    b580        ..      PUSH     {r7,lr}
        0x00002362:    b082        ..      SUB      sp,sp,#8
        0x00002364:    f24f0000    O...    MOVW     r0,#0xf000
        0x00002368:    f2c40000    ....    MOVT     r0,#0x4000
        0x0000236c:    2108        .!      MOVS     r1,#8
        0x0000236e:    f000f859    ..Y.    BL       UART_GetITStatus ; 0x2424
        0x00002372:    2801        .(      CMP      r0,#1
        0x00002374:    d110        ..      BNE      0x2398 ; UART2_Handler + 56
        0x00002376:    e7ff        ..      B        0x2378 ; UART2_Handler + 24
        0x00002378:    f24f0000    O...    MOVW     r0,#0xf000
        0x0000237c:    f2c40000    ....    MOVT     r0,#0x4000
        0x00002380:    9000        ..      STR      r0,[sp,#0]
        0x00002382:    f000f8a5    ....    BL       UART_ReceiveData ; 0x24d0
        0x00002386:    4601        .F      MOV      r1,r0
        0x00002388:    9800        ..      LDR      r0,[sp,#0]
        0x0000238a:    f88d1007    ....    STRB     r1,[sp,#7]
        0x0000238e:    f89d1007    ....    LDRB     r1,[sp,#7]
        0x00002392:    f000f8b3    ....    BL       UART_SendData ; 0x24fc
        0x00002396:    e7ff        ..      B        0x2398 ; UART2_Handler + 56
        0x00002398:    f24f0000    O...    MOVW     r0,#0xf000
        0x0000239c:    f2c40000    ....    MOVT     r0,#0x4000
        0x000023a0:    2102        .!      MOVS     r1,#2
        0x000023a2:    f000f85b    ..[.    BL       UART_ITCLEAR ; 0x245c
        0x000023a6:    b002        ..      ADD      sp,sp,#8
        0x000023a8:    bd80        ..      POP      {r7,pc}
        0x000023aa:    0000        ..      MOVS     r0,r0
    UART_DeInit
        0x000023ac:    b580        ..      PUSH     {r7,lr}
        0x000023ae:    b084        ..      SUB      sp,sp,#0x10
        0x000023b0:    9003        ..      STR      r0,[sp,#0xc]
        0x000023b2:    9803        ..      LDR      r0,[sp,#0xc]
        0x000023b4:    f1b02f40    ..@/    CMP      r0,#0x40004000
        0x000023b8:    d10a        ..      BNE      0x23d0 ; UART_DeInit + 36
        0x000023ba:    e7ff        ..      B        0x23bc ; UART_DeInit + 16
        0x000023bc:    2008        .       MOVS     r0,#8
        0x000023be:    9002        ..      STR      r0,[sp,#8]
        0x000023c0:    2101        .!      MOVS     r1,#1
        0x000023c2:    f7fffd53    ..S.    BL       RCC_APB1PeriphResetCmd ; 0x1e6c
        0x000023c6:    9802        ..      LDR      r0,[sp,#8]
        0x000023c8:    2100        .!      MOVS     r1,#0
        0x000023ca:    f7fffd4f    ..O.    BL       RCC_APB1PeriphResetCmd ; 0x1e6c
        0x000023ce:    e026        &.      B        0x241e ; UART_DeInit + 114
        0x000023d0:    9803        ..      LDR      r0,[sp,#0xc]
        0x000023d2:    f2450100    E...    MOVW     r1,#0x5000
        0x000023d6:    f2c40100    ....    MOVT     r1,#0x4000
        0x000023da:    4288        .B      CMP      r0,r1
        0x000023dc:    d10a        ..      BNE      0x23f4 ; UART_DeInit + 72
        0x000023de:    e7ff        ..      B        0x23e0 ; UART_DeInit + 52
        0x000023e0:    2010        .       MOVS     r0,#0x10
        0x000023e2:    9001        ..      STR      r0,[sp,#4]
        0x000023e4:    2101        .!      MOVS     r1,#1
        0x000023e6:    f7fffd41    ..A.    BL       RCC_APB1PeriphResetCmd ; 0x1e6c
        0x000023ea:    9801        ..      LDR      r0,[sp,#4]
        0x000023ec:    2100        .!      MOVS     r1,#0
        0x000023ee:    f7fffd3d    ..=.    BL       RCC_APB1PeriphResetCmd ; 0x1e6c
        0x000023f2:    e013        ..      B        0x241c ; UART_DeInit + 112
        0x000023f4:    9803        ..      LDR      r0,[sp,#0xc]
        0x000023f6:    f24f0100    O...    MOVW     r1,#0xf000
        0x000023fa:    f2c40100    ....    MOVT     r1,#0x4000
        0x000023fe:    4288        .B      CMP      r0,r1
        0x00002400:    d10b        ..      BNE      0x241a ; UART_DeInit + 110
        0x00002402:    e7ff        ..      B        0x2404 ; UART_DeInit + 88
        0x00002404:    f44f6000    O..`    MOV      r0,#0x800
        0x00002408:    9000        ..      STR      r0,[sp,#0]
        0x0000240a:    2101        .!      MOVS     r1,#1
        0x0000240c:    f7fffd2e    ....    BL       RCC_APB1PeriphResetCmd ; 0x1e6c
        0x00002410:    9800        ..      LDR      r0,[sp,#0]
        0x00002412:    2100        .!      MOVS     r1,#0
        0x00002414:    f7fffd2a    ..*.    BL       RCC_APB1PeriphResetCmd ; 0x1e6c
        0x00002418:    e7ff        ..      B        0x241a ; UART_DeInit + 110
        0x0000241a:    e7ff        ..      B        0x241c ; UART_DeInit + 112
        0x0000241c:    e7ff        ..      B        0x241e ; UART_DeInit + 114
        0x0000241e:    b004        ..      ADD      sp,sp,#0x10
        0x00002420:    bd80        ..      POP      {r7,pc}
        0x00002422:    0000        ..      MOVS     r0,r0
    UART_GetITStatus
        0x00002424:    b082        ..      SUB      sp,sp,#8
        0x00002426:    9001        ..      STR      r0,[sp,#4]
        0x00002428:    f8ad1002    ....    STRH     r1,[sp,#2]
        0x0000242c:    2000        .       MOVS     r0,#0
        0x0000242e:    f88d0001    ....    STRB     r0,[sp,#1]
        0x00002432:    9801        ..      LDR      r0,[sp,#4]
        0x00002434:    68c0        .h      LDR      r0,[r0,#0xc]
        0x00002436:    f8bd1002    ....    LDRH     r1,[sp,#2]
        0x0000243a:    ea100f91    ....    TST      r0,r1,LSR #2
        0x0000243e:    d004        ..      BEQ      0x244a ; UART_GetITStatus + 38
        0x00002440:    e7ff        ..      B        0x2442 ; UART_GetITStatus + 30
        0x00002442:    2001        .       MOVS     r0,#1
        0x00002444:    f88d0001    ....    STRB     r0,[sp,#1]
        0x00002448:    e003        ..      B        0x2452 ; UART_GetITStatus + 46
        0x0000244a:    2000        .       MOVS     r0,#0
        0x0000244c:    f88d0001    ....    STRB     r0,[sp,#1]
        0x00002450:    e7ff        ..      B        0x2452 ; UART_GetITStatus + 46
        0x00002452:    f89d0001    ....    LDRB     r0,[sp,#1]
        0x00002456:    b002        ..      ADD      sp,sp,#8
        0x00002458:    4770        pG      BX       lr
        0x0000245a:    0000        ..      MOVS     r0,r0
    UART_ITCLEAR
        0x0000245c:    b082        ..      SUB      sp,sp,#8
        0x0000245e:    9001        ..      STR      r0,[sp,#4]
        0x00002460:    f8ad1002    ....    STRH     r1,[sp,#2]
        0x00002464:    f8bd2002    ...     LDRH     r2,[sp,#2]
        0x00002468:    9901        ..      LDR      r1,[sp,#4]
        0x0000246a:    68c8        .h      LDR      r0,[r1,#0xc]
        0x0000246c:    4310        .C      ORRS     r0,r0,r2
        0x0000246e:    60c8        .`      STR      r0,[r1,#0xc]
        0x00002470:    b002        ..      ADD      sp,sp,#8
        0x00002472:    4770        pG      BX       lr
    UART_ITConfig
        0x00002474:    b082        ..      SUB      sp,sp,#8
        0x00002476:    9001        ..      STR      r0,[sp,#4]
        0x00002478:    f8ad1002    ....    STRH     r1,[sp,#2]
        0x0000247c:    f88d2001    ...     STRB     r2,[sp,#1]
        0x00002480:    f89d0001    ....    LDRB     r0,[sp,#1]
        0x00002484:    b138        8.      CBZ      r0,0x2496 ; UART_ITConfig + 34
        0x00002486:    e7ff        ..      B        0x2488 ; UART_ITConfig + 20
        0x00002488:    f8bd2002    ...     LDRH     r2,[sp,#2]
        0x0000248c:    9901        ..      LDR      r1,[sp,#4]
        0x0000248e:    6888        .h      LDR      r0,[r1,#8]
        0x00002490:    4310        .C      ORRS     r0,r0,r2
        0x00002492:    6088        .`      STR      r0,[r1,#8]
        0x00002494:    e006        ..      B        0x24a4 ; UART_ITConfig + 48
        0x00002496:    f8bd2002    ...     LDRH     r2,[sp,#2]
        0x0000249a:    9901        ..      LDR      r1,[sp,#4]
        0x0000249c:    6888        .h      LDR      r0,[r1,#8]
        0x0000249e:    4390        .C      BICS     r0,r0,r2
        0x000024a0:    6088        .`      STR      r0,[r1,#8]
        0x000024a2:    e7ff        ..      B        0x24a4 ; UART_ITConfig + 48
        0x000024a4:    b002        ..      ADD      sp,sp,#8
        0x000024a6:    4770        pG      BX       lr
    UART_Init
        0x000024a8:    b082        ..      SUB      sp,sp,#8
        0x000024aa:    9001        ..      STR      r0,[sp,#4]
        0x000024ac:    9100        ..      STR      r1,[sp,#0]
        0x000024ae:    f2400000    @...    MOVW     r0,#0
        0x000024b2:    f2c20000    ....    MOVT     r0,#0x2000
        0x000024b6:    6800        .h      LDR      r0,[r0,#0]
        0x000024b8:    9900        ..      LDR      r1,[sp,#0]
        0x000024ba:    6809        .h      LDR      r1,[r1,#0]
        0x000024bc:    fbb0f0f1    ....    UDIV     r0,r0,r1
        0x000024c0:    9901        ..      LDR      r1,[sp,#4]
        0x000024c2:    6108        .a      STR      r0,[r1,#0x10]
        0x000024c4:    9800        ..      LDR      r0,[sp,#0]
        0x000024c6:    7900        .y      LDRB     r0,[r0,#4]
        0x000024c8:    9901        ..      LDR      r1,[sp,#4]
        0x000024ca:    6088        .`      STR      r0,[r1,#8]
        0x000024cc:    b002        ..      ADD      sp,sp,#8
        0x000024ce:    4770        pG      BX       lr
    UART_ReceiveData
        0x000024d0:    b082        ..      SUB      sp,sp,#8
        0x000024d2:    9001        ..      STR      r0,[sp,#4]
        0x000024d4:    2000        .       MOVS     r0,#0
        0x000024d6:    f88d0003    ....    STRB     r0,[sp,#3]
        0x000024da:    e7ff        ..      B        0x24dc ; UART_ReceiveData + 12
        0x000024dc:    9801        ..      LDR      r0,[sp,#4]
        0x000024de:    6840        @h      LDR      r0,[r0,#4]
        0x000024e0:    0780        ..      LSLS     r0,r0,#30
        0x000024e2:    2800        .(      CMP      r0,#0
        0x000024e4:    d401        ..      BMI      0x24ea ; UART_ReceiveData + 26
        0x000024e6:    e7ff        ..      B        0x24e8 ; UART_ReceiveData + 24
        0x000024e8:    e7f8        ..      B        0x24dc ; UART_ReceiveData + 12
        0x000024ea:    9801        ..      LDR      r0,[sp,#4]
        0x000024ec:    6800        .h      LDR      r0,[r0,#0]
        0x000024ee:    f88d0003    ....    STRB     r0,[sp,#3]
        0x000024f2:    f89d0003    ....    LDRB     r0,[sp,#3]
        0x000024f6:    b002        ..      ADD      sp,sp,#8
        0x000024f8:    4770        pG      BX       lr
        0x000024fa:    0000        ..      MOVS     r0,r0
    UART_SendData
        0x000024fc:    b082        ..      SUB      sp,sp,#8
        0x000024fe:    9001        ..      STR      r0,[sp,#4]
        0x00002500:    f88d1003    ....    STRB     r1,[sp,#3]
        0x00002504:    e7ff        ..      B        0x2506 ; UART_SendData + 10
        0x00002506:    9801        ..      LDR      r0,[sp,#4]
        0x00002508:    6840        @h      LDR      r0,[r0,#4]
        0x0000250a:    07c0        ..      LSLS     r0,r0,#31
        0x0000250c:    b108        ..      CBZ      r0,0x2512 ; UART_SendData + 22
        0x0000250e:    e7ff        ..      B        0x2510 ; UART_SendData + 20
        0x00002510:    e7f9        ..      B        0x2506 ; UART_SendData + 10
        0x00002512:    f89d0003    ....    LDRB     r0,[sp,#3]
        0x00002516:    9901        ..      LDR      r1,[sp,#4]
        0x00002518:    6008        .`      STR      r0,[r1,#0]
        0x0000251a:    b002        ..      ADD      sp,sp,#8
        0x0000251c:    4770        pG      BX       lr
        0x0000251e:    0000        ..      MOVS     r0,r0
    UartPutc
        0x00002520:    b081        ..      SUB      sp,sp,#4
        0x00002522:    f88d0003    ....    STRB     r0,[sp,#3]
        0x00002526:    e7ff        ..      B        0x2528 ; UartPutc + 8
        0x00002528:    f2440004    D...    MOV      r0,#0x4004
        0x0000252c:    f2c40000    ....    MOVT     r0,#0x4000
        0x00002530:    6800        .h      LDR      r0,[r0,#0]
        0x00002532:    07c0        ..      LSLS     r0,r0,#31
        0x00002534:    b108        ..      CBZ      r0,0x253a ; UartPutc + 26
        0x00002536:    e7ff        ..      B        0x2538 ; UartPutc + 24
        0x00002538:    e7f6        ..      B        0x2528 ; UartPutc + 8
        0x0000253a:    f89d0003    ....    LDRB     r0,[sp,#3]
        0x0000253e:    f04f2140    O.@!    MOV      r1,#0x40004000
        0x00002542:    6008        .`      STR      r0,[r1,#0]
        0x00002544:    f89d0003    ....    LDRB     r0,[sp,#3]
        0x00002548:    b001        ..      ADD      sp,sp,#4
        0x0000254a:    4770        pG      BX       lr
    __NVIC_ClearPendingIRQ
        0x0000254c:    b081        ..      SUB      sp,sp,#4
        0x0000254e:    f88d0003    ....    STRB     r0,[sp,#3]
        0x00002552:    f99d0003    ....    LDRSB    r0,[sp,#3]
        0x00002556:    2800        .(      CMP      r0,#0
        0x00002558:    d40e        ..      BMI      0x2578 ; __NVIC_ClearPendingIRQ + 44
        0x0000255a:    e7ff        ..      B        0x255c ; __NVIC_ClearPendingIRQ + 16
        0x0000255c:    f99d1003    ....    LDRSB    r1,[sp,#3]
        0x00002560:    f001021f    ....    AND      r2,r1,#0x1f
        0x00002564:    2001        .       MOVS     r0,#1
        0x00002566:    4090        .@      LSLS     r0,r0,r2
        0x00002568:    094a        J.      LSRS     r2,r1,#5
        0x0000256a:    f24e2180    N..!    MOV      r1,#0xe280
        0x0000256e:    f2ce0100    ....    MOVT     r1,#0xe000
        0x00002572:    f8410022    A.".    STR      r0,[r1,r2,LSL #2]
        0x00002576:    e7ff        ..      B        0x2578 ; __NVIC_ClearPendingIRQ + 44
        0x00002578:    b001        ..      ADD      sp,sp,#4
        0x0000257a:    4770        pG      BX       lr
    __NVIC_EnableIRQ
        0x0000257c:    b081        ..      SUB      sp,sp,#4
        0x0000257e:    f88d0003    ....    STRB     r0,[sp,#3]
        0x00002582:    f99d0003    ....    LDRSB    r0,[sp,#3]
        0x00002586:    2800        .(      CMP      r0,#0
        0x00002588:    d40e        ..      BMI      0x25a8 ; __NVIC_EnableIRQ + 44
        0x0000258a:    e7ff        ..      B        0x258c ; __NVIC_EnableIRQ + 16
        0x0000258c:    f99d1003    ....    LDRSB    r1,[sp,#3]
        0x00002590:    f001021f    ....    AND      r2,r1,#0x1f
        0x00002594:    2001        .       MOVS     r0,#1
        0x00002596:    4090        .@      LSLS     r0,r0,r2
        0x00002598:    094a        J.      LSRS     r2,r1,#5
        0x0000259a:    f24e1100    N...    MOVW     r1,#0xe100
        0x0000259e:    f2ce0100    ....    MOVT     r1,#0xe000
        0x000025a2:    f8410022    A.".    STR      r0,[r1,r2,LSL #2]
        0x000025a6:    e7ff        ..      B        0x25a8 ; __NVIC_EnableIRQ + 44
        0x000025a8:    b001        ..      ADD      sp,sp,#4
        0x000025aa:    4770        pG      BX       lr
    delay_ms
        0x000025ac:    b083        ..      SUB      sp,sp,#0xc
        0x000025ae:    f8ad000a    ....    STRH     r0,[sp,#0xa]
        0x000025b2:    2000        .       MOVS     r0,#0
        0x000025b4:    9001        ..      STR      r0,[sp,#4]
        0x000025b6:    e7ff        ..      B        0x25b8 ; delay_ms + 12
        0x000025b8:    9801        ..      LDR      r0,[sp,#4]
        0x000025ba:    f8bd100a    ....    LDRH     r1,[sp,#0xa]
        0x000025be:    4288        .B      CMP      r0,r1
        0x000025c0:    d212        ..      BCS      0x25e8 ; delay_ms + 60
        0x000025c2:    e7ff        ..      B        0x25c4 ; delay_ms + 24
        0x000025c4:    2000        .       MOVS     r0,#0
        0x000025c6:    9000        ..      STR      r0,[sp,#0]
        0x000025c8:    e7ff        ..      B        0x25ca ; delay_ms + 30
        0x000025ca:    9800        ..      LDR      r0,[sp,#0]
        0x000025cc:    08c0        ..      LSRS     r0,r0,#3
        0x000025ce:    287c        |(      CMP      r0,#0x7c
        0x000025d0:    d805        ..      BHI      0x25de ; delay_ms + 50
        0x000025d2:    e7ff        ..      B        0x25d4 ; delay_ms + 40
        0x000025d4:    e7ff        ..      B        0x25d6 ; delay_ms + 42
        0x000025d6:    9800        ..      LDR      r0,[sp,#0]
        0x000025d8:    3001        .0      ADDS     r0,#1
        0x000025da:    9000        ..      STR      r0,[sp,#0]
        0x000025dc:    e7f5        ..      B        0x25ca ; delay_ms + 30
        0x000025de:    e7ff        ..      B        0x25e0 ; delay_ms + 52
        0x000025e0:    9801        ..      LDR      r0,[sp,#4]
        0x000025e2:    3001        .0      ADDS     r0,#1
        0x000025e4:    9001        ..      STR      r0,[sp,#4]
        0x000025e6:    e7e7        ..      B        0x25b8 ; delay_ms + 12
        0x000025e8:    b003        ..      ADD      sp,sp,#0xc
        0x000025ea:    4770        pG      BX       lr
    flash_spi_init
        0x000025ec:    b580        ..      PUSH     {r7,lr}
        0x000025ee:    b086        ..      SUB      sp,sp,#0x18
        0x000025f0:    9005        ..      STR      r0,[sp,#0x14]
        0x000025f2:    2000        .       MOVS     r0,#0
        0x000025f4:    f2c40001    ....    MOVT     r0,#0x4001
        0x000025f8:    2115        .!      MOVS     r1,#0x15
        0x000025fa:    f7fffc1d    ....    BL       GPIO_SetBit ; 0x1e38
        0x000025fe:    9805        ..      LDR      r0,[sp,#0x14]
        0x00002600:    f7fffcc2    ....    BL       SSP_DeInit ; 0x1f88
        0x00002604:    9805        ..      LDR      r0,[sp,#0x14]
        0x00002606:    f7fffda7    ....    BL       SSP_PinRemap ; 0x2158
        0x0000260a:    200c        .       MOVS     r0,#0xc
        0x0000260c:    f8ad0006    ....    STRH     r0,[sp,#6]
        0x00002610:    2000        .       MOVS     r0,#0
        0x00002612:    f8ad0008    ....    STRH     r0,[sp,#8]
        0x00002616:    2107        .!      MOVS     r1,#7
        0x00002618:    f8ad1004    ....    STRH     r1,[sp,#4]
        0x0000261c:    f8ad000a    ....    STRH     r0,[sp,#0xa]
        0x00002620:    f8ad000e    ....    STRH     r0,[sp,#0xe]
        0x00002624:    f8ad0010    ....    STRH     r0,[sp,#0x10]
        0x00002628:    f8ad000c    ....    STRH     r0,[sp,#0xc]
        0x0000262c:    9805        ..      LDR      r0,[sp,#0x14]
        0x0000262e:    a901        ..      ADD      r1,sp,#4
        0x00002630:    f7fffd16    ....    BL       SSP_Init ; 0x2060
        0x00002634:    b006        ..      ADD      sp,sp,#0x18
        0x00002636:    bd80        ..      POP      {r7,pc}
    flash_test
        0x00002638:    b580        ..      PUSH     {r7,lr}
        0x0000263a:    b086        ..      SUB      sp,sp,#0x18
        0x0000263c:    2000        .       MOVS     r0,#0
        0x0000263e:    9004        ..      STR      r0,[sp,#0x10]
        0x00002640:    f24b0000    K...    MOVW     r0,#0xb000
        0x00002644:    f2c40000    ....    MOVT     r0,#0x4000
        0x00002648:    9003        ..      STR      r0,[sp,#0xc]
        0x0000264a:    9005        ..      STR      r0,[sp,#0x14]
        0x0000264c:    9805        ..      LDR      r0,[sp,#0x14]
        0x0000264e:    f7ffffcd    ....    BL       flash_spi_init ; 0x25ec
        0x00002652:    9903        ..      LDR      r1,[sp,#0xc]
        0x00002654:    9805        ..      LDR      r0,[sp,#0x14]
        0x00002656:    4288        .B      CMP      r0,r1
        0x00002658:    d107        ..      BNE      0x266a ; flash_test + 50
        0x0000265a:    e7ff        ..      B        0x265c ; flash_test + 36
        0x0000265c:    f24310c8    C...    MOV      r0,#0x31c8
        0x00002660:    f2c00000    ....    MOVT     r0,#0
        0x00002664:    f7fefa28    ..(.    BL       printf ; 0xab8
        0x00002668:    e006        ..      B        0x2678 ; flash_test + 64
        0x0000266a:    f24310e3    C...    MOV      r0,#0x31e3
        0x0000266e:    f2c00000    ....    MOVT     r0,#0
        0x00002672:    f7fefa21    ..!.    BL       printf ; 0xab8
        0x00002676:    e7ff        ..      B        0x2678 ; flash_test + 64
        0x00002678:    2024        $       MOVS     r0,#0x24
        0x0000267a:    9004        ..      STR      r0,[sp,#0x10]
        0x0000267c:    9805        ..      LDR      r0,[sp,#0x14]
        0x0000267e:    2100        .!      MOVS     r1,#0
        0x00002680:    9101        ..      STR      r1,[sp,#4]
        0x00002682:    f7fffb51    ..Q.    BL       Flash_SectorErase ; 0x1d28
        0x00002686:    9901        ..      LDR      r1,[sp,#4]
        0x00002688:    f243204d    C.M     MOV      r0,#0x324d
        0x0000268c:    f2c00000    ....    MOVT     r0,#0
        0x00002690:    f7fefa12    ....    BL       printf ; 0xab8
        0x00002694:    9a01        ..      LDR      r2,[sp,#4]
        0x00002696:    9805        ..      LDR      r0,[sp,#0x14]
        0x00002698:    f8bd3010    ...0    LDRH     r3,[sp,#0x10]
        0x0000269c:    f2400108    @...    MOVW     r1,#8
        0x000026a0:    f2c20100    ....    MOVT     r1,#0x2000
        0x000026a4:    9100        ..      STR      r1,[sp,#0]
        0x000026a6:    f7fffaf9    ....    BL       Flash_PageWrite ; 0x1c9c
        0x000026aa:    9a00        ..      LDR      r2,[sp,#0]
        0x000026ac:    9901        ..      LDR      r1,[sp,#4]
        0x000026ae:    f2432024    C.$     MOV      r0,#0x3224
        0x000026b2:    f2c00000    ....    MOVT     r0,#0
        0x000026b6:    f7fef9ff    ....    BL       printf ; 0xab8
        0x000026ba:    f2400090    @...    MOVW     r0,#0x90
        0x000026be:    f2c20000    ....    MOVT     r0,#0x2000
        0x000026c2:    9002        ..      STR      r0,[sp,#8]
        0x000026c4:    f44f7180    O..q    MOV      r1,#0x100
        0x000026c8:    f7fefa02    ....    BL       __aeabi_memclr ; 0xad0
        0x000026cc:    9a01        ..      LDR      r2,[sp,#4]
        0x000026ce:    9902        ..      LDR      r1,[sp,#8]
        0x000026d0:    9805        ..      LDR      r0,[sp,#0x14]
        0x000026d2:    f8bd3010    ...0    LDRH     r3,[sp,#0x10]
        0x000026d6:    f7fffa95    ....    BL       Flash_PageRead ; 0x1c04
        0x000026da:    9902        ..      LDR      r1,[sp,#8]
        0x000026dc:    f24310fe    C...    MOV      r0,#0x31fe
        0x000026e0:    f2c00000    ....    MOVT     r0,#0
        0x000026e4:    f7fef9e8    ....    BL       printf ; 0xab8
        0x000026e8:    b006        ..      ADD      sp,sp,#0x18
        0x000026ea:    bd80        ..      POP      {r7,pc}
    fputc
        0x000026ec:    b580        ..      PUSH     {r7,lr}
        0x000026ee:    b082        ..      SUB      sp,sp,#8
        0x000026f0:    9001        ..      STR      r0,[sp,#4]
        0x000026f2:    9100        ..      STR      r1,[sp,#0]
        0x000026f4:    f89d0004    ....    LDRB     r0,[sp,#4]
        0x000026f8:    f7ffff12    ....    BL       UartPutc ; 0x2520
        0x000026fc:    b002        ..      ADD      sp,sp,#8
        0x000026fe:    bd80        ..      POP      {r7,pc}
    main
        0x00002700:    b580        ..      PUSH     {r7,lr}
        0x00002702:    b086        ..      SUB      sp,sp,#0x18
        0x00002704:    2000        .       MOVS     r0,#0
        0x00002706:    9001        ..      STR      r0,[sp,#4]
        0x00002708:    9005        ..      STR      r0,[sp,#0x14]
        0x0000270a:    2000        .       MOVS     r0,#0
        0x0000270c:    f2c40001    ....    MOVT     r0,#0x4001
        0x00002710:    9002        ..      STR      r0,[sp,#8]
        0x00002712:    f7fffb47    ..G.    BL       GPIO_DeInit ; 0x1da4
        0x00002716:    9901        ..      LDR      r1,[sp,#4]
        0x00002718:    9802        ..      LDR      r0,[sp,#8]
        0x0000271a:    f7fffb73    ..s.    BL       GPIO_ResetBit ; 0x1e04
        0x0000271e:    9802        ..      LDR      r0,[sp,#8]
        0x00002720:    2101        .!      MOVS     r1,#1
        0x00002722:    9103        ..      STR      r1,[sp,#0xc]
        0x00002724:    f7fffb6e    ..n.    BL       GPIO_ResetBit ; 0x1e04
        0x00002728:    f44f707a    O.zp    MOV      r0,#0x3e8
        0x0000272c:    9004        ..      STR      r0,[sp,#0x10]
        0x0000272e:    f7ffff3d    ..=.    BL       delay_ms ; 0x25ac
        0x00002732:    9901        ..      LDR      r1,[sp,#4]
        0x00002734:    9802        ..      LDR      r0,[sp,#8]
        0x00002736:    f7fffb7f    ....    BL       GPIO_SetBit ; 0x1e38
        0x0000273a:    9802        ..      LDR      r0,[sp,#8]
        0x0000273c:    9903        ..      LDR      r1,[sp,#0xc]
        0x0000273e:    f7fffb7b    ..{.    BL       GPIO_SetBit ; 0x1e38
        0x00002742:    9804        ..      LDR      r0,[sp,#0x10]
        0x00002744:    f7ffff32    ..2.    BL       delay_ms ; 0x25ac
        0x00002748:    f44f30e1    O..0    MOV      r0,#0x1c200
        0x0000274c:    f000f80a    ....    BL       uart_init ; 0x2764
        0x00002750:    f7fffc04    ....    BL       SPI_test ; 0x1f5c
        0x00002754:    f7ffff70    ..p.    BL       flash_test ; 0x2638
        0x00002758:    e7ff        ..      B        0x275a ; main + 90
        0x0000275a:    2064        d       MOVS     r0,#0x64
        0x0000275c:    f7ffff26    ..&.    BL       delay_ms ; 0x25ac
        0x00002760:    e7fb        ..      B        0x275a ; main + 90
        0x00002762:    0000        ..      MOVS     r0,r0
    uart_init
        0x00002764:    b580        ..      PUSH     {r7,lr}
        0x00002766:    b082        ..      SUB      sp,sp,#8
        0x00002768:    9001        ..      STR      r0,[sp,#4]
        0x0000276a:    f04f2040    O.@     MOV      r0,#0x40004000
        0x0000276e:    9000        ..      STR      r0,[sp,#0]
        0x00002770:    9800        ..      LDR      r0,[sp,#0]
        0x00002772:    9901        ..      LDR      r1,[sp,#4]
        0x00002774:    f000f832    ..2.    BL       uartx_init ; 0x27dc
        0x00002778:    b002        ..      ADD      sp,sp,#8
        0x0000277a:    bd80        ..      POP      {r7,pc}
    uart_interrupt_init
        0x0000277c:    b580        ..      PUSH     {r7,lr}
        0x0000277e:    b084        ..      SUB      sp,sp,#0x10
        0x00002780:    9003        ..      STR      r0,[sp,#0xc]
        0x00002782:    9803        ..      LDR      r0,[sp,#0xc]
        0x00002784:    2108        .!      MOVS     r1,#8
        0x00002786:    2201        ."      MOVS     r2,#1
        0x00002788:    f7fffe74    ..t.    BL       UART_ITConfig ; 0x2474
        0x0000278c:    9803        ..      LDR      r0,[sp,#0xc]
        0x0000278e:    f1b02f40    ..@/    CMP      r0,#0x40004000
        0x00002792:    d108        ..      BNE      0x27a6 ; uart_interrupt_init + 42
        0x00002794:    e7ff        ..      B        0x2796 ; uart_interrupt_init + 26
        0x00002796:    2000        .       MOVS     r0,#0
        0x00002798:    9002        ..      STR      r0,[sp,#8]
        0x0000279a:    f7fffed7    ....    BL       __NVIC_ClearPendingIRQ ; 0x254c
        0x0000279e:    9802        ..      LDR      r0,[sp,#8]
        0x000027a0:    f7fffeec    ....    BL       __NVIC_EnableIRQ ; 0x257c
        0x000027a4:    e018        ..      B        0x27d8 ; uart_interrupt_init + 92
        0x000027a6:    9803        ..      LDR      r0,[sp,#0xc]
        0x000027a8:    f2450100    E...    MOVW     r1,#0x5000
        0x000027ac:    f2c40100    ....    MOVT     r1,#0x4000
        0x000027b0:    4288        .B      CMP      r0,r1
        0x000027b2:    d108        ..      BNE      0x27c6 ; uart_interrupt_init + 74
        0x000027b4:    e7ff        ..      B        0x27b6 ; uart_interrupt_init + 58
        0x000027b6:    2002        .       MOVS     r0,#2
        0x000027b8:    9001        ..      STR      r0,[sp,#4]
        0x000027ba:    f7fffec7    ....    BL       __NVIC_ClearPendingIRQ ; 0x254c
        0x000027be:    9801        ..      LDR      r0,[sp,#4]
        0x000027c0:    f7fffedc    ....    BL       __NVIC_EnableIRQ ; 0x257c
        0x000027c4:    e007        ..      B        0x27d6 ; uart_interrupt_init + 90
        0x000027c6:    2040        @       MOVS     r0,#0x40
        0x000027c8:    9000        ..      STR      r0,[sp,#0]
        0x000027ca:    f7fffebf    ....    BL       __NVIC_ClearPendingIRQ ; 0x254c
        0x000027ce:    9800        ..      LDR      r0,[sp,#0]
        0x000027d0:    f7fffed4    ....    BL       __NVIC_EnableIRQ ; 0x257c
        0x000027d4:    e7ff        ..      B        0x27d6 ; uart_interrupt_init + 90
        0x000027d6:    e7ff        ..      B        0x27d8 ; uart_interrupt_init + 92
        0x000027d8:    b004        ..      ADD      sp,sp,#0x10
        0x000027da:    bd80        ..      POP      {r7,pc}
    uartx_init
        0x000027dc:    b580        ..      PUSH     {r7,lr}
        0x000027de:    b08a        ..      SUB      sp,sp,#0x28
        0x000027e0:    9009        ..      STR      r0,[sp,#0x24]
        0x000027e2:    9108        ..      STR      r1,[sp,#0x20]
        0x000027e4:    9809        ..      LDR      r0,[sp,#0x24]
        0x000027e6:    f7fffde1    ....    BL       UART_DeInit ; 0x23ac
        0x000027ea:    9809        ..      LDR      r0,[sp,#0x24]
        0x000027ec:    f1b02f40    ..@/    CMP      r0,#0x40004000
        0x000027f0:    d10f        ..      BNE      0x2812 ; uartx_init + 54
        0x000027f2:    e7ff        ..      B        0x27f4 ; uartx_init + 24
        0x000027f4:    2000        .       MOVS     r0,#0
        0x000027f6:    f2c40001    ....    MOVT     r0,#0x4001
        0x000027fa:    9004        ..      STR      r0,[sp,#0x10]
        0x000027fc:    2104        .!      MOVS     r1,#4
        0x000027fe:    2201        ."      MOVS     r2,#1
        0x00002800:    9205        ..      STR      r2,[sp,#0x14]
        0x00002802:    f7fffaed    ....    BL       GPIO_PinRemapConfig ; 0x1de0
        0x00002806:    9804        ..      LDR      r0,[sp,#0x10]
        0x00002808:    9a05        ..      LDR      r2,[sp,#0x14]
        0x0000280a:    2108        .!      MOVS     r1,#8
        0x0000280c:    f7fffae8    ....    BL       GPIO_PinRemapConfig ; 0x1de0
        0x00002810:    e028        (.      B        0x2864 ; uartx_init + 136
        0x00002812:    9809        ..      LDR      r0,[sp,#0x24]
        0x00002814:    f2450100    E...    MOVW     r1,#0x5000
        0x00002818:    f2c40100    ....    MOVT     r1,#0x4000
        0x0000281c:    4288        .B      CMP      r0,r1
        0x0000281e:    d10f        ..      BNE      0x2840 ; uartx_init + 100
        0x00002820:    e7ff        ..      B        0x2822 ; uartx_init + 70
        0x00002822:    2000        .       MOVS     r0,#0
        0x00002824:    f2c40001    ....    MOVT     r0,#0x4001
        0x00002828:    9002        ..      STR      r0,[sp,#8]
        0x0000282a:    2110        .!      MOVS     r1,#0x10
        0x0000282c:    2201        ."      MOVS     r2,#1
        0x0000282e:    9203        ..      STR      r2,[sp,#0xc]
        0x00002830:    f7fffad6    ....    BL       GPIO_PinRemapConfig ; 0x1de0
        0x00002834:    9802        ..      LDR      r0,[sp,#8]
        0x00002836:    9a03        ..      LDR      r2,[sp,#0xc]
        0x00002838:    2120         !      MOVS     r1,#0x20
        0x0000283a:    f7fffad1    ....    BL       GPIO_PinRemapConfig ; 0x1de0
        0x0000283e:    e010        ..      B        0x2862 ; uartx_init + 134
        0x00002840:    2000        .       MOVS     r0,#0
        0x00002842:    f2c40001    ....    MOVT     r0,#0x4001
        0x00002846:    9000        ..      STR      r0,[sp,#0]
        0x00002848:    f44f0180    O...    MOV      r1,#0x400000
        0x0000284c:    2201        ."      MOVS     r2,#1
        0x0000284e:    9201        ..      STR      r2,[sp,#4]
        0x00002850:    f7fffac6    ....    BL       GPIO_PinRemapConfig ; 0x1de0
        0x00002854:    9800        ..      LDR      r0,[sp,#0]
        0x00002856:    9a01        ..      LDR      r2,[sp,#4]
        0x00002858:    f44f0100    O...    MOV      r1,#0x800000
        0x0000285c:    f7fffac0    ....    BL       GPIO_PinRemapConfig ; 0x1de0
        0x00002860:    e7ff        ..      B        0x2862 ; uartx_init + 134
        0x00002862:    e7ff        ..      B        0x2864 ; uartx_init + 136
        0x00002864:    9808        ..      LDR      r0,[sp,#0x20]
        0x00002866:    9006        ..      STR      r0,[sp,#0x18]
        0x00002868:    2003        .       MOVS     r0,#3
        0x0000286a:    f88d001c    ....    STRB     r0,[sp,#0x1c]
        0x0000286e:    9809        ..      LDR      r0,[sp,#0x24]
        0x00002870:    a906        ..      ADD      r1,sp,#0x18
        0x00002872:    f7fffe19    ....    BL       UART_Init ; 0x24a8
        0x00002876:    9809        ..      LDR      r0,[sp,#0x24]
        0x00002878:    f7ffff80    ....    BL       uart_interrupt_init ; 0x277c
        0x0000287c:    b00a        ..      ADD      sp,sp,#0x28
        0x0000287e:    bd80        ..      POP      {r7,pc}
    $t
    CL$$btod_d2e
    _btod_d2e
        0x00002880:    ea5f0c40    _.@.    LSLS     r12,r0,#1
        0x00002884:    bf08        ..      IT       EQ
        0x00002886:    f0910f00    ....    TEQEQ    r1,#0
        0x0000288a:    ea4f238c    O..#    LSL      r3,r12,#10
        0x0000288e:    ea4f22c1    O.."    LSL      r2,r1,#11
        0x00002892:    ea435151    C.QQ    ORR      r1,r3,r1,LSR #21
        0x00002896:    ea4f501c    O..P    LSR      r0,r12,#20
        0x0000289a:    bf18        ..      IT       NE
        0x0000289c:    f50040f0    ...@    ADDNE    r0,r0,#0x7800
        0x000028a0:    ea4f0030    O.0.    RRX      r0,r0
        0x000028a4:    bf18        ..      IT       NE
        0x000028a6:    f0414100    A..A    ORRNE    r1,r1,#0x80000000
        0x000028aa:    ea5f5c6c    _.l\    ASRS     r12,r12,#21
        0x000028ae:    f0008029    ..).    BEQ.W    _d2e_norm_op1 ; 0x2904
        0x000028b2:    f1bc3fff    ...?    CMP      r12,#0xffffffff
        0x000028b6:    bf08        ..      IT       EQ
        0x000028b8:    f0404080    @..@    ORREQ    r0,r0,#0x40000000
        0x000028bc:    4770        pG      BX       lr
    CL$$btod_d2e_denorm_low
    _d2e_denorm_low
        0x000028be:    0c13        ..      LSRS     r3,r2,#16
        0x000028c0:    bf06        ..      ITTE     EQ
        0x000028c2:    0412        ..      LSLEQ    r2,r2,#16
        0x000028c4:    f04f0c10    O...    MOVEQ    r12,#0x10
        0x000028c8:    f04f0c00    O...    MOVNE    r12,#0
        0x000028cc:    0e13        ..      LSRS     r3,r2,#24
        0x000028ce:    bf04        ..      ITT      EQ
        0x000028d0:    0212        ..      LSLEQ    r2,r2,#8
        0x000028d2:    f10c0c08    ....    ADDEQ    r12,r12,#8
        0x000028d6:    0f13        ..      LSRS     r3,r2,#28
        0x000028d8:    bf04        ..      ITT      EQ
        0x000028da:    0112        ..      LSLEQ    r2,r2,#4
        0x000028dc:    f10c0c04    ....    ADDEQ    r12,r12,#4
        0x000028e0:    0f93        ..      LSRS     r3,r2,#30
        0x000028e2:    bf04        ..      ITT      EQ
        0x000028e4:    0092        ..      LSLEQ    r2,r2,#2
        0x000028e6:    f10c0c02    ....    ADDEQ    r12,r12,#2
        0x000028ea:    0fd3        ..      LSRS     r3,r2,#31
        0x000028ec:    bf04        ..      ITT      EQ
        0x000028ee:    0052        R.      LSLEQ    r2,r2,#1
        0x000028f0:    f10c0c01    ....    ADDEQ    r12,r12,#1
        0x000028f4:    4611        .F      MOV      r1,r2
        0x000028f6:    f04f0200    O...    MOV      r2,#0
        0x000028fa:    f1a0001f    ....    SUB      r0,r0,#0x1f
        0x000028fe:    eba0000c    ....    SUB      r0,r0,r12
        0x00002902:    4770        pG      BX       lr
    CL$$btod_d2e_norm_op1
    _d2e_norm_op1
        0x00002904:    f0114f00    ...O    TST      r1,#0x80000000
        0x00002908:    bf08        ..      IT       EQ
        0x0000290a:    4770        pG      BXEQ     lr
        0x0000290c:    f0314100    1..A    BICS     r1,r1,#0x80000000
        0x00002910:    f43fafd5    ?...    BEQ.W    _d2e_denorm_low ; 0x28be
        0x00002914:    0c0b        ..      LSRS     r3,r1,#16
        0x00002916:    bf06        ..      ITTE     EQ
        0x00002918:    0409        ..      LSLEQ    r1,r1,#16
        0x0000291a:    f04f0c10    O...    MOVEQ    r12,#0x10
        0x0000291e:    f04f0c00    O...    MOVNE    r12,#0
        0x00002922:    0e0b        ..      LSRS     r3,r1,#24
        0x00002924:    bf04        ..      ITT      EQ
        0x00002926:    0209        ..      LSLEQ    r1,r1,#8
        0x00002928:    f10c0c08    ....    ADDEQ    r12,r12,#8
        0x0000292c:    0f0b        ..      LSRS     r3,r1,#28
        0x0000292e:    bf04        ..      ITT      EQ
        0x00002930:    0109        ..      LSLEQ    r1,r1,#4
        0x00002932:    f10c0c04    ....    ADDEQ    r12,r12,#4
        0x00002936:    0f8b        ..      LSRS     r3,r1,#30
        0x00002938:    bf04        ..      ITT      EQ
        0x0000293a:    0089        ..      LSLEQ    r1,r1,#2
        0x0000293c:    f10c0c02    ....    ADDEQ    r12,r12,#2
        0x00002940:    0fcb        ..      LSRS     r3,r1,#31
        0x00002942:    bf04        ..      ITT      EQ
        0x00002944:    0049        I.      LSLEQ    r1,r1,#1
        0x00002946:    f10c0c01    ....    ADDEQ    r12,r12,#1
        0x0000294a:    f1cc0320    .. .    RSB      r3,r12,#0x20
        0x0000294e:    fa22f303    "...    LSR      r3,r2,r3
        0x00002952:    ea410103    A...    ORR      r1,r1,r3
        0x00002956:    fa02f20c    ....    LSL      r2,r2,r12
        0x0000295a:    eba0000c    ....    SUB      r0,r0,r12
        0x0000295e:    f1000001    ....    ADD      r0,r0,#1
        0x00002962:    4770        pG      BX       lr
    CL$$btod_div_common
    __btod_div_common
        0x00002964:    f023477f    #..G    BIC      r7,r3,#0xff000000
        0x00002968:    f0204c7f     ..L    BIC      r12,r0,#0xff000000
        0x0000296c:    ea800003    ....    EOR      r0,r0,r3
        0x00002970:    f0004000    ...@    AND      r0,r0,#0x80000000
        0x00002974:    ebac0307    ....    SUB      r3,r12,r7
        0x00002978:    f503537c    ..|S    ADD      r3,r3,#0x3f00
        0x0000297c:    f10303ff    ....    ADD      r3,r3,#0xff
        0x00002980:    e92d4980    -..I    PUSH     {r7,r8,r11,lr}
        0x00002984:    b409        ..      PUSH     {r0,r3}
        0x00002986:    ea4f4314    O..C    LSR      r3,r4,#16
        0x0000298a:    ea244803    $..H    BIC      r8,r4,r3,LSL #16
        0x0000298e:    ea4f4b15    O..K    LSR      r11,r5,#16
        0x00002992:    ea254e0b    %..N    BIC      lr,r5,r11,LSL #16
        0x00002996:    f20f2604    ...&    ADR.W    r6,{pc}+0x206 ; 0x2b9c
        0x0000299a:    eb062713    ...'    ADD      r7,r6,r3,LSR #8
        0x0000299e:    783e        >x      LDRB     r6,[r7,#0]
        0x000029a0:    fb036706    ...g    MLA      r7,r3,r6,r6
        0x000029a4:    f5c70700    ....    RSB      r7,r7,#0x800000
        0x000029a8:    fb07f606    ....    MUL      r6,r7,r6
        0x000029ac:    ea4f46d6    O..F    LSR      r6,r6,#19
        0x000029b0:    f1060602    ....    ADD      r6,r6,#2
        0x000029b4:    ea4f3754    O.T7    LSR      r7,r4,#13
        0x000029b8:    fb076c06    ...l    MLA      r12,r7,r6,r6
        0x000029bc:    f1cc5c00    ...\    RSB      r12,r12,#0x20000000
        0x000029c0:    ea4f471c    O..G    LSR      r7,r12,#16
        0x000029c4:    ea2c4c07    ,..L    BIC      r12,r12,r7,LSL #16
        0x000029c8:    fb0cf506    ....    MUL      r5,r12,r6
        0x000029cc:    fb07f406    ....    MUL      r4,r7,r6
        0x000029d0:    eb044615    ...F    ADD      r6,r4,r5,LSR #16
        0x000029d4:    ea4f1696    O...    LSR      r6,r6,#6
        0x000029d8:    0849        I.      LSRS     r1,r1,#1
        0x000029da:    ea5f0232    _.2.    RRXS     r2,r2
        0x000029de:    bf34        4.      ITE      CC
        0x000029e0:    2000        .       MOVCC    r0,#0
        0x000029e2:    f04f4000    O..@    MOVCS    r0,#0x80000000
        0x000029e6:    ea4f37d1    O..7    LSR      r7,r1,#15
        0x000029ea:    fb06fc07    ....    MUL      r12,r6,r7
        0x000029ee:    ea4f4c1c    O..L    LSR      r12,r12,#16
        0x000029f2:    fb0cf70b    ....    MUL      r7,r12,r11
        0x000029f6:    1bd2        ..      SUBS     r2,r2,r7
        0x000029f8:    fb03f70c    ....    MUL      r7,r3,r12
        0x000029fc:    eb610107    a...    SBC      r1,r1,r7
        0x00002a00:    fb0cf70e    ....    MUL      r7,r12,lr
        0x00002a04:    ebb04007    ...@    SUBS     r0,r0,r7,LSL #16
        0x00002a08:    eb724217    r..B    SBCS     r2,r2,r7,LSR #16
        0x00002a0c:    fb0cf708    ....    MUL      r7,r12,r8
        0x00002a10:    bf34        4.      ITE      CC
        0x00002a12:    eba24207    ...B    SUBCC    r2,r2,r7,LSL #16
        0x00002a16:    ebb24207    ...B    SUBSCS   r2,r2,r7,LSL #16
        0x00002a1a:    eb614117    a..A    SBC      r1,r1,r7,LSR #16
        0x00002a1e:    ea4f440c    O..D    LSL      r4,r12,#16
        0x00002a22:    ea4f0791    O...    LSR      r7,r1,#2
        0x00002a26:    fb06fc07    ....    MUL      r12,r6,r7
        0x00002a2a:    ea4f4c1c    O..L    LSR      r12,r12,#16
        0x00002a2e:    fb0cf70b    ....    MUL      r7,r12,r11
        0x00002a32:    ebb040c7    ...@    SUBS     r0,r0,r7,LSL #19
        0x00002a36:    eb723257    r.W2    SBCS     r2,r2,r7,LSR #13
        0x00002a3a:    fb03f70c    ....    MUL      r7,r3,r12
        0x00002a3e:    bf34        4.      ITE      CC
        0x00002a40:    eba242c7    ...B    SUBCC    r2,r2,r7,LSL #19
        0x00002a44:    ebb242c7    ...B    SUBSCS   r2,r2,r7,LSL #19
        0x00002a48:    eb613157    a.W1    SBC      r1,r1,r7,LSR #13
        0x00002a4c:    fb0cf70e    ....    MUL      r7,r12,lr
        0x00002a50:    ebb000c7    ....    SUBS     r0,r0,r7,LSL #3
        0x00002a54:    eb727257    r.Wr    SBCS     r2,r2,r7,LSR #29
        0x00002a58:    fb0cf708    ....    MUL      r7,r12,r8
        0x00002a5c:    bf34        4.      ITE      CC
        0x00002a5e:    eba202c7    ....    SUBCC    r2,r2,r7,LSL #3
        0x00002a62:    ebb202c7    ....    SUBSCS   r2,r2,r7,LSL #3
        0x00002a66:    eb617157    a.Wq    SBC      r1,r1,r7,LSR #29
        0x00002a6a:    ea4f6181    O..a    LSL      r1,r1,#26
        0x00002a6e:    ea411192    A...    ORR      r1,r1,r2,LSR #6
        0x00002a72:    ea4f6282    O..b    LSL      r2,r2,#26
        0x00002a76:    ea421290    B...    ORR      r2,r2,r0,LSR #6
        0x00002a7a:    ea4f6080    O..`    LSL      r0,r0,#26
        0x00002a7e:    eb0404cc    ....    ADD      r4,r4,r12,LSL #3
        0x00002a82:    9f03        ..      LDR      r7,[sp,#0xc]
        0x00002a84:    ea4f37d1    O..7    LSR      r7,r1,#15
        0x00002a88:    fb06fc07    ....    MUL      r12,r6,r7
        0x00002a8c:    ea4f4c1c    O..L    LSR      r12,r12,#16
        0x00002a90:    fb0cf70b    ....    MUL      r7,r12,r11
        0x00002a94:    1bd2        ..      SUBS     r2,r2,r7
        0x00002a96:    fb03f70c    ....    MUL      r7,r3,r12
        0x00002a9a:    eb610107    a...    SBC      r1,r1,r7
        0x00002a9e:    fb0cf70e    ....    MUL      r7,r12,lr
        0x00002aa2:    ebb04007    ...@    SUBS     r0,r0,r7,LSL #16
        0x00002aa6:    eb724217    r..B    SBCS     r2,r2,r7,LSR #16
        0x00002aaa:    fb0cf708    ....    MUL      r7,r12,r8
        0x00002aae:    bf34        4.      ITE      CC
        0x00002ab0:    eba24207    ...B    SUBCC    r2,r2,r7,LSL #16
        0x00002ab4:    ebb24207    ...B    SUBSCS   r2,r2,r7,LSL #16
        0x00002ab8:    eb614117    a..A    SBC      r1,r1,r7,LSR #16
        0x00002abc:    ea4f558c    O..U    LSL      r5,r12,#22
        0x00002ac0:    eb04249c    ...$    ADD      r4,r4,r12,LSR #10
        0x00002ac4:    ea4f0791    O...    LSR      r7,r1,#2
        0x00002ac8:    fb06fc07    ....    MUL      r12,r6,r7
        0x00002acc:    ea4f4c1c    O..L    LSR      r12,r12,#16
        0x00002ad0:    fb0cf70b    ....    MUL      r7,r12,r11
        0x00002ad4:    ebb040c7    ...@    SUBS     r0,r0,r7,LSL #19
        0x00002ad8:    eb723257    r.W2    SBCS     r2,r2,r7,LSR #13
        0x00002adc:    fb03f70c    ....    MUL      r7,r3,r12
        0x00002ae0:    bf34        4.      ITE      CC
        0x00002ae2:    eba242c7    ...B    SUBCC    r2,r2,r7,LSL #19
        0x00002ae6:    ebb242c7    ...B    SUBSCS   r2,r2,r7,LSL #19
        0x00002aea:    eb613157    a.W1    SBC      r1,r1,r7,LSR #13
        0x00002aee:    fb0cf70e    ....    MUL      r7,r12,lr
        0x00002af2:    ebb000c7    ....    SUBS     r0,r0,r7,LSL #3
        0x00002af6:    eb727257    r.Wr    SBCS     r2,r2,r7,LSR #29
        0x00002afa:    fb0cf708    ....    MUL      r7,r12,r8
        0x00002afe:    bf34        4.      ITE      CC
        0x00002b00:    eba202c7    ....    SUBCC    r2,r2,r7,LSL #3
        0x00002b04:    ebb202c7    ....    SUBSCS   r2,r2,r7,LSL #3
        0x00002b08:    eb617157    a.Wq    SBC      r1,r1,r7,LSR #29
        0x00002b0c:    ea4f6181    O..a    LSL      r1,r1,#26
        0x00002b10:    ea411192    A...    ORR      r1,r1,r2,LSR #6
        0x00002b14:    ea4f6282    O..b    LSL      r2,r2,#26
        0x00002b18:    ea421290    B...    ORR      r2,r2,r0,LSR #6
        0x00002b1c:    ea4f6080    O..`    LSL      r0,r0,#26
        0x00002b20:    eb15254c    ..L%    ADDS     r5,r5,r12,LSL #9
        0x00002b24:    f1440400    D...    ADC      r4,r4,#0
        0x00002b28:    ea4f37d1    O..7    LSR      r7,r1,#15
        0x00002b2c:    fb06fc07    ....    MUL      r12,r6,r7
        0x00002b30:    ea4f4c1c    O..L    LSR      r12,r12,#16
        0x00002b34:    fb0cf70b    ....    MUL      r7,r12,r11
        0x00002b38:    1bd2        ..      SUBS     r2,r2,r7
        0x00002b3a:    fb03f70c    ....    MUL      r7,r3,r12
        0x00002b3e:    eb610107    a...    SBC      r1,r1,r7
        0x00002b42:    fb0cf70e    ....    MUL      r7,r12,lr
        0x00002b46:    ebb04007    ...@    SUBS     r0,r0,r7,LSL #16
        0x00002b4a:    eb724217    r..B    SBCS     r2,r2,r7,LSR #16
        0x00002b4e:    fb0cf708    ....    MUL      r7,r12,r8
        0x00002b52:    bf34        4.      ITE      CC
        0x00002b54:    eba24207    ...B    SUBCC    r2,r2,r7,LSL #16
        0x00002b58:    ebb24207    ...B    SUBSCS   r2,r2,r7,LSL #16
        0x00002b5c:    eb614117    a..A    SBC      r1,r1,r7,LSR #16
        0x00002b60:    ea4f3181    O..1    LSL      r1,r1,#14
        0x00002b64:    ea414192    A..A    ORR      r1,r1,r2,LSR #18
        0x00002b68:    ea4f3282    O..2    LSL      r2,r2,#14
        0x00002b6c:    ea424290    B..B    ORR      r2,r2,r0,LSR #18
        0x00002b70:    ea4f3080    O..0    LSL      r0,r0,#14
        0x00002b74:    ea4f760c    O..v    LSL      r6,r12,#28
        0x00002b78:    eb15151c    ....    ADDS     r5,r5,r12,LSR #4
        0x00002b7c:    f1440400    D...    ADC      r4,r4,#0
        0x00002b80:    ea484303    H..C    ORR      r3,r8,r3,LSL #16
        0x00002b84:    ea4e480b    N..H    ORR      r8,lr,r11,LSL #16
        0x00002b88:    f04f0e00    O...    MOV      lr,#0
        0x00002b8c:    ebb20c08    ....    SUBS     r12,r2,r8
        0x00002b90:    eb710703    q...    SBCS     r7,r1,r3
        0x00002b94:    bf24        $.      ITT      CS
        0x00002b96:    4662        bF      MOVCS    r2,r12
        0x00002b98:    4639        9F      MOVCS    r1,r7
        0x00002b9a:    eb4e0e0e    N...    ADC      lr,lr,lr
        0x00002b9e:    f04f0b00    O...    MOV      r11,#0
        0x00002ba2:    1800        ..      ADDS     r0,r0,r0
        0x00002ba4:    4152        RA      ADCS     r2,r2,r2
        0x00002ba6:    4149        IA      ADCS     r1,r1,r1
        0x00002ba8:    eb4b0b0b    K...    ADC      r11,r11,r11
        0x00002bac:    ebb20c08    ....    SUBS     r12,r2,r8
        0x00002bb0:    eb710703    q...    SBCS     r7,r1,r3
        0x00002bb4:    f17b0b00    {...    SBCS     r11,r11,#0
        0x00002bb8:    bf24        $.      ITT      CS
        0x00002bba:    4662        bF      MOVCS    r2,r12
        0x00002bbc:    4639        9F      MOVCS    r1,r7
        0x00002bbe:    eb4e0e0e    N...    ADC      lr,lr,lr
        0x00002bc2:    f04f0b00    O...    MOV      r11,#0
        0x00002bc6:    1800        ..      ADDS     r0,r0,r0
        0x00002bc8:    4152        RA      ADCS     r2,r2,r2
        0x00002bca:    4149        IA      ADCS     r1,r1,r1
        0x00002bcc:    eb4b0b0b    K...    ADC      r11,r11,r11
        0x00002bd0:    ebb20c08    ....    SUBS     r12,r2,r8
        0x00002bd4:    eb710703    q...    SBCS     r7,r1,r3
        0x00002bd8:    f17b0b00    {...    SBCS     r11,r11,#0
        0x00002bdc:    bf24        $.      ITT      CS
        0x00002bde:    4662        bF      MOVCS    r2,r12
        0x00002be0:    4639        9F      MOVCS    r1,r7
        0x00002be2:    eb4e0e0e    N...    ADC      lr,lr,lr
        0x00002be6:    ea510702    Q...    ORRS     r7,r1,r2
        0x00002bea:    bf18        ..      IT       NE
        0x00002bec:    f0460601    F...    ORRNE    r6,r6,#1
        0x00002bf0:    eb16760e    ...v    ADDS     r6,r6,lr,LSL #28
        0x00002bf4:    f1550200    U...    ADCS     r2,r5,#0
        0x00002bf8:    f1540100    T...    ADCS     r1,r4,#0
        0x00002bfc:    d503        ..      BPL      0x2c06 ; __btod_div_common + 674
        0x00002bfe:    e8bd0189    ....    POP      {r0,r3,r7,r8}
        0x00002c02:    e8bd8800    ....    POP      {r11,pc}
        0x00002c06:    e8bd0189    ....    POP      {r0,r3,r7,r8}
        0x00002c0a:    e8bd4800    ...H    POP      {r11,lr}
        0x00002c0e:    19b6        ..      ADDS     r6,r6,r6
        0x00002c10:    4152        RA      ADCS     r2,r2,r2
        0x00002c12:    eb410101    A...    ADC      r1,r1,r1
        0x00002c16:    f1a30301    ....    SUB      r3,r3,#1
        0x00002c1a:    4770        pG      BX       lr
    $d
        0x00002c1c:    7e7f8080    ...~    DCD    2122285184
        0x00002c20:    7a7b7c7d    }|{z    DCD    2054913149
        0x00002c24:    76777879    yxwv    DCD    1987541113
        0x00002c28:    73747576    vuts    DCD    1937012086
        0x00002c2c:    70717172    rqqp    DCD    1886482802
        0x00002c30:    6d6e6e6f    onnm    DCD    1835953775
        0x00002c34:    6a6b6c6c    llkj    DCD    1785425004
        0x00002c38:    6868696a    jihh    DCD    1751673194
        0x00002c3c:    65666667    gffe    DCD    1701209703
        0x00002c40:    63636464    ddcc    DCD    1667458148
        0x00002c44:    60616162    baa`    DCD    1616994658
        0x00002c48:    5e5f5f60    `__^    DCD    1583308640
        0x00002c4c:    5c5d5d5e    ^]]\    DCD    1549622622
        0x00002c50:    5a5b5b5c    \[[Z    DCD    1515936604
        0x00002c54:    5859595a    ZYYX    DCD    1482250586
        0x00002c58:    56575758    XWWV    DCD    1448564568
        0x00002c5c:    55555556    VUUU    DCD    1431655766
        0x00002c60:    53535454    TTSS    DCD    1397970004
        0x00002c64:    51525252    RRRQ    DCD    1364349522
        0x00002c68:    50505051    QPPP    DCD    1347440721
        0x00002c6c:    4e4f4f4f    OOON    DCD    1313820495
        0x00002c70:    4d4d4d4e    NMMM    DCD    1296911694
        0x00002c74:    4b4c4c4c    LLLK    DCD    1263291468
        0x00002c78:    4a4a4b4b    KKJJ    DCD    1246382923
        0x00002c7c:    4949494a    JIII    DCD    1229539658
        0x00002c80:    47484848    HHHG    DCD    1195919432
        0x00002c84:    46474747    GGGF    DCD    1179076423
        0x00002c88:    45454646    FFEE    DCD    1162167878
        0x00002c8c:    44444445    EDDD    DCD    1145324613
        0x00002c90:    43434344    DCCC    DCD    1128481604
        0x00002c94:    42424243    CBBB    DCD    1111638595
        0x00002c98:    41414142    BAAA    DCD    1094795586
    $t
    CL$$btod_e2e
    _e2e
        0x00002c9c:    469c        .F      MOV      r12,r3
        0x00002c9e:    2b00        .+      CMP      r3,#0
        0x00002ca0:    d430        0.      BMI      0x2d04 ; _e2e + 104
        0x00002ca2:    0077        w.      LSLS     r7,r6,#1
        0x00002ca4:    d02b        +.      BEQ      0x2cfe ; _e2e + 98
        0x00002ca6:    ea4f0737    O.7.    RRX      r7,r7
        0x00002caa:    b51c        ..      PUSH     {r2-r4,lr}
        0x00002cac:    b403        ..      PUSH     {r0,r1}
        0x00002cae:    f04f0010    O...    MOV      r0,#0x10
        0x00002cb2:    f04f0110    O...    MOV      r1,#0x10
        0x00002cb6:    f1ba0f00    ....    CMP      r10,#0
        0x00002cba:    d006        ..      BEQ      0x2cca ; _e2e + 46
        0x00002cbc:    f1bc0f00    ....    CMP      r12,#0
        0x00002cc0:    bfdc        ..      ITT      LE
        0x00002cc2:    f0400008    @...    ORRLE    r0,r0,#8
        0x00002cc6:    f0400108    @...    ORRLE    r1,r0,#8
        0x00002cca:    f04f0000    O...    MOV      r0,#0
        0x00002cce:    bc0f        ..      POP      {r0-r3}
        0x00002cd0:    e8bd4010    ...@    POP      {r4,lr}
        0x00002cd4:    f10b0b01    ....    ADD      r11,r11,#1
        0x00002cd8:    f1bb0f01    ....    CMP      r11,#1
        0x00002cdc:    bf08        ..      IT       EQ
        0x00002cde:    ea5f0717    _...    LSRSEQ   r7,r7,#32
        0x00002ce2:    bf22        ".      ITTT     CS
        0x00002ce4:    f1120201    ....    ADDSCS   r2,r2,#1
        0x00002ce8:    f1110101    ....    ADDSCS   r1,r1,#1
        0x00002cec:    f04f4100    O..A    MOVCS    r1,#0x80000000
        0x00002cf0:    f1430300    C...    ADC      r3,r3,#0
        0x00002cf4:    f0004000    ...@    AND      r0,r0,#0x80000000
        0x00002cf8:    ea430000    C...    ORR      r0,r3,r0
        0x00002cfc:    4770        pG      BX       lr
        0x00002cfe:    d3f9        ..      BCC      0x2cf4 ; _e2e + 88
        0x00002d00:    0857        W.      LSRS     r7,r2,#1
        0x00002d02:    e7d0        ..      B        0x2ca6 ; _e2e + 10
        0x00002d04:    ea464606    F..F    ORR      r6,r6,r6,LSL #16
        0x00002d08:    ea4f4616    O..F    LSR      r6,r6,#16
        0x00002d0c:    f1130f40    ..@.    CMN      r3,#0x40
        0x00002d10:    dd1f        ..      BLE      0x2d52 ; _e2e + 182
        0x00002d12:    f1130f20    .. .    CMN      r3,#0x20
        0x00002d16:    bfdf        ..      ITTTT    LE
        0x00002d18:    4316        .C      ORRLE    r6,r6,r2
        0x00002d1a:    460a        .F      MOVLE    r2,r1
        0x00002d1c:    2100        .!      MOVLE    r1,#0
        0x00002d1e:    3320         3      ADDLE    r3,r3,#0x20
        0x00002d20:    425b        [B      RSBS     r3,r3,#0
        0x00002d22:    d0be        ..      BEQ      0x2ca2 ; _e2e + 6
        0x00002d24:    f1c30720    .. .    RSB      r7,r3,#0x20
        0x00002d28:    ea464606    F..F    ORR      r6,r6,r6,LSL #16
        0x00002d2c:    ea4f4616    O..F    LSR      r6,r6,#16
        0x00002d30:    fa02f707    ....    LSL      r7,r2,r7
        0x00002d34:    ea460607    F...    ORR      r6,r6,r7
        0x00002d38:    fa22f203    "...    LSR      r2,r2,r3
        0x00002d3c:    f1c30720    .. .    RSB      r7,r3,#0x20
        0x00002d40:    fa01f707    ....    LSL      r7,r1,r7
        0x00002d44:    ea420207    B...    ORR      r2,r2,r7
        0x00002d48:    fa21f103    !...    LSR      r1,r1,r3
        0x00002d4c:    f04f0300    O...    MOV      r3,#0
        0x00002d50:    e7a7        ..      B        0x2ca2 ; _e2e + 6
        0x00002d52:    ea460602    F...    ORR      r6,r6,r2
        0x00002d56:    ea464606    F..F    ORR      r6,r6,r6,LSL #16
        0x00002d5a:    ea4f4616    O..F    LSR      r6,r6,#16
        0x00002d5e:    ea460601    F...    ORR      r6,r6,r1
        0x00002d62:    bfbc        ..      ITT      LT
        0x00002d64:    ea464606    F..F    ORRLT    r6,r6,r6,LSL #16
        0x00002d68:    0c36        6.      LSRLT    r6,r6,#16
        0x00002d6a:    f04f0300    O...    MOV      r3,#0
        0x00002d6e:    f04f0200    O...    MOV      r2,#0
        0x00002d72:    f04f0100    O...    MOV      r1,#0
        0x00002d76:    e794        ..      B        0x2ca2 ; _e2e + 6
    CL$$btod_ediv
    _btod_ediv
        0x00002d78:    e92d4c80    -..L    PUSH     {r7,r10,r11,lr}
        0x00002d7c:    b470        p.      PUSH     {r4-r6}
        0x00002d7e:    469a        .F      MOV      r10,r3
        0x00002d80:    4693        .F      MOV      r11,r2
        0x00002d82:    e8910038    ..8.    LDM      r1,{r3-r5}
        0x00002d86:    c807        ..      LDM      r0,{r0-r2}
        0x00002d88:    ea310c40    1.@.    BICS     r12,r1,r0,LSL #1
        0x00002d8c:    bf48        H.      IT       MI
        0x00002d8e:    ea340c43    4.C.    BICSMI   r12,r4,r3,LSL #1
        0x00002d92:    d503        ..      BPL      0x2d9c ; _btod_ediv + 36
        0x00002d94:    f7fffde6    ....    BL       __btod_div_common ; 0x2964
        0x00002d98:    f7ffff80    ....    BL       _e2e ; 0x2c9c
        0x00002d9c:    bcf0        ..      POP      {r4-r7}
        0x00002d9e:    e8bd8c00    ....    POP      {r10,r11,pc}
    CL$$btod_emul
    _btod_emul
        0x00002da2:    e92d4c80    -..L    PUSH     {r7,r10,r11,lr}
        0x00002da6:    b470        p.      PUSH     {r4-r6}
        0x00002da8:    469a        .F      MOV      r10,r3
        0x00002daa:    4693        .F      MOV      r11,r2
        0x00002dac:    e8910038    ..8.    LDM      r1,{r3-r5}
        0x00002db0:    c807        ..      LDM      r0,{r0-r2}
        0x00002db2:    f0104f80    ...O    TST      r0,#0x40000000
        0x00002db6:    bf08        ..      IT       EQ
        0x00002db8:    f0134f80    ...O    TSTEQ    r3,#0x40000000
        0x00002dbc:    d103        ..      BNE      0x2dc6 ; _btod_emul + 36
        0x00002dbe:    f000f805    ....    BL       __btod_mult_common ; 0x2dcc
        0x00002dc2:    f7ffff6b    ..k.    BL       _e2e ; 0x2c9c
        0x00002dc6:    bcf0        ..      POP      {r4-r7}
        0x00002dc8:    e8bd8c00    ....    POP      {r10,r11,pc}
    CL$$btod_mult_common
    __btod_mult_common
        0x00002dcc:    f020477f     ..G    BIC      r7,r0,#0xff000000
        0x00002dd0:    f0234c7f    #..L    BIC      r12,r3,#0xff000000
        0x00002dd4:    ea800003    ....    EOR      r0,r0,r3
        0x00002dd8:    f0004000    ...@    AND      r0,r0,#0x80000000
        0x00002ddc:    eb07030c    ....    ADD      r3,r7,r12
        0x00002de0:    f5a3537c    ..|S    SUB      r3,r3,#0x3f00
        0x00002de4:    f1a303fe    ....    SUB      r3,r3,#0xfe
        0x00002de8:    f0920f00    ....    TEQ      r2,#0
        0x00002dec:    f00080b3    ....    BEQ.W    0x2f56 ; __btod_mult_common + 394
        0x00002df0:    f0950f00    ....    TEQ      r5,#0
        0x00002df4:    f0008077    ..w.    BEQ.W    0x2ee6 ; __btod_mult_common + 282
        0x00002df8:    e92d4901    -..I    PUSH     {r0,r8,r11,lr}
        0x00002dfc:    ea4f4011    O..@    LSR      r0,r1,#16
        0x00002e00:    ea214800    !..H    BIC      r8,r1,r0,LSL #16
        0x00002e04:    ea4f4614    O..F    LSR      r6,r4,#16
        0x00002e08:    ea244706    $..G    BIC      r7,r4,r6,LSL #16
        0x00002e0c:    fb00fc06    ....    MUL      r12,r0,r6
        0x00002e10:    fb08f606    ....    MUL      r6,r8,r6
        0x00002e14:    fb07f808    ....    MUL      r8,r7,r8
        0x00002e18:    eb184806    ...H    ADDS     r8,r8,r6,LSL #16
        0x00002e1c:    eb4c4c16    L..L    ADC      r12,r12,r6,LSR #16
        0x00002e20:    fb00f707    ....    MUL      r7,r0,r7
        0x00002e24:    eb184807    ...H    ADDS     r8,r8,r7,LSL #16
        0x00002e28:    eb4c4017    L..@    ADC      r0,r12,r7,LSR #16
        0x00002e2c:    ea4f4b12    O..K    LSR      r11,r2,#16
        0x00002e30:    ea224e0b    "..N    BIC      lr,r2,r11,LSL #16
        0x00002e34:    ea4f4615    O..F    LSR      r6,r5,#16
        0x00002e38:    ea254706    %..G    BIC      r7,r5,r6,LSL #16
        0x00002e3c:    fb0bfc06    ....    MUL      r12,r11,r6
        0x00002e40:    fb0ef606    ....    MUL      r6,lr,r6
        0x00002e44:    fb07fe0e    ....    MUL      lr,r7,lr
        0x00002e48:    eb1e4e06    ...N    ADDS     lr,lr,r6,LSL #16
        0x00002e4c:    eb4c4c16    L..L    ADC      r12,r12,r6,LSR #16
        0x00002e50:    fb0bf707    ....    MUL      r7,r11,r7
        0x00002e54:    eb1e4e07    ...N    ADDS     lr,lr,r7,LSL #16
        0x00002e58:    eb4c4b17    L..K    ADC      r11,r12,r7,LSR #16
        0x00002e5c:    eb18080b    ....    ADDS     r8,r8,r11
        0x00002e60:    f1400000    @...    ADC      r0,r0,#0
        0x00002e64:    eb180b0e    ....    ADDS     r11,r8,lr
        0x00002e68:    eb580800    X...    ADCS     r8,r8,r0
        0x00002e6c:    f1400000    @...    ADC      r0,r0,#0
        0x00002e70:    1a8f        ..      SUBS     r7,r1,r2
        0x00002e72:    f04f0100    O...    MOV      r1,#0
        0x00002e76:    f04f0600    O...    MOV      r6,#0
        0x00002e7a:    bf3c        <.      ITT      CC
        0x00002e7c:    43c9        .C      MVNCC    r1,r1
        0x00002e7e:    1b66        f.      SUBCC    r6,r4,r5
        0x00002e80:    bf14        ..      ITE      NE
        0x00002e82:    ebb50c04    ....    SUBSNE   r12,r5,r4
        0x00002e86:    2100        .!      MOVEQ    r1,#0
        0x00002e88:    bf3c        <.      ITT      CC
        0x00002e8a:    43c9        .C      MVNCC    r1,r1
        0x00002e8c:    1bf6        ..      SUBCC    r6,r6,r7
        0x00002e8e:    ea4f4417    O..D    LSR      r4,r7,#16
        0x00002e92:    ea274504    '..E    BIC      r5,r7,r4,LSL #16
        0x00002e96:    ea4f471c    O..G    LSR      r7,r12,#16
        0x00002e9a:    ea2c4c07    ,..L    BIC      r12,r12,r7,LSL #16
        0x00002e9e:    fb046207    ...b    MLA      r2,r4,r7,r6
        0x00002ea2:    fb05f707    ....    MUL      r7,r5,r7
        0x00002ea6:    fb0cf605    ....    MUL      r6,r12,r5
        0x00002eaa:    eb164607    ...F    ADDS     r6,r6,r7,LSL #16
        0x00002eae:    eb424217    B..B    ADC      r2,r2,r7,LSR #16
        0x00002eb2:    fb04fc0c    ....    MUL      r12,r4,r12
        0x00002eb6:    eb16460c    ...F    ADDS     r6,r6,r12,LSL #16
        0x00002eba:    eb42421c    B..B    ADC      r2,r2,r12,LSR #16
        0x00002ebe:    eb1b0606    ....    ADDS     r6,r11,r6
        0x00002ec2:    eb580202    X...    ADCS     r2,r8,r2
        0x00002ec6:    4141        AA      ADCS     r1,r1,r0
        0x00002ec8:    ea4e0e8e    N...    ORR      lr,lr,lr,LSL #2
        0x00002ecc:    ea46069e    F...    ORR      r6,r6,lr,LSR #2
        0x00002ed0:    d501        ..      BPL      0x2ed6 ; __btod_mult_common + 266
        0x00002ed2:    e8bd8901    ....    POP      {r0,r8,r11,pc}
        0x00002ed6:    19b6        ..      ADDS     r6,r6,r6
        0x00002ed8:    4152        RA      ADCS     r2,r2,r2
        0x00002eda:    eb410101    A...    ADC      r1,r1,r1
        0x00002ede:    f1a30301    ....    SUB      r3,r3,#1
        0x00002ee2:    e8bd8901    ....    POP      {r0,r8,r11,pc}
        0x00002ee6:    ea4f4514    O..E    LSR      r5,r4,#16
        0x00002eea:    ea244605    $..F    BIC      r6,r4,r5,LSL #16
        0x00002eee:    ea4f4711    O..G    LSR      r7,r1,#16
        0x00002ef2:    ea214c07    !..L    BIC      r12,r1,r7,LSL #16
        0x00002ef6:    fb05f407    ....    MUL      r4,r5,r7
        0x00002efa:    fb06f707    ....    MUL      r7,r6,r7
        0x00002efe:    fb0cf106    ....    MUL      r1,r12,r6
        0x00002f02:    eb114107    ...A    ADDS     r1,r1,r7,LSL #16
        0x00002f06:    eb444417    D..D    ADC      r4,r4,r7,LSR #16
        0x00002f0a:    fb05fc0c    ....    MUL      r12,r5,r12
        0x00002f0e:    eb11410c    ...A    ADDS     r1,r1,r12,LSL #16
        0x00002f12:    eb44441c    D..D    ADC      r4,r4,r12,LSR #16
        0x00002f16:    ea4f4712    O..G    LSR      r7,r2,#16
        0x00002f1a:    ea224c07    "..L    BIC      r12,r2,r7,LSL #16
        0x00002f1e:    fb05f207    ....    MUL      r2,r5,r7
        0x00002f22:    fb06f707    ....    MUL      r7,r6,r7
        0x00002f26:    fb0cf606    ....    MUL      r6,r12,r6
        0x00002f2a:    eb164607    ...F    ADDS     r6,r6,r7,LSL #16
        0x00002f2e:    eb424217    B..B    ADC      r2,r2,r7,LSR #16
        0x00002f32:    fb05fc0c    ....    MUL      r12,r5,r12
        0x00002f36:    eb16460c    ...F    ADDS     r6,r6,r12,LSL #16
        0x00002f3a:    eb42451c    B..E    ADC      r5,r2,r12,LSR #16
        0x00002f3e:    186a        j.      ADDS     r2,r5,r1
        0x00002f40:    f1540100    T...    ADCS     r1,r4,#0
        0x00002f44:    bf48        H.      IT       MI
        0x00002f46:    4770        pG      BXMI     lr
        0x00002f48:    19b6        ..      ADDS     r6,r6,r6
        0x00002f4a:    4152        RA      ADCS     r2,r2,r2
        0x00002f4c:    eb410101    A...    ADC      r1,r1,r1
        0x00002f50:    f1a30301    ....    SUB      r3,r3,#1
        0x00002f54:    4770        pG      BX       lr
        0x00002f56:    f0950f00    ....    TEQ      r5,#0
        0x00002f5a:    d037        7.      BEQ      0x2fcc ; __btod_mult_common + 512
        0x00002f5c:    ea4f4211    O..B    LSR      r2,r1,#16
        0x00002f60:    ea214602    !..F    BIC      r6,r1,r2,LSL #16
        0x00002f64:    ea4f4714    O..G    LSR      r7,r4,#16
        0x00002f68:    ea244c07    $..L    BIC      r12,r4,r7,LSL #16
        0x00002f6c:    fb02f107    ....    MUL      r1,r2,r7
        0x00002f70:    fb06f707    ....    MUL      r7,r6,r7
        0x00002f74:    fb0cf406    ....    MUL      r4,r12,r6
        0x00002f78:    eb144407    ...D    ADDS     r4,r4,r7,LSL #16
        0x00002f7c:    eb414117    A..A    ADC      r1,r1,r7,LSR #16
        0x00002f80:    fb02fc0c    ....    MUL      r12,r2,r12
        0x00002f84:    eb14440c    ...D    ADDS     r4,r4,r12,LSL #16
        0x00002f88:    eb41411c    A..A    ADC      r1,r1,r12,LSR #16
        0x00002f8c:    ea4f4715    O..G    LSR      r7,r5,#16
        0x00002f90:    ea254c07    %..L    BIC      r12,r5,r7,LSL #16
        0x00002f94:    fb02f507    ....    MUL      r5,r2,r7
        0x00002f98:    fb06f707    ....    MUL      r7,r6,r7
        0x00002f9c:    fb0cf606    ....    MUL      r6,r12,r6
        0x00002fa0:    eb164607    ...F    ADDS     r6,r6,r7,LSL #16
        0x00002fa4:    eb454517    E..E    ADC      r5,r5,r7,LSR #16
        0x00002fa8:    fb02fc0c    ....    MUL      r12,r2,r12
        0x00002fac:    eb16460c    ...F    ADDS     r6,r6,r12,LSL #16
        0x00002fb0:    eb45421c    E..B    ADC      r2,r5,r12,LSR #16
        0x00002fb4:    1912        ..      ADDS     r2,r2,r4
        0x00002fb6:    f1510100    Q...    ADCS     r1,r1,#0
        0x00002fba:    bf48        H.      IT       MI
        0x00002fbc:    4770        pG      BXMI     lr
        0x00002fbe:    19b6        ..      ADDS     r6,r6,r6
        0x00002fc0:    4152        RA      ADCS     r2,r2,r2
        0x00002fc2:    eb410101    A...    ADC      r1,r1,r1
        0x00002fc6:    f1a30301    ....    SUB      r3,r3,#1
        0x00002fca:    4770        pG      BX       lr
        0x00002fcc:    ea4f4514    O..E    LSR      r5,r4,#16
        0x00002fd0:    ea244605    $..F    BIC      r6,r4,r5,LSL #16
        0x00002fd4:    ea4f4711    O..G    LSR      r7,r1,#16
        0x00002fd8:    ea214c07    !..L    BIC      r12,r1,r7,LSL #16
        0x00002fdc:    fb05f107    ....    MUL      r1,r5,r7
        0x00002fe0:    fb06f707    ....    MUL      r7,r6,r7
        0x00002fe4:    fb0cf206    ....    MUL      r2,r12,r6
        0x00002fe8:    eb124207    ...B    ADDS     r2,r2,r7,LSL #16
        0x00002fec:    eb414117    A..A    ADC      r1,r1,r7,LSR #16
        0x00002ff0:    fb05fc0c    ....    MUL      r12,r5,r12
        0x00002ff4:    eb12420c    ...B    ADDS     r2,r2,r12,LSL #16
        0x00002ff8:    eb51411c    Q..A    ADCS     r1,r1,r12,LSR #16
        0x00002ffc:    f04f0600    O...    MOV      r6,#0
        0x00003000:    bf48        H.      IT       MI
        0x00003002:    4770        pG      BXMI     lr
        0x00003004:    1892        ..      ADDS     r2,r2,r2
        0x00003006:    eb410101    A...    ADC      r1,r1,r1
        0x0000300a:    f1a30301    ....    SUB      r3,r3,#1
        0x0000300e:    4770        pG      BX       lr
    i.__ARM_fpclassify
    __ARM_fpclassify
        0x00003010:    b403        ..      PUSH     {r0,r1}
        0x00003012:    9801        ..      LDR      r0,[sp,#4]
        0x00003014:    0041        A.      LSLS     r1,r0,#1
        0x00003016:    9800        ..      LDR      r0,[sp,#0]
        0x00003018:    ea5020c1    P..     ORRS     r0,r0,r1,LSL #11
        0x0000301c:    bf18        ..      IT       NE
        0x0000301e:    2004        .       MOVNE    r0,#4
        0x00003020:    0d4a        J.      LSRS     r2,r1,#21
        0x00003022:    bf18        ..      IT       NE
        0x00003024:    f0400001    @...    ORRNE    r0,r0,#1
        0x00003028:    f24072ff    @..r    MOV      r2,#0x7ff
        0x0000302c:    ebb25f51    ..Q_    CMP      r2,r1,LSR #21
        0x00003030:    bf08        ..      IT       EQ
        0x00003032:    f0400002    @...    ORREQ    r0,r0,#2
        0x00003036:    2801        .(      CMP      r0,#1
        0x00003038:    bf08        ..      IT       EQ
        0x0000303a:    2005        .       MOVEQ    r0,#5
        0x0000303c:    b002        ..      ADD      sp,sp,#8
        0x0000303e:    4770        pG      BX       lr
    i._is_digit
    _is_digit
        0x00003040:    3830        08      SUBS     r0,r0,#0x30
        0x00003042:    280a        .(      CMP      r0,#0xa
        0x00003044:    d201        ..      BCS      0x304a ; _is_digit + 10
        0x00003046:    2001        .       MOVS     r0,#1
        0x00003048:    4770        pG      BX       lr
        0x0000304a:    2000        .       MOVS     r0,#0
        0x0000304c:    4770        pG      BX       lr
        0x0000304e:    0000        ..      MOVS     r0,r0
    locale$$code
    _get_lc_numeric
        0x00003050:    b510        ..      PUSH     {r4,lr}
        0x00003052:    2900        .)      CMP      r1,#0
        0x00003054:    d00a        ..      BEQ      0x306c ; _get_lc_numeric + 28
        0x00003056:    7808        .x      LDRB     r0,[r1,#0]
        0x00003058:    2800        .(      CMP      r0,#0
        0x0000305a:    d007        ..      BEQ      0x306c ; _get_lc_numeric + 28
        0x0000305c:    4805        .H      LDR      r0,[pc,#20] ; [0x3074] = 0x29a
        0x0000305e:    4478        xD      ADD      r0,r0,pc
        0x00003060:    f7fefd8a    ....    BL       strcmp ; 0x1b78
        0x00003064:    2800        .(      CMP      r0,#0
        0x00003066:    d001        ..      BEQ      0x306c ; _get_lc_numeric + 28
        0x00003068:    2000        .       MOVS     r0,#0
        0x0000306a:    bd10        ..      POP      {r4,pc}
        0x0000306c:    4802        .H      LDR      r0,[pc,#8] ; [0x3078] = 0x292
        0x0000306e:    4478        xD      ADD      r0,r0,pc
        0x00003070:    bd10        ..      POP      {r4,pc}
    $d
        0x00003072:    0000        ..      DCW    0
        0x00003074:    0000029a    ....    DCD    666
        0x00003078:    00000292    ....    DCD    658
    $t
    locale$$code
    _get_lc_ctype
        0x0000307c:    b510        ..      PUSH     {r4,lr}
        0x0000307e:    2900        .)      CMP      r1,#0
        0x00003080:    d00a        ..      BEQ      0x3098 ; _get_lc_ctype + 28
        0x00003082:    7808        .x      LDRB     r0,[r1,#0]
        0x00003084:    2800        .(      CMP      r0,#0
        0x00003086:    d007        ..      BEQ      0x3098 ; _get_lc_ctype + 28
        0x00003088:    4805        .H      LDR      r0,[pc,#20] ; [0x30a0] = 0x28a
        0x0000308a:    4478        xD      ADD      r0,r0,pc
        0x0000308c:    f7fefd74    ..t.    BL       strcmp ; 0x1b78
        0x00003090:    2800        .(      CMP      r0,#0
        0x00003092:    d001        ..      BEQ      0x3098 ; _get_lc_ctype + 28
        0x00003094:    2000        .       MOVS     r0,#0
        0x00003096:    bd10        ..      POP      {r4,pc}
        0x00003098:    4802        .H      LDR      r0,[pc,#8] ; [0x30a4] = 0x282
        0x0000309a:    4478        xD      ADD      r0,r0,pc
        0x0000309c:    bd10        ..      POP      {r4,pc}
    $d
        0x0000309e:    0000        ..      DCW    0
        0x000030a0:    0000028a    ....    DCD    650
        0x000030a4:    00000282    ....    DCD    642
    $t
    x$fpl$fpinit
    $v0
    _fp_init
        0x000030a8:    eef10a10    ....    VMRS     r0,FPSCR
        0x000030ac:    f64f71ff    O..q    MOV      r1,#0xffff
        0x000030b0:    f2c031c0    ...1    MOVT     r1,#0x3c0
        0x000030b4:    ea200001     ...    BIC      r0,r0,r1
        0x000030b8:    f0407040    @.@p    ORR      r0,r0,#0x3000000
        0x000030bc:    eee10a10    ....    VMSR     FPSCR,r0
    __fplib_config_fpu_vfp
    __fplib_config_pureend_doubles
        0x000030c0:    4770        pG      BX       lr
    x$fpl$printf1
    $v0
    _printf_fp_dec
        0x000030c2:    f7feb96e    ..n.    B        _printf_fp_dec_real ; 0x13a2
    x$fpl$printf2
    $v0
    _printf_fp_hex
        0x000030c6:    f7febaa3    ....    B        _printf_fp_hex_real ; 0x1610
    x$fpl$usenofp
    __I$use$fp
        0x000030ca:    0000        ..      MOVS     r0,r0
    $d.realdata
    .constdata
    initial_mbstate
        0x000030cc:    00000000    ....    DCD    0
        0x000030d0:    00000000    ....    DCD    0
    .constdata
    uc_hextab
        0x000030d4:    33323130    0123    DCD    858927408
        0x000030d8:    37363534    4567    DCD    926299444
        0x000030dc:    42413938    89AB    DCD    1111570744
        0x000030e0:    46454443    CDEF    DCD    1178944579
        0x000030e4:    00583040    @0X.    DCD    5779520
    lc_hextab
        0x000030e8:    33323130    0123    DCD    858927408
        0x000030ec:    37363534    4567    DCD    926299444
        0x000030f0:    62613938    89ab    DCD    1650538808
        0x000030f4:    66656463    cdef    DCD    1717920867
        0x000030f8:    00783040    @0x.    DCD    7876672
    .constdata
    maptable
        0x000030fc:    08000004    ....    DCD    134217732
        0x00003100:    00000000    ....    DCD    0
        0x00003104:    02000000    ....    DCD    33554432
        0x00003108:    00000100    ....    DCD    256
        0x0000310c:    10          .       DCB    16
    .constdata
    lc_hextab
        0x0000310d:    303132      012     DCB    48,49,50
        0x00003110:    36353433    3456    DCD    909456435
        0x00003114:    61393837    789a    DCD    1631139895
        0x00003118:    65646362    bcde    DCD    1701077858
        0x0000311c:    00707866    fxp.    DCD    7370854
    uc_hextab
        0x00003120:    33323130    0123    DCD    858927408
        0x00003124:    37363534    4567    DCD    926299444
        0x00003128:    42413938    89AB    DCD    1111570744
        0x0000312c:    46454443    CDEF    DCD    1178944579
        0x00003130:    00005058    XP..    DCD    20568
    .constdata
    tenpwrs_x
        0x00003134:    00004002    .@..    DCD    16386
        0x00003138:    a0000000    ....    DCD    2684354560
        0x0000313c:    00000000    ....    DCD    0
        0x00003140:    00004005    .@..    DCD    16389
        0x00003144:    c8000000    ....    DCD    3355443200
        0x00003148:    00000000    ....    DCD    0
        0x0000314c:    0000400c    .@..    DCD    16396
        0x00003150:    9c400000    ..@.    DCD    2621440000
        0x00003154:    00000000    ....    DCD    0
        0x00003158:    00004019    .@..    DCD    16409
        0x0000315c:    bebc2000    . ..    DCD    3200000000
        0x00003160:    00000000    ....    DCD    0
        0x00003164:    00004034    4@..    DCD    16436
        0x00003168:    8e1bc9bf    ....    DCD    2384185791
        0x0000316c:    04000000    ....    DCD    67108864
    tenpwrs_i
        0x00003170:    000040b5    .@..    DCD    16565
        0x00003174:    d0cf4b50    PK..    DCD    3503246160
        0x00003178:    cfe20766    f...    DCD    3487696742
        0x0000317c:    00000001    ....    DCD    1
        0x00003180:    0000416c    lA..    DCD    16748
        0x00003184:    aa51823e    >.Q.    DCD    2857468478
        0x00003188:    34a7eedf    ...4    DCD    883420895
        0x0000318c:    00000001    ....    DCD    1
        0x00003190:    000042d9    .B..    DCD    17113
        0x00003194:    e2a0b5dc    ....    DCD    3802183132
        0x00003198:    971f303a    :0..    DCD    2535403578
        0x0000319c:    ffffffff    ....    DCD    4294967295
        0x000031a0:    000045b4    .E..    DCD    17844
        0x000031a4:    c8a025fd    .%..    DCD    3365938685
        0x000031a8:    4fc1a3e9    ...O    DCD    1338090473
        0x000031ac:    ffffffff    ....    DCD    4294967295
        0x000031b0:    00003fff    .?..    DCD    16383
        0x000031b4:    80000000    ....    DCD    2147483648
        0x000031b8:    00000000    ....    DCD    0
        0x000031bc:    00003fff    .?..    DCD    16383
        0x000031c0:    80000000    ....    DCD    2147483648
        0x000031c4:    00000000    ....    DCD    0
    .L.str
        0x000031c8:    2d2d2d2d    ----    DCD    757935405
        0x000031cc:    4154532d    -STA    DCD    1096045357
        0x000031d0:    50535f52    R_SP    DCD    1347641170
        0x000031d4:    54203049    I0 T    DCD    1411395657
        0x000031d8:    2d747365    est-    DCD    762606437
        0x000031dc:    2d2d2d2d    ----    DCD    757935405
        0x000031e0:    0a0d        ..      DCW    2573
        0x000031e2:    00          .       DCB    0
    .L.str.1
        0x000031e3:    2d          -       DCB    45
        0x000031e4:    2d2d2d2d    ----    DCD    757935405
        0x000031e8:    52415453    STAR    DCD    1380013139
        0x000031ec:    4950535f    _SPI    DCD    1230000991
        0x000031f0:    65542031    1 Te    DCD    1700012081
        0x000031f4:    2d2d7473    st--    DCD    757953651
        0x000031f8:    0d2d2d2d    ---.    DCD    221064493
        0x000031fc:    000a        ..      DCW    10
    .L.str.4
        0x000031fe:    6c46        Fl      DCW    27718
        0x00003200:    5f687361    ash_    DCD    1600680801
        0x00003204:    65676150    Page    DCD    1701273936
        0x00003208:    64616552    Read    DCD    1684104530
        0x0000320c:    6464612c    ,add    DCD    1684300076
        0x00003210:    78303d72    r=0x    DCD    2016427378
        0x00003214:    65722c30    0,re    DCD    1701981232
        0x00003218:    645f6461    ad_d    DCD    1683973217
        0x0000321c:    3a617461    ata:    DCD    979465313
        0x00003220:    000a7325    %s..    DCD    684837
    .L.str.3
        0x00003224:    73616c46    Flas    DCD    1935764550
        0x00003228:    61505f68    h_Pa    DCD    1632657256
        0x0000322c:    72576567    geWr    DCD    1918330215
        0x00003230:    2c657469    ite,    DCD    744846441
        0x00003234:    72646461    addr    DCD    1919181921
        0x00003238:    2578303d    =0x%    DCD    628633661
        0x0000323c:    72772c78    x,wr    DCD    1920412792
        0x00003240:    5f657469    ite_    DCD    1600484457
        0x00003244:    61746164    data    DCD    1635017060
        0x00003248:    0a73253a    :%s.    DCD    175318330
        0x0000324c:    00          .       DCB    0
    .L.str.2
        0x0000324d:    466c61      Fla     DCB    70,108,97
        0x00003250:    535f6873    sh_S    DCD    1398761587
        0x00003254:    6f746365    ecto    DCD    1869898597
        0x00003258:    61724572    rEra    DCD    1634878834
        0x0000325c:    612c6573    se,a    DCD    1630299507
        0x00003260:    3d726464    ddr=    DCD    1030906980
        0x00003264:    78257830    0x%x    DCD    2015721520
        0x00003268:    000a        ..      DCW    10
    .L.str
        0x0000326a:    6c46        Fl      DCW    27718
        0x0000326c:    49687361    ashI    DCD    1231582049
        0x00003270:    494d3a44    D:MI    DCD    1229797956
        0x00003274:    78303a44    D:0x    DCD    2016426564
        0x00003278:    2c207825    %x ,    DCD    740325413
        0x0000327c:    303a4449    ID:0    DCD    809124937
        0x00003280:    25782578    x%x%    DCD    628630904
        0x00003284:    000a0d78    x...    DCD    658808
    .L.str.1
        0x00003288:    5f495053    SPI_    DCD    1598640211
        0x0000328c:    706f6f4c    Loop    DCD    1886351180
        0x00003290:    6b636142    Back    DCD    1801675074
        0x00003294:    6e65535f    _Sen    DCD    1852134239
        0x00003298:    61643a64    d:da    DCD    1633958500
        0x0000329c:    303d3174    t1=0    DCD    809316724
        0x000032a0:    2c782578    x%x,    DCD    746071416
        0x000032a4:    32746164    dat2    DCD    846487908
        0x000032a8:    2578303d    =0x%    DCD    628633661
        0x000032ac:    000a0d78    x...    DCD    658808
    .L.str.2
        0x000032b0:    5f495053    SPI_    DCD    1598640211
        0x000032b4:    706f6f4c    Loop    DCD    1886351180
        0x000032b8:    6b636142    Back    DCD    1801675074
        0x000032bc:    6365525f    _Rec    DCD    1667584607
        0x000032c0:    61643a76    v:da    DCD    1633958518
        0x000032c4:    303d3174    t1=0    DCD    809316724
        0x000032c8:    2c782578    x%x,    DCD    746071416
        0x000032cc:    32746164    dat2    DCD    846487908
        0x000032d0:    2578303d    =0x%    DCD    628633661
        0x000032d4:    000a0d78    x...    DCD    658808
    Region$$Table$$Base
        0x000032d8:    00003428    (4..    DCD    13352
        0x000032dc:    20000000    ...     DCD    536870912
        0x000032e0:    00000030    0...    DCD    48
        0x000032e4:    000008d8    ....    DCD    2264
        0x000032e8:    00003458    X4..    DCD    13400
        0x000032ec:    20000030    0..     DCD    536870960
        0x000032f0:    00000db8    ....    DCD    3512
        0x000032f4:    000008f4    ....    DCD    2292
    locale$$data
    Region$$Table$$Limit
        0x000032f8:    0000001c    ....    DCD    28
    __lcnum_c_name
        0x000032fc:    00000043    C...    DCD    67
        0x00003300:    fffffff8    ....    DCD    4294967288
    __lcnum_c_start
        0x00003304:    0000000c    ....    DCD    12
        0x00003308:    0000000e    ....    DCD    14
        0x0000330c:    0000000f    ....    DCD    15
    __lcnum_c_point
        0x00003310:    002e        ..      DCW    46
    __lcnum_c_thousands
        0x00003312:    00          .       DCB    0
    __lcnum_c_grouping
        0x00003313:    00          .       DCB    0
    __lcnum_c_end
    locale$$data
        0x00003314:    00000110    ....    DCD    272
    __lcctype_c_name
        0x00003318:    00000043    C...    DCD    67
        0x0000331c:    fffffff8    ....    DCD    4294967288
    __lcctype_c_start
        0x00003320:    00          .       DCB    0
    __ctype
        0x00003321:    404040      @@@     DCB    64,64,64
        0x00003324:    40404040    @@@@    DCD    1077952576
        0x00003328:    41414040    @@AA    DCD    1094795328
        0x0000332c:    40414141    AAA@    DCD    1078018369
        0x00003330:    40404040    @@@@    DCD    1077952576
        0x00003334:    40404040    @@@@    DCD    1077952576
        0x00003338:    40404040    @@@@    DCD    1077952576
        0x0000333c:    40404040    @@@@    DCD    1077952576
        0x00003340:    02020540    @...    DCD    33686848
        0x00003344:    02020202    ....    DCD    33686018
        0x00003348:    02020202    ....    DCD    33686018
        0x0000334c:    02020202    ....    DCD    33686018
        0x00003350:    20202002    .       DCD    538976258
        0x00003354:    20202020            DCD    538976288
        0x00003358:    02202020       .    DCD    35659808
        0x0000335c:    02020202    ....    DCD    33686018
        0x00003360:    90900202    ....    DCD    2425356802
        0x00003364:    90909090    ....    DCD    2425393296
        0x00003368:    10101010    ....    DCD    269488144
        0x0000336c:    10101010    ....    DCD    269488144
        0x00003370:    10101010    ....    DCD    269488144
        0x00003374:    10101010    ....    DCD    269488144
        0x00003378:    10101010    ....    DCD    269488144
        0x0000337c:    02020202    ....    DCD    33686018
        0x00003380:    88880202    ....    DCD    2290614786
        0x00003384:    88888888    ....    DCD    2290649224
        0x00003388:    08080808    ....    DCD    134744072
        0x0000338c:    08080808    ....    DCD    134744072
        0x00003390:    08080808    ....    DCD    134744072
        0x00003394:    08080808    ....    DCD    134744072
        0x00003398:    08080808    ....    DCD    134744072
        0x0000339c:    02020202    ....    DCD    33686018
        0x000033a0:    00000040    @...    DCD    64
        0x000033a4:    00000000    ....    DCD    0
        0x000033a8:    00000000    ....    DCD    0
        0x000033ac:    00000000    ....    DCD    0
        0x000033b0:    00000000    ....    DCD    0
        0x000033b4:    00000000    ....    DCD    0
        0x000033b8:    00000000    ....    DCD    0
        0x000033bc:    00000000    ....    DCD    0
        0x000033c0:    00000000    ....    DCD    0
        0x000033c4:    00000000    ....    DCD    0
        0x000033c8:    00000000    ....    DCD    0
        0x000033cc:    00000000    ....    DCD    0
        0x000033d0:    00000000    ....    DCD    0
        0x000033d4:    00000000    ....    DCD    0
        0x000033d8:    00000000    ....    DCD    0
        0x000033dc:    00000000    ....    DCD    0
        0x000033e0:    00000000    ....    DCD    0
        0x000033e4:    00000000    ....    DCD    0
        0x000033e8:    00000000    ....    DCD    0
        0x000033ec:    00000000    ....    DCD    0
        0x000033f0:    00000000    ....    DCD    0
        0x000033f4:    00000000    ....    DCD    0
        0x000033f8:    00000000    ....    DCD    0
        0x000033fc:    00000000    ....    DCD    0
        0x00003400:    00000000    ....    DCD    0
        0x00003404:    00000000    ....    DCD    0
        0x00003408:    00000000    ....    DCD    0
        0x0000340c:    00000000    ....    DCD    0
        0x00003410:    00000000    ....    DCD    0
        0x00003414:    00000000    ....    DCD    0
        0x00003418:    00000000    ....    DCD    0
        0x0000341c:    00000000    ....    DCD    0
        0x00003420:    00000000    ....    DCD    0
    __lcctype_c_end

** Section #2 'RW_IRAM1' (SHT_PROGBITS) [SHF_ALLOC + SHF_WRITE]
    Size   : 48 bytes (alignment 8)
    Address: 0x20000000

    0x20000000:   40 78 7d 01 40 78 7d 01 53 54 41 52 20 66 6c 61    @x}.@x}.STAR fla
    0x20000010:   73 68 20 72 65 61 64 20 61 6e 64 20 77 72 69 74    sh read and writ
    0x20000020:   65 20 74 65 73 74 2e 2e 2e 0d 0a 00 00 00 00 00    e test..........


** Section #3 'RW_IRAM1' (SHT_NOBITS) [SHF_ALLOC + SHF_WRITE]
    Size   : 3512 bytes (alignment 8)
    Address: 0x20000030


** Section #4 '.debug_abbrev' (SHT_PROGBITS)
    Size   : 2624 bytes


** Section #5 '.debug_frame' (SHT_PROGBITS)
    Size   : 5308 bytes


** Section #6 '.debug_info' (SHT_PROGBITS)
    Size   : 12001 bytes


** Section #7 '.debug_line' (SHT_PROGBITS)
    Size   : 6563 bytes


** Section #8 '.debug_str' (SHT_PROGBITS)
    Size   : 7824 bytes


** Section #9 '.debug_ranges' (SHT_PROGBITS)
    Size   : 624 bytes


** Section #10 '.symtab' (SHT_SYMTAB)
    Size   : 10672 bytes (alignment 4)
    String table #11 '.strtab'
    Last local symbol no. 370

    Symbol table .symtab (666 symbols, 370 local)

      #  Symbol Name                Value      Bind  Sec  Type  Vis  Size
    ========================================================================

      1  $d.realdata                0x00000000   Lc    1   --   De 
      2  $t                         0x0000089c   Lc    1   --   De 
      3  $d                         0x000008d0   Lc    1   --   De 
      4  $t                         0x000008d8   Lc    1   --   De 
      5  $d                         0x000009d8   Lc    1   --   De 
      6  $t                         0x000009dc   Lc    1   --   De 
      7  $d                         0x00000aac   Lc    1   --   De 
      8  $t                         0x00000ab8   Lc    1   --   De 
      9  $d                         0x00000acc   Lc    1   --   De 
     10  $t                         0x00000ad0   Lc    1   --   De 
     11  $d                         0x00000c48   Lc    1   --   De 
     12  $t                         0x00000c58   Lc    1   --   De 
     13  $d                         0x00000ca0   Lc    1   --   De 
     14  $t                         0x00000ca4   Lc    1   --   De 
     15  $d                         0x00000d5a   Lc    1   --   De 
     16  $t                         0x00000d60   Lc    1   --   De 
     17  $d                         0x00000dcc   Lc    1   --   De 
     18  $t                         0x00000ddc   Lc    1   --   De 
     19  $d                         0x00000e44   Lc    1   --   De 
     20  $t                         0x00000e4c   Lc    1   --   De 
     21  $d                         0x00000edc   Lc    1   --   De 
     22  $t                         0x00000ee0   Lc    1   --   De 
     23  $d                         0x00001064   Lc    1   --   De 
     24  $t                         0x00001068   Lc    1   --   De 
     25  $d                         0x00001904   Lc    1   --   De 
     26  $t                         0x0000190c   Lc    1   --   De 
     27  $d                         0x00001936   Lc    1   --   De 
     28  $t                         0x0000193c   Lc    1   --   De 
     29  $d                         0x000019f0   Lc    1   --   De 
     30  $t                         0x000019f4   Lc    1   --   De 
     31  $d                         0x000019f8   Lc    1   --   De 
     32  $t                         0x000019fc   Lc    1   --   De 
     33  $d                         0x00001a6c   Lc    1   --   De 
     34  $t                         0x00001a7c   Lc    1   --   De 
     35  $d                         0x00001b5c   Lc    1   --   De 
     36  $t                         0x00001b60   Lc    1   --   De 
     37  $d                         0x00001c00   Lc    1   --   De 
     38  $t.9                       0x00001c04   Lc    1   --   De 
     39  $t                         0x00002880   Lc    1   --   De 
     40  $d                         0x00002c1c   Lc    1   --   De 
     41  $t                         0x00002c9c   Lc    1   --   De 
     42  $d                         0x00003072   Lc    1   --   De 
     43  $t                         0x0000307c   Lc    1   --   De 
     44  $d                         0x0000309e   Lc    1   --   De 
     45  $t                         0x000030a8   Lc    1   --   De 
     46  $d.realdata                0x000030cc   Lc    1   --   De 
     47  $d.realdata                0x20000000   Lc    2   --   De 
     48  ../Lib/CMSIS/Device/Source/ARM/startup_ARMCM33.s
                                    0x00000000   Lc  Abs  File  De 
     49  STACK                      0x200001e8   Lc    3  Sect  De   0xc00
     50  RESET                      0x00000000   Lc    1  Sect  De   0x89c
     51  .text                      0x000009e8   Lc    1  Sect  De   0xd0
     52  $v0                        0x000009e8   Lc    1   --   De 
     53  STAR_gpio.c                0x00000000   Lc  Abs  File  De 
     54  STAR_rcc.c                 0x00000000   Lc  Abs  File  De 
     55  STAR_retarget.c            0x00000000   Lc  Abs  File  De 
     56  STAR_uart.c                0x00000000   Lc  Abs  File  De 
     57  system_ARMCM33.c           0x00000000   Lc  Abs  File  De 
     58  STAR_spi.c                 0x00000000   Lc  Abs  File  De 
     59  main.c                     0x00000000   Lc  Abs  File  De 
     60  uart.c                     0x00000000   Lc  Abs  File  De 
     61  uartx_init                 0x000027dd   Lc    1  Code  De   0xa4
     62  uart_interrupt_init        0x0000277d   Lc    1  Code  De   0x60
     63  __NVIC_ClearPendingIRQ     0x0000254d   Lc    1  Code  De   0x30
     64  __NVIC_EnableIRQ           0x0000257d   Lc    1  Code  De   0x30
     65  flash_spi.c                0x00000000   Lc  Abs  File  De 
     66  .L.str                     0x000031c8   Lc    1  Data  De   0x1b
     67  .L.str.1                   0x000031e3   Lc    1  Data  De   0x1b
     68  .L.str.4                   0x000031fe   Lc    1  Data  De   0x26
     69  .L.str.3                   0x00003224   Lc    1  Data  De   0x29
     70  .L.str.2                   0x0000324d   Lc    1  Data  De   0x1d
     71  spi.c                      0x00000000   Lc  Abs  File  De 
     72  .L.str                     0x0000326a   Lc    1  Data  De   0x1e
     73  .L.str.1                   0x00003288   Lc    1  Data  De   0x28
     74  .L.str.2                   0x000032b0   Lc    1  Data  De   0x28
     75  dc.s                       0x00000000   Lc  Abs  File  De 
     76  ../clib/printf.c           0x00000000   Lc  Abs  File  De 
     77  .text                      0x00000ab8   Lc    1  Sect  De 
     78  ../clib/memcpset.s         0x00000000   Lc  Abs  File  De 
     79  .text                      0x00000ad0   Lc    1  Sect  De   0x44
     80  ../clib/heapaux.c          0x00000000   Lc  Abs  File  De 
     81  .text                      0x00000b14   Lc    1  Sect  De 
     82  ../clib/angel/startup.s    0x00000000   Lc  Abs  File  De 
     83  !!!main                    0x0000089c   Lc    1  Sect  De   0x8
     84  ../clib/angel/kernel.s     0x00000000   Lc  Abs  File  De 
     85  .ARM.Collect$$rtentry$$00000000
                                    0x000009c8   Lc    1  Sect  De 
     86  ../clib/printf.c           0x00000000   Lc  Abs  File  De 
     87  ../clib/printf.c           0x00000000   Lc  Abs  File  De 
     88  .text                      0x00000b1a   Lc    1  Sect  De 
     89  ../clib/printf.c           0x00000000   Lc  Abs  File  De 
     90  .text                      0x00000b68   Lc    1  Sect  De 
     91  ../clib/printf.c           0x00000000   Lc  Abs  File  De 
     92  .text                      0x00000b8c   Lc    1  Sect  De 
     93  ../clib/printf.c           0x00000000   Lc  Abs  File  De 
     94  .text                      0x00000be0   Lc    1  Sect  De 
     95  ../clib/printf.c           0x00000000   Lc  Abs  File  De 
     96  .text                      0x00000c58   Lc    1  Sect  De 
     97  ../clib/printf.c           0x00000000   Lc  Abs  File  De 
     98  .text                      0x00000c80   Lc    1  Sect  De 
     99  ../clib/printf.c           0x00000000   Lc  Abs  File  De 
    100  .text                      0x00000ca4   Lc    1  Sect  De 
    101  .constdata                 0x000030cc   Lc    1  Sect  De   0x8
    102  initial_mbstate            0x000030cc   Lc    1  Data  De   0x8
    103  ../clib/printf.c           0x00000000   Lc  Abs  File  De 
    104  .text                      0x00000d60   Lc    1  Sect  De 
    105  ../clib/printf.c           0x00000000   Lc  Abs  File  De 
    106  ../clib/printf.c           0x00000000   Lc  Abs  File  De 
    107  ../clib/printf.c           0x00000000   Lc  Abs  File  De 
    108  .text                      0x00000ddc   Lc    1  Sect  De 
    109  _printf_longlong_oct_internal
                                    0x00000ddd   Lc    1  Code  De 
    110  ../clib/printf.c           0x00000000   Lc  Abs  File  De 
    111  ../clib/printf.c           0x00000000   Lc  Abs  File  De 
    112  ../clib/printf.c           0x00000000   Lc  Abs  File  De 
    113  ../clib/printf.c           0x00000000   Lc  Abs  File  De 
    114  ../clib/printf.c           0x00000000   Lc  Abs  File  De 
    115  ../clib/printf.c           0x00000000   Lc  Abs  File  De 
    116  ../clib/printf.c           0x00000000   Lc  Abs  File  De 
    117  .text                      0x00000e4c   Lc    1  Sect  De 
    118  _printf_hex_common         0x00000e4d   Lc    1  Code  De 
    119  .constdata                 0x000030d4   Lc    1  Sect  De   0x28
    120  uc_hextab                  0x000030d4   Lc    1  Data  De   0x14
    121  lc_hextab                  0x000030e8   Lc    1  Data  De   0x14
    122  ../clib/printf.c           0x00000000   Lc  Abs  File  De 
    123  ../clib/printf.c           0x00000000   Lc  Abs  File  De 
    124  ../clib/printf.c           0x00000000   Lc  Abs  File  De 
    125  ../clib/printf.c           0x00000000   Lc  Abs  File  De 
    126  i._is_digit                0x00003040   Lc    1  Sect  De 
    127  ../clib/printf.c           0x00000000   Lc  Abs  File  De 
    128  ../clib/printf.c           0x00000000   Lc  Abs  File  De 
    129  ../clib/printf.c           0x00000000   Lc  Abs  File  De 
    130  .text                      0x00000ee0   Lc    1  Sect  De 
    131  .constdata                 0x000030fc   Lc    1  Sect  De   0x11
    132  maptable                   0x000030fc   Lc    1  Data  De   0x11
    133  ../clib/printf_percent.s   0x00000000   Lc  Abs  File  De 
    134  .ARM.Collect$$_printf_percent$$00000013
                                    0x00000984   Lc    1  Sect  De   0x6
    135  ../clib/printf_percent.s   0x00000000   Lc  Abs  File  De 
    136  .ARM.Collect$$_printf_percent$$00000014
                                    0x0000098a   Lc    1  Sect  De   0x6
    137  ../clib/printf_percent.s   0x00000000   Lc  Abs  File  De 
    138  .ARM.Collect$$_printf_percent$$00000001
                                    0x00000910   Lc    1  Sect  De   0x6
    139  ../clib/printf_percent.s   0x00000000   Lc  Abs  File  De 
    140  .ARM.Collect$$_printf_percent$$0000000C
                                    0x00000956   Lc    1  Sect  De   0x6
    141  ../clib/printf_percent.s   0x00000000   Lc  Abs  File  De 
    142  .ARM.Collect$$_printf_percent$$00000002
                                    0x00000916   Lc    1  Sect  De   0x6
    143  ../clib/printf_percent.s   0x00000000   Lc  Abs  File  De 
    144  .ARM.Collect$$_printf_percent$$0000000B
                                    0x00000950   Lc    1  Sect  De   0x6
    145  ../clib/printf_percent.s   0x00000000   Lc  Abs  File  De 
    146  .ARM.Collect$$_printf_percent$$00000008
                                    0x0000093e   Lc    1  Sect  De   0x6
    147  ../clib/printf_percent.s   0x00000000   Lc  Abs  File  De 
    148  .ARM.Collect$$_printf_percent$$00000009
                                    0x00000944   Lc    1  Sect  De   0x6
    149  ../clib/printf_percent.s   0x00000000   Lc  Abs  File  De 
    150  .ARM.Collect$$_printf_percent$$0000000A
                                    0x0000094a   Lc    1  Sect  De   0x6
    151  ../clib/printf_percent.s   0x00000000   Lc  Abs  File  De 
    152  .ARM.Collect$$_printf_percent$$00000003
                                    0x0000091c   Lc    1  Sect  De   0x6
    153  ../clib/printf_percent.s   0x00000000   Lc  Abs  File  De 
    154  .ARM.Collect$$_printf_percent$$00000004
                                    0x00000922   Lc    1  Sect  De   0x6
    155  ../clib/printf_percent.s   0x00000000   Lc  Abs  File  De 
    156  .ARM.Collect$$_printf_percent$$00000005
                                    0x00000928   Lc    1  Sect  De   0x6
    157  ../clib/printf_percent.s   0x00000000   Lc  Abs  File  De 
    158  .ARM.Collect$$_printf_percent$$00000006
                                    0x0000092e   Lc    1  Sect  De   0x6
    159  ../clib/printf_percent.s   0x00000000   Lc  Abs  File  De 
    160  .ARM.Collect$$_printf_percent$$00000000
                                    0x00000910   Lc    1  Sect  De 
    161  ../clib/printf_percent.s   0x00000000   Lc  Abs  File  De 
    162  .ARM.Collect$$_printf_percent$$0000000D
                                    0x0000095c   Lc    1  Sect  De   0x6
    163  ../clib/printf_percent.s   0x00000000   Lc  Abs  File  De 
    164  .ARM.Collect$$_printf_percent$$0000000E
                                    0x00000962   Lc    1  Sect  De   0x6
    165  ../clib/printf_percent.s   0x00000000   Lc  Abs  File  De 
    166  .ARM.Collect$$_printf_percent$$0000000F
                                    0x00000968   Lc    1  Sect  De   0x6
    167  ../clib/printf_percent.s   0x00000000   Lc  Abs  File  De 
    168  .ARM.Collect$$_printf_percent$$00000007
                                    0x00000934   Lc    1  Sect  De   0xa
    169  ../clib/printf_percent.s   0x00000000   Lc  Abs  File  De 
    170  .ARM.Collect$$_printf_percent$$00000012
                                    0x0000097a   Lc    1  Sect  De   0xa
    171  ../clib/printf_percent.s   0x00000000   Lc  Abs  File  De 
    172  .ARM.Collect$$_printf_percent$$00000015
                                    0x00000990   Lc    1  Sect  De   0x6
    173  ../clib/printf_percent.s   0x00000000   Lc  Abs  File  De 
    174  .ARM.Collect$$_printf_percent$$00000016
                                    0x00000996   Lc    1  Sect  De   0x6
    175  ../clib/printf_percent.s   0x00000000   Lc  Abs  File  De 
    176  .ARM.Collect$$_printf_percent$$00000010
                                    0x0000096e   Lc    1  Sect  De   0x6
    177  ../clib/printf_percent.s   0x00000000   Lc  Abs  File  De 
    178  .ARM.Collect$$_printf_percent$$00000011
                                    0x00000974   Lc    1  Sect  De   0x6
    179  ../clib/memcpset.s         0x00000000   Lc  Abs  File  De 
    180  .text                      0x00001068   Lc    1  Sect  De   0x4e
    181  ../clib/misc.s             0x00000000   Lc  Abs  File  De 
    182  ../fplib/printf1.s         0x00000000   Lc  Abs  File  De 
    183  x$fpl$printf1              0x000030c2   Lc    1  Sect  De   0x4
    184  $v0                        0x000030c2   Lc    1   --   De 
    185  ../fplib/printf2.s         0x00000000   Lc  Abs  File  De 
    186  x$fpl$printf2              0x000030c6   Lc    1  Sect  De   0x4
    187  $v0                        0x000030c6   Lc    1   --   De 
    188  ../fplib/printf2a.s        0x00000000   Lc  Abs  File  De 
    189  ../fplib/printf2b.s        0x00000000   Lc  Abs  File  De 
    190  ../clib/angel/kernel.s     0x00000000   Lc  Abs  File  De 
    191  .ARM.Collect$$rtentry$$00000002
                                    0x000009c8   Lc    1  Sect  De 
    192  .ARM.Collect$$rtentry$$00000009
                                    0x000009cc   Lc    1  Sect  De 
    193  .ARM.Collect$$rtentry$$0000000A
                                    0x000009cc   Lc    1  Sect  De   0x4
    194  .ARM.Collect$$rtentry$$0000000C
                                    0x000009d0   Lc    1  Sect  De 
    195  .ARM.Collect$$rtentry$$0000000D
                                    0x000009d0   Lc    1  Sect  De   0x8
    196  ../clib/angel/kernel.s     0x00000000   Lc  Abs  File  De 
    197  ../clib/angel/kernel.s     0x00000000   Lc  Abs  File  De 
    198  .ARM.Collect$$rtentry$$00000005
                                    0x000009c8   Lc    1  Sect  De   0x4
    199  .ARM.Collect$$rtentry$$00002716
                                    0x000009d8   Lc    1  Sect  De   0x4
    200  __lit__00000000            0x000009d8   Lc    1  Data  De   0x4
    201  ../clib/longlong.s         0x00000000   Lc  Abs  File  De 
    202  .text                      0x000010b6   Lc    1  Sect  De   0x8a
    203  ../clib/printf.c           0x00000000   Lc  Abs  File  De 
    204  .text                      0x00001140   Lc    1  Sect  De 
    205  ../clib/printf.c           0x00000000   Lc  Abs  File  De 
    206  .text                      0x000011f2   Lc    1  Sect  De 
    207  _fp_digits                 0x000011f3   Lc    1  Code  De   0x1b0
    208  ../clib/printf.c           0x00000000   Lc  Abs  File  De 
    209  ../clib/printf.c           0x00000000   Lc  Abs  File  De 
    210  .text                      0x00001610   Lc    1  Sect  De 
    211  .constdata                 0x0000310d   Lc    1  Sect  De   0x26
    212  lc_hextab                  0x0000310d   Lc    1  Data  De   0x13
    213  uc_hextab                  0x00003120   Lc    1  Data  De   0x13
    214  ../clib/printf.c           0x00000000   Lc  Abs  File  De 
    215  .text                      0x0000190c   Lc    1  Sect  De 
    216  _printf_input_char         0x0000190d   Lc    1  Code  De   0xa
    217  ../clib/printf.c           0x00000000   Lc  Abs  File  De 
    218  .text                      0x0000193c   Lc    1  Sect  De 
    219  ../clib/printf.c           0x00000000   Lc  Abs  File  De 
    220  .text                      0x00001968   Lc    1  Sect  De 
    221  ../clib/printf_percent.s   0x00000000   Lc  Abs  File  De 
    222  .ARM.Collect$$_printf_percent$$00000017
                                    0x0000099c   Lc    1  Sect  De   0x4
    223  ../clib/stdio.c            0x00000000   Lc  Abs  File  De 
    224  .text                      0x00001994   Lc    1  Sect  De 
    225  ../clib/stdio.c            0x00000000   Lc  Abs  File  De 
    226  ../clib/locale.c           0x00000000   Lc  Abs  File  De 
    227  .text                      0x0000199c   Lc    1  Sect  De 
    228  ../clib/angel/sys.s        0x00000000   Lc  Abs  File  De 
    229  ../clib/angel/rt.s         0x00000000   Lc  Abs  File  De 
    230  .text                      0x000019e4   Lc    1  Sect  De   0x10
    231  ../clib/angel/rt.s         0x00000000   Lc  Abs  File  De 
    232  ../clib/angel/rt.s         0x00000000   Lc  Abs  File  De 
    233  .text                      0x000019f4   Lc    1  Sect  De   0x8
    234  ../clib/printf.c           0x00000000   Lc  Abs  File  De 
    235  .text                      0x000019fc   Lc    1  Sect  De 
    236  ../clib/printf.c           0x00000000   Lc  Abs  File  De 
    237  ../clib/bigflt.c           0x00000000   Lc  Abs  File  De 
    238  .text                      0x00001a7c   Lc    1  Sect  De 
    239  .constdata                 0x00003134   Lc    1  Sect  De   0x94
    240  tenpwrs_x                  0x00003134   Lc    1  Data  De   0x3c
    241  tenpwrs_i                  0x00003170   Lc    1  Data  De   0x40
    242  ../clib/btod.s             0x00000000   Lc  Abs  File  De 
    243  CL$$btod_d2e               0x00002880   Lc    1  Sect  De   0x3e
    244  CL$$btod_d2e_norm_op1      0x00002904   Lc    1  Sect  De   0x60
    245  CL$$btod_d2e_denorm_low    0x000028be   Lc    1  Sect  De   0x46
    246  CL$$btod_emul              0x00002da2   Lc    1  Sect  De   0x2a
    247  CL$$btod_ediv              0x00002d78   Lc    1  Sect  De   0x2a
    248  CL$$btod_e2e               0x00002c9c   Lc    1  Sect  De   0xdc
    249  CL$$btod_mult_common       0x00002dcc   Lc    1  Sect  De   0x244
    250  CL$$btod_div_common        0x00002964   Lc    1  Sect  De   0x338
    251  ../clib/btod_accurate.c    0x00000000   Lc  Abs  File  De 
    252  ../clib/locale.s           0x00000000   Lc  Abs  File  De 
    253  locale$$data               0x000032f8   Lc    1  Sect  De   0x1c
    254  __lcnum_c_name             0x000032fc   Lc    1  Data  De   0x2
    255  __lcnum_c_start            0x00003304   Lc    1  Data  De 
    256  __lcnum_c_point            0x00003310   Lc    1  Data  De 
    257  __lcnum_c_thousands        0x00003312   Lc    1  Data  De 
    258  __lcnum_c_grouping         0x00003313   Lc    1  Data  De 
    259  __lcnum_c_end              0x00003314   Lc    1  Data  De 
    260  locale$$code               0x00003050   Lc    1  Sect  De   0x2c
    261  ../clib/stdlib.c           0x00000000   Lc  Abs  File  De 
    262  .text                      0x00001b60   Lc    1  Sect  De 
    263  ../clib/angel/boardlib.s   0x00000000   Lc  Abs  File  De 
    264  ../clib/angel/boardlib.s   0x00000000   Lc  Abs  File  De 
    265  ../clib/angel/boardlib.s   0x00000000   Lc  Abs  File  De 
    266  ../clib/libinit.s          0x00000000   Lc  Abs  File  De 
    267  .ARM.Collect$$libinit$$00000000
                                    0x000009a0   Lc    1  Sect  De   0x2
    268  ../fplib/istatus.s         0x00000000   Lc  Abs  File  De 
    269  ../fplib/usenofp.s         0x00000000   Lc  Abs  File  De 
    270  x$fpl$usenofp              0x000030ca   Lc    1  Sect  De 
    271  ../mathlib/fpclassify.c    0x00000000   Lc  Abs  File  De 
    272  i.__ARM_fpclassify         0x00003010   Lc    1  Sect  De 
    273  ../clib/angel/sys.s        0x00000000   Lc  Abs  File  De 
    274  .bss                       0x20000030   Lc    3  Sect  De   0x60
    275  ../clib/angel/sys.s        0x00000000   Lc  Abs  File  De 
    276  ../clib/angel/sys.s        0x00000000   Lc  Abs  File  De 
    277  ../clib/angel/kernel.s     0x00000000   Lc  Abs  File  De 
    278  .ARM.Collect$$rtexit$$00000000
                                    0x000009dc   Lc    1  Sect  De   0x2
    279  ../clib/btod_accurate.c    0x00000000   Lc  Abs  File  De 
    280  ../clib/locale.s           0x00000000   Lc  Abs  File  De 
    281  locale$$data               0x00003314   Lc    1  Sect  De   0x110
    282  __lcctype_c_name           0x00003318   Lc    1  Data  De   0x2
    283  __lcctype_c_start          0x00003320   Lc    1  Data  De 
    284  __lcctype_c_end            0x00003424   Lc    1  Data  De 
    285  locale$$code               0x0000307c   Lc    1  Sect  De   0x2c
    286  ../clib/memcpset.s         0x00000000   Lc  Abs  File  De 
    287  .text                      0x00001b78   Lc    1  Sect  De   0x7c
    288  ../clib/libinit.s          0x00000000   Lc  Abs  File  De 
    289  .ARM.Collect$$libinit$$00000001
                                    0x000009a2   Lc    1  Sect  De   0x4
    290  .ARM.Collect$$libinit$$00000004
                                    0x000009a6   Lc    1  Sect  De 
    291  .ARM.Collect$$libinit$$0000000A
                                    0x000009a6   Lc    1  Sect  De 
    292  .ARM.Collect$$libinit$$0000000C
                                    0x000009a6   Lc    1  Sect  De 
    293  .ARM.Collect$$libinit$$0000000E
                                    0x000009a6   Lc    1  Sect  De 
    294  .ARM.Collect$$libinit$$0000000F
                                    0x000009a6   Lc    1  Sect  De   0x6
    295  .ARM.Collect$$libinit$$00000011
                                    0x000009ac   Lc    1  Sect  De 
    296  .ARM.Collect$$libinit$$00000012
                                    0x000009ac   Lc    1  Sect  De   0xc
    297  .ARM.Collect$$libinit$$00000013
                                    0x000009b8   Lc    1  Sect  De 
    298  .ARM.Collect$$libinit$$00000015
                                    0x000009b8   Lc    1  Sect  De 
    299  .ARM.Collect$$libinit$$00000016
                                    0x000009b8   Lc    1  Sect  De   0xa
    300  .ARM.Collect$$libinit$$00000017
                                    0x000009c2   Lc    1  Sect  De 
    301  .ARM.Collect$$libinit$$00000019
                                    0x000009c2   Lc    1  Sect  De 
    302  .ARM.Collect$$libinit$$0000001B
                                    0x000009c2   Lc    1  Sect  De 
    303  .ARM.Collect$$libinit$$0000001D
                                    0x000009c2   Lc    1  Sect  De 
    304  .ARM.Collect$$libinit$$0000001F
                                    0x000009c2   Lc    1  Sect  De 
    305  .ARM.Collect$$libinit$$00000021
                                    0x000009c2   Lc    1  Sect  De 
    306  .ARM.Collect$$libinit$$00000023
                                    0x000009c2   Lc    1  Sect  De 
    307  .ARM.Collect$$libinit$$00000025
                                    0x000009c2   Lc    1  Sect  De 
    308  .ARM.Collect$$libinit$$0000002C
                                    0x000009c2   Lc    1  Sect  De 
    309  .ARM.Collect$$libinit$$0000002E
                                    0x000009c2   Lc    1  Sect  De 
    310  .ARM.Collect$$libinit$$00000030
                                    0x000009c2   Lc    1  Sect  De 
    311  .ARM.Collect$$libinit$$00000032
                                    0x000009c2   Lc    1  Sect  De 
    312  .ARM.Collect$$libinit$$00000033
                                    0x000009c2   Lc    1  Sect  De   0x2
    313  ../clib/libinit.s          0x00000000   Lc  Abs  File  De 
    314  ../clib/angel/sys.s        0x00000000   Lc  Abs  File  De 
    315  .text                      0x00001bf4   Lc    1  Sect  De   0x2
    316  ../clib/angel/sys.s        0x00000000   Lc  Abs  File  De 
    317  .text                      0x00001bf6   Lc    1  Sect  De 
    318  ../clib/angel/kernel.s     0x00000000   Lc  Abs  File  De 
    319  .ARM.Collect$$rtexit$$00000002
                                    0x000009de   Lc    1  Sect  De 
    320  .ARM.Collect$$rtexit$$00000003
                                    0x000009de   Lc    1  Sect  De   0x4
    321  .ARM.Collect$$rtexit$$00000004
                                    0x000009e2   Lc    1  Sect  De   0x6
    322  ../clib/longlong.s         0x00000000   Lc  Abs  File  De 
    323  ../clib/armsys.c           0x00000000   Lc  Abs  File  De 
    324  ../clib/armsys.c           0x00000000   Lc  Abs  File  De 
    325  ../fplib/fpinit.s          0x00000000   Lc  Abs  File  De 
    326  x$fpl$fpinit               0x000030a8   Lc    1  Sect  De   0x1a
    327  $v0                        0x000030a8   Lc    1   --   De 
    328  ../clib/angel/sysapp.c     0x00000000   Lc  Abs  File  De 
    329  .text                      0x00001bf8   Lc    1  Sect  De 
    330  ../clib/angel/sysapp.c     0x00000000   Lc  Abs  File  De 
    331  ../clib/angel/boardlib.s   0x00000000   Lc  Abs  File  De 
    332  ../clib/armsys.c           0x00000000   Lc  Abs  File  De 
    333  ../clib/armsys.c           0x00000000   Lc  Abs  File  De 
    334  ../clib/libinit.s          0x00000000   Lc  Abs  File  De 
    335  .ARM.Collect$$libshutdown$$00000000
                                    0x000009c4   Lc    1  Sect  De   0x2
    336  ../clib/angel/sysapp.c     0x00000000   Lc  Abs  File  De 
    337  ../clib/angel/sysapp.c     0x00000000   Lc  Abs  File  De 
    338  ../clib/heapalloc.c        0x00000000   Lc  Abs  File  De 
    339  ../clib/signal.c           0x00000000   Lc  Abs  File  De 
    340  ../clib/signal.c           0x00000000   Lc  Abs  File  De 
    341  ../clib/libinit.s          0x00000000   Lc  Abs  File  De 
    342  .ARM.Collect$$libshutdown$$00000002
                                    0x000009c6   Lc    1  Sect  De 
    343  .ARM.Collect$$libshutdown$$00000004
                                    0x000009c6   Lc    1  Sect  De 
    344  .ARM.Collect$$libshutdown$$00000007
                                    0x000009c6   Lc    1  Sect  De 
    345  .ARM.Collect$$libshutdown$$0000000A
                                    0x000009c6   Lc    1  Sect  De 
    346  .ARM.Collect$$libshutdown$$0000000C
                                    0x000009c6   Lc    1  Sect  De 
    347  .ARM.Collect$$libshutdown$$0000000F
                                    0x000009c6   Lc    1  Sect  De 
    348  .ARM.Collect$$libshutdown$$00000010
                                    0x000009c6   Lc    1  Sect  De   0x2
    349  ../clib/angel/rt.s         0x00000000   Lc  Abs  File  De 
    350  ../clib/signal.c           0x00000000   Lc  Abs  File  De 
    351  ../clib/signal.c           0x00000000   Lc  Abs  File  De 
    352  ../clib/signal.c           0x00000000   Lc  Abs  File  De 
    353  ../clib/signal.c           0x00000000   Lc  Abs  File  De 
    354  ../clib/angel/sysapp.c     0x00000000   Lc  Abs  File  De 
    355  ../clib/angel/sysapp.c     0x00000000   Lc  Abs  File  De 
    356  ../clib/signal.s           0x00000000   Lc  Abs  File  De 
    357  ../clib/signal.c           0x00000000   Lc  Abs  File  De 
    358  ../clib/signal.c           0x00000000   Lc  Abs  File  De 
    359  ../clib/signal.c           0x00000000   Lc  Abs  File  De 
    360  ../clib/signal.c           0x00000000   Lc  Abs  File  De 
    361  ../clib/signal.c           0x00000000   Lc  Abs  File  De 
    362  ../clib/signal.c           0x00000000   Lc  Abs  File  De 
    363  ../clib/signal.c           0x00000000   Lc  Abs  File  De 
    364  ../clib/signal.c           0x00000000   Lc  Abs  File  De 
    365  ../clib/angel/scatter.s    0x00000000   Lc  Abs  File  De 
    366  !!!scatter                 0x000008a4   Lc    1  Sect  De   0x34
    367  ../clib/angel/handlers.s   0x00000000   Lc  Abs  File  De 
    368  !!handler_copy             0x000008d8   Lc    1  Sect  De   0x1a
    369  ../clib/angel/handlers.s   0x00000000   Lc  Abs  File  De 
    370  !!handler_zi               0x000008f4   Lc    1  Sect  De   0x1c
    371  BuildAttributes$$THM_ISAv4$E$P$D$K$B$S$7EM$8M$VFPi5$EXTD16$VFPS$VFMA$PE$A:L22UL41UL21$X:L11$S22US41US21$IEEE1$IW$~IW$USESV6$~STKCKD$USESV7$~SHL$OTIME$ROPI$IEEEJ$EBA8$UX$STANDARDLIB$REQ8$PRES8$EABIv2
                                    0x00000000   Gb  Abs   --   Hi 
    372  __Vectors                  0x00000000   Gb    1  Data  Hi   0x4
    373  _printf_flags              0x00000000   Gb  Abs   --   Hi 
    374  _printf_return_value       0x00000000   Gb  Abs   --   Hi 
    375  _printf_sizespec           0x00000000   Gb  Abs   --   Hi 
    376  _printf_widthprec          0x00000000   Gb  Abs   --   Hi 
    377  __Vectors_End              0x0000089c   Gb    1  Data  Hi 
    378  __Vectors_Size             0x0000089c   Gb  Abs   --   Hi 
    379  __main                     0x0000089d   Gb    1  Code  Hi   0x8
    380  __scatterload              0x000008a5   Gb    1  Code  Hi 
    381  __scatterload_rt2          0x000008a5   Gb    1  Code  Hi   0x2c
    382  __scatterload_rt2_thumb_only
                                    0x000008a5   Gb    1  Code  Hi 
    383  __scatterload_null         0x000008b3   Gb    1  Code  Hi 
    384  __scatterload_copy         0x000008d9   Gb    1  Code  Hi   0x1a
    385  __scatterload_zeroinit     0x000008f5   Gb    1  Code  Hi   0x1c
    386  _printf_n                  0x00000911   Gb    1  Code  Hi 
    387  _printf_percent            0x00000911   Gb    1  Code  Hi 
    388  _printf_p                  0x00000917   Gb    1  Code  Hi 
    389  _printf_f                  0x0000091d   Gb    1  Code  Hi 
    390  _printf_e                  0x00000923   Gb    1  Code  Hi 
    391  _printf_g                  0x00000929   Gb    1  Code  Hi 
    392  _printf_a                  0x0000092f   Gb    1  Code  Hi 
    393  _printf_ll                 0x00000935   Gb    1  Code  Hi 
    394  _printf_i                  0x0000093f   Gb    1  Code  Hi 
    395  _printf_d                  0x00000945   Gb    1  Code  Hi 
    396  _printf_u                  0x0000094b   Gb    1  Code  Hi 
    397  _printf_o                  0x00000951   Gb    1  Code  Hi 
    398  _printf_x                  0x00000957   Gb    1  Code  Hi 
    399  _printf_lli                0x0000095d   Gb    1  Code  Hi 
    400  _printf_lld                0x00000963   Gb    1  Code  Hi 
    401  _printf_llu                0x00000969   Gb    1  Code  Hi 
    402  _printf_llo                0x0000096f   Gb    1  Code  Hi 
    403  _printf_llx                0x00000975   Gb    1  Code  Hi 
    404  _printf_l                  0x0000097b   Gb    1  Code  Hi 
    405  _printf_c                  0x00000985   Gb    1  Code  Hi 
    406  _printf_s                  0x0000098b   Gb    1  Code  Hi 
    407  _printf_lc                 0x00000991   Gb    1  Code  Hi 
    408  _printf_ls                 0x00000997   Gb    1  Code  Hi 
    409  _printf_percent_end        0x0000099d   Gb    1  Code  De 
    410  __rt_lib_init              0x000009a1   Gb    1  Code  De 
    411  __rt_lib_init_fp_1         0x000009a3   Gb    1  Code  Hi 
    412  __rt_lib_init_heap_1       0x000009a7   Gb    1  Code  Hi 
    413  __rt_lib_init_lc_common    0x000009a7   Gb    1  Code  Hi 
    414  __rt_lib_init_preinit_1    0x000009a7   Gb    1  Code  Hi 
    415  __rt_lib_init_rand_1       0x000009a7   Gb    1  Code  Hi 
    416  __rt_lib_init_user_alloc_1 0x000009a7   Gb    1  Code  Hi 
    417  __rt_lib_init_lc_collate_1 0x000009ad   Gb    1  Code  Hi 
    418  __rt_lib_init_lc_ctype_2   0x000009ad   Gb    1  Code  Hi 
    419  __rt_lib_init_lc_ctype_1   0x000009b9   Gb    1  Code  Hi 
    420  __rt_lib_init_lc_monetary_1
                                    0x000009b9   Gb    1  Code  Hi 
    421  __rt_lib_init_lc_numeric_2 0x000009b9   Gb    1  Code  Hi 
    422  __rt_lib_init_alloca_1     0x000009c3   Gb    1  Code  Hi 
    423  __rt_lib_init_argv_1       0x000009c3   Gb    1  Code  Hi 
    424  __rt_lib_init_atexit_1     0x000009c3   Gb    1  Code  Hi 
    425  __rt_lib_init_clock_1      0x000009c3   Gb    1  Code  Hi 
    426  __rt_lib_init_cpp_1        0x000009c3   Gb    1  Code  Hi 
    427  __rt_lib_init_exceptions_1 0x000009c3   Gb    1  Code  Hi 
    428  __rt_lib_init_fp_trap_1    0x000009c3   Gb    1  Code  Hi 
    429  __rt_lib_init_getenv_1     0x000009c3   Gb    1  Code  Hi 
    430  __rt_lib_init_lc_numeric_1 0x000009c3   Gb    1  Code  Hi 
    431  __rt_lib_init_lc_time_1    0x000009c3   Gb    1  Code  Hi 
    432  __rt_lib_init_return       0x000009c3   Gb    1  Code  Hi 
    433  __rt_lib_init_signal_1     0x000009c3   Gb    1  Code  Hi 
    434  __rt_lib_init_stdio_1      0x000009c3   Gb    1  Code  Hi 
    435  __rt_lib_shutdown          0x000009c5   Gb    1  Code  De 
    436  __rt_lib_shutdown_cpp_1    0x000009c7   Gb    1  Code  Hi 
    437  __rt_lib_shutdown_fp_trap_1
                                    0x000009c7   Gb    1  Code  Hi 
    438  __rt_lib_shutdown_heap_1   0x000009c7   Gb    1  Code  Hi 
    439  __rt_lib_shutdown_return   0x000009c7   Gb    1  Code  Hi 
    440  __rt_lib_shutdown_signal_1 0x000009c7   Gb    1  Code  Hi 
    441  __rt_lib_shutdown_stdio_1  0x000009c7   Gb    1  Code  Hi 
    442  __rt_lib_shutdown_user_alloc_1
                                    0x000009c7   Gb    1  Code  Hi 
    443  __rt_entry                 0x000009c9   Gb    1  Code  Hi 
    444  __rt_entry_presh_1         0x000009c9   Gb    1  Code  Hi 
    445  __rt_entry_sh              0x000009c9   Gb    1  Code  Hi 
    446  __rt_entry_li              0x000009cd   Gb    1  Code  Hi 
    447  __rt_entry_postsh_1        0x000009cd   Gb    1  Code  Hi 
    448  __rt_entry_main            0x000009d1   Gb    1  Code  Hi 
    449  __rt_entry_postli_1        0x000009d1   Gb    1  Code  Hi 
    450  __rt_exit                  0x000009dd   Gb    1  Code  De 
    451  __rt_exit_ls               0x000009df   Gb    1  Code  Hi 
    452  __rt_exit_prels_1          0x000009df   Gb    1  Code  Hi 
    453  __rt_exit_exit             0x000009e3   Gb    1  Code  Hi 
    454  Reset_Handler              0x000009e9   Wk    1  Code  Hi   0xe
    455  HardFault_Handler          0x000009f7   Wk    1  Code  Hi   0x2
    456  NMI_Handler                0x000009f9   Wk    1  Code  Hi   0x2
    457  MemManage_Handler          0x000009fb   Wk    1  Code  Hi   0x2
    458  BusFault_Handler           0x000009fd   Wk    1  Code  Hi   0x2
    459  UsageFault_Handler         0x000009ff   Wk    1  Code  Hi   0x2
    460  SecureFault_Handler        0x00000a01   Wk    1  Code  Hi   0x2
    461  SVC_Handler                0x00000a03   Wk    1  Code  Hi   0x2
    462  DebugMon_Handler           0x00000a05   Wk    1  Code  Hi   0x2
    463  PendSV_Handler             0x00000a07   Wk    1  Code  Hi   0x2
    464  SysTick_Handler            0x00000a09   Wk    1  Code  Hi   0x2
    465  ADC_Handler                0x00000a0d   Wk    1  Code  Hi   0x2
    466  DMACINTERR_Handler         0x00000a11   Wk    1  Code  Hi   0x2
    467  DMACINTTC_Handler          0x00000a13   Wk    1  Code  Hi   0x2
    468  DMACINTR_Handler           0x00000a15   Wk    1  Code  Hi   0x2
    469  PORT0_COMB_Handler         0x00000a17   Wk    1  Code  Hi   0x2
    470  ADC1_Handler               0x00000a19   Wk    1  Code  Hi   0x2
    471  TIMER0_Handler             0x00000a1b   Wk    1  Code  Hi   0x2
    472  TIMER1_Handler             0x00000a1d   Wk    1  Code  Hi   0x2
    473  DUALTIMER0_Handler         0x00000a1f   Wk    1  Code  Hi   0x2
    474  DUALTIMER1_Handler         0x00000a21   Wk    1  Code  Hi   0x2
    475  UARTOVF_Handler            0x00000a23   Wk    1  Code  Hi   0x2
    476  EXT13_IRQn                 0x00000a25   Wk    1  Code  Hi   0x2
    477  EXT14_IRQn                 0x00000a27   Wk    1  Code  Hi   0x2
    478  EXT15_IRQn                 0x00000a29   Wk    1  Code  Hi   0x2
    479  PORT0_0_Handler            0x00000a2b   Wk    1  Code  Hi   0x2
    480  PORT0_1_Handler            0x00000a2d   Wk    1  Code  Hi   0x2
    481  PORT0_2_Handler            0x00000a2f   Wk    1  Code  Hi   0x2
    482  PORT0_3_Handler            0x00000a31   Wk    1  Code  Hi   0x2
    483  PORT0_4_Handler            0x00000a33   Wk    1  Code  Hi   0x2
    484  PORT0_5_Handler            0x00000a35   Wk    1  Code  Hi   0x2
    485  PORT0_6_Handler            0x00000a37   Wk    1  Code  Hi   0x2
    486  PORT0_7_Handler            0x00000a39   Wk    1  Code  Hi   0x2
    487  PORT0_8_Handler            0x00000a3b   Wk    1  Code  Hi   0x2
    488  PORT0_9_Handler            0x00000a3d   Wk    1  Code  Hi   0x2
    489  PORT0_10_Handler           0x00000a3f   Wk    1  Code  Hi   0x2
    490  PORT0_11_Handler           0x00000a41   Wk    1  Code  Hi   0x2
    491  PORT0_12_Handler           0x00000a43   Wk    1  Code  Hi   0x2
    492  PORT0_13_Handler           0x00000a45   Wk    1  Code  Hi   0x2
    493  PORT0_14_Handler           0x00000a47   Wk    1  Code  Hi   0x2
    494  PORT0_15_Handler           0x00000a49   Wk    1  Code  Hi   0x2
    495  PORT0_16_Handler           0x00000a4b   Wk    1  Code  Hi   0x2
    496  PORT0_17_Handler           0x00000a4d   Wk    1  Code  Hi   0x2
    497  PORT0_18_Handler           0x00000a4f   Wk    1  Code  Hi   0x2
    498  PORT0_19_Handler           0x00000a51   Wk    1  Code  Hi   0x2
    499  PORT0_20_Handler           0x00000a53   Wk    1  Code  Hi   0x2
    500  PORT0_21_Handler           0x00000a55   Wk    1  Code  Hi   0x2
    501  PORT0_22_Handler           0x00000a57   Wk    1  Code  Hi   0x2
    502  PORT0_23_Handler           0x00000a59   Wk    1  Code  Hi   0x2
    503  PORT0_24_Handler           0x00000a5b   Wk    1  Code  Hi   0x2
    504  PORT0_25_Handler           0x00000a5d   Wk    1  Code  Hi   0x2
    505  PORT0_26_Handler           0x00000a5f   Wk    1  Code  Hi   0x2
    506  PORT0_27_Handler           0x00000a61   Wk    1  Code  Hi   0x2
    507  PORT0_28_Handler           0x00000a63   Wk    1  Code  Hi   0x2
    508  PORT0_29_Handler           0x00000a65   Wk    1  Code  Hi   0x2
    509  PORT0_30_Handler           0x00000a67   Wk    1  Code  Hi   0x2
    510  PORT0_31_Handler           0x00000a69   Wk    1  Code  Hi   0x2
    511  I2C_Handler                0x00000a6b   Wk    1  Code  Hi   0x2
    512  MPS2_SSP0_Handler          0x00000a6d   Wk    1  Code  Hi   0x2
    513  MPS2_SSP1_Handler          0x00000a6f   Wk    1  Code  Hi   0x2
    514  Spare51_Handler            0x00000a71   Wk    1  Code  Hi   0x2
    515  Spare52_Handler            0x00000a73   Wk    1  Code  Hi   0x2
    516  Spare53_Handler            0x00000a75   Wk    1  Code  Hi   0x2
    517  Spare54_Handler            0x00000a77   Wk    1  Code  Hi   0x2
    518  Spare55_Handler            0x00000a79   Wk    1  Code  Hi   0x2
    519  Spare56_Handler            0x00000a7b   Wk    1  Code  Hi   0x2
    520  Spare57_Handler            0x00000a7d   Wk    1  Code  Hi   0x2
    521  Spare58_Handler            0x00000a7f   Wk    1  Code  Hi   0x2
    522  Spare59_Handler            0x00000a81   Wk    1  Code  Hi   0x2
    523  Spare60_Handler            0x00000a83   Wk    1  Code  Hi   0x2
    524  Spare61_Handler            0x00000a85   Wk    1  Code  Hi   0x2
    525  Spare62_Handler            0x00000a87   Wk    1  Code  Hi   0x2
    526  Spare63_Handler            0x00000a89   Wk    1  Code  Hi   0x2
    527  EXT0_Handler               0x00000a8b   Wk    1  Code  Hi   0x2
    528  EXT1_Handler               0x00000a8d   Wk    1  Code  Hi   0x2
    529  EXT2_Handler               0x00000a8f   Wk    1  Code  Hi   0x2
    530  EXT3_Handler               0x00000a91   Wk    1  Code  Hi   0x2
    531  EXT4_Handler               0x00000a93   Wk    1  Code  Hi   0x2
    532  EXT5_Handler               0x00000a95   Wk    1  Code  Hi   0x2
    533  EXT6_Handler               0x00000a97   Wk    1  Code  Hi   0x2
    534  EXT7_Handler               0x00000a99   Wk    1  Code  Hi   0x2
    535  EXT8_Handler               0x00000a9b   Wk    1  Code  Hi   0x2
    536  EXT9_Handler               0x00000a9d   Wk    1  Code  Hi   0x2
    537  EXT10_Handler              0x00000a9f   Wk    1  Code  Hi   0x2
    538  EXT11_Handler              0x00000aa1   Wk    1  Code  Hi   0x2
    539  EXT12_Handler              0x00000aa3   Wk    1  Code  Hi   0x2
    540  EXT13_Handler              0x00000aa5   Wk    1  Code  Hi   0x2
    541  EXT14_Handler              0x00000aa7   Wk    1  Code  Hi   0x2
    542  EXT15_Handler              0x00000aa9   Wk    1  Code  Hi   0x2
    543  printf                     0x00000ab9   Gb    1  Code  De   0x14
    544  __aeabi_memclr             0x00000ad1   Gb    1  Code  De 
    545  __rt_memclr                0x00000ad1   Gb    1  Code  De 
    546  _memset                    0x00000ad5   Gb    1  Code  De   0x40
    547  __use_two_region_memory    0x00000b15   Gb    1  Code  Hi   0x2
    548  __rt_heap_escrow$2region   0x00000b17   Gb    1  Code  De   0x2
    549  __rt_heap_expand$2region   0x00000b19   Gb    1  Code  De   0x2
    550  _printf_pre_padding        0x00000b1b   Gb    1  Code  Hi   0x2c
    551  _printf_post_padding       0x00000b47   Gb    1  Code  Hi   0x22
    552  _printf_truncate_signed    0x00000b69   Gb    1  Code  Hi   0x12
    553  _printf_truncate_unsigned  0x00000b7b   Gb    1  Code  Hi   0x12
    554  _printf_str                0x00000b8d   Gb    1  Code  Hi   0x52
    555  _printf_int_dec            0x00000be1   Gb    1  Code  Hi   0x68
    556  _printf_charcount          0x00000c59   Gb    1  Code  Hi   0x28
    557  _printf_char_file          0x00000c81   Gb    1  Code  De   0x20
    558  _printf_wctomb             0x00000ca5   Gb    1  Code  Hi   0xb6
    559  _printf_longlong_dec       0x00000d61   Gb    1  Code  Hi   0x6c
    560  _printf_longlong_oct       0x00000ddd   Gb    1  Code  Hi   0x44
    561  _printf_int_oct            0x00000e21   Gb    1  Code  De   0x18
    562  _printf_ll_oct             0x00000e39   Gb    1  Code  De   0xc
    563  _printf_longlong_hex       0x00000e4d   Gb    1  Code  Hi   0x56
    564  _printf_int_hex            0x00000ea3   Gb    1  Code  De   0x1c
    565  _printf_ll_hex             0x00000ebf   Gb    1  Code  De   0xc
    566  _printf_hex_ptr            0x00000ecb   Gb    1  Code  De   0x12
    567  __printf                   0x00000ee1   Gb    1  Code  De   0x184
    568  __aeabi_memclr4            0x00001069   Gb    1  Code  De 
    569  __aeabi_memclr8            0x00001069   Gb    1  Code  De 
    570  __rt_memclr_w              0x00001069   Gb    1  Code  De 
    571  _memset_w                  0x0000106d   Gb    1  Code  De   0x4a
    572  _ll_udiv10                 0x000010b7   Gb    1  Code  De   0x8a
    573  _printf_int_common         0x00001141   Gb    1  Code  De   0xb2
    574  _printf_fp_dec_real        0x000013a3   Gb    1  Code  De   0x26c
    575  _printf_fp_hex_real        0x00001611   Gb    1  Code  De   0x2f4
    576  _printf_char_common        0x00001917   Gb    1  Code  De   0x20
    577  _printf_cs_common          0x0000193d   Gb    1  Code  Hi   0x14
    578  _printf_char               0x00001951   Gb    1  Code  De   0x10
    579  _printf_string             0x00001961   Gb    1  Code  De   0x8
    580  _printf_lcs_common         0x00001969   Gb    1  Code  Hi   0x14
    581  _printf_wchar              0x0000197d   Gb    1  Code  De   0x10
    582  _printf_wstring            0x0000198d   Gb    1  Code  De   0x8
    583  ferror                     0x00001995   Gb    1  Code  De   0x8
    584  _c16rtomb                  0x0000199d   Gb    1  Code  De   0x48
    585  _wcrtomb                   0x0000199d   Gb    1  Code  De 
    586  __rt_ctype_table           0x000019e5   Gb    1  Code  De   0x10
    587  __rt_locale                0x000019f5   Gb    1  Code  De   0x8
    588  _printf_fp_infnan          0x000019fd   Gb    1  Code  De   0x70
    589  _btod_etento               0x00001a7d   Gb    1  Code  De   0xe0
    590  exit                       0x00001b61   Gb    1  Code  De   0x12
    591  strcmp                     0x00001b79   Gb    1  Code  De   0x7c
    592  __I$use$semihosting        0x00001bf5   Gb    1  Code  Hi 
    593  __use_no_semihosting_swi   0x00001bf5   Gb    1  Code  Hi   0x2
    594  __semihosting_library_function
                                    0x00001bf7   Gb    1  Code  Hi 
    595  _sys_exit                  0x00001bf9   Gb    1  Code  De   0x8
    596  Flash_PageRead             0x00001c05   Gb    1  Code  Hi   0x96
    597  Flash_PageWrite            0x00001c9d   Gb    1  Code  Hi   0x8c
    598  Flash_SectorErase          0x00001d29   Gb    1  Code  Hi   0x54
    599  Flash_WriterEnable         0x00001d7d   Gb    1  Code  Hi   0x28
    600  GPIO_DeInit                0x00001da5   Gb    1  Code  Hi   0x3a
    601  GPIO_PinRemapConfig        0x00001de1   Gb    1  Code  Hi   0x24
    602  GPIO_ResetBit              0x00001e05   Gb    1  Code  Hi   0x32
    603  GPIO_SetBit                0x00001e39   Gb    1  Code  Hi   0x32
    604  RCC_APB1PeriphResetCmd     0x00001e6d   Gb    1  Code  Hi   0x3e
    605  SPI_Read_Flash_ID          0x00001ead   Gb    1  Code  Hi   0xb0
    606  SPI_test                   0x00001f5d   Gb    1  Code  Hi   0x2a
    607  SSP_DeInit                 0x00001f89   Gb    1  Code  Hi   0x58
    608  SSP_Enable                 0x00001fe1   Gb    1  Code  Hi   0x2c
    609  SSP_Flash_WaitBusyEnd      0x0000200d   Gb    1  Code  Hi   0x52
    610  SSP_Init                   0x00002061   Gb    1  Code  Hi   0x36
    611  SSP_Loop                   0x00002099   Gb    1  Code  Hi   0xc0
    612  SSP_PinRemap               0x00002159   Gb    1  Code  Hi   0xbc
    613  SSP_ReceiveData            0x00002215   Gb    1  Code  Hi   0xe
    614  SSP_SendData               0x00002225   Gb    1  Code  Hi   0x14
    615  SSP_Set_ReceiveDataNum     0x00002239   Gb    1  Code  Hi   0x1a
    616  SSP_Wait_ReceiveReady      0x00002255   Gb    1  Code  Hi   0x18
    617  SSP_Wait_SendFinish        0x0000226d   Gb    1  Code  Hi   0x18
    618  SSP_Wait_TxFIFONotFull     0x00002285   Gb    1  Code  Hi   0x18
    619  SystemInit                 0x0000229d   Gb    1  Code  Hi   0x36
    620  UART0_Handler              0x000022d5   Gb    1  Code  Hi   0x3e
    621  UART1_Handler              0x00002315   Gb    1  Code  Hi   0x4a
    622  UART2_Handler              0x00002361   Gb    1  Code  Hi   0x4a
    623  UART_DeInit                0x000023ad   Gb    1  Code  Hi   0x76
    624  UART_GetITStatus           0x00002425   Gb    1  Code  Hi   0x36
    625  UART_ITCLEAR               0x0000245d   Gb    1  Code  Hi   0x18
    626  UART_ITConfig              0x00002475   Gb    1  Code  Hi   0x34
    627  UART_Init                  0x000024a9   Gb    1  Code  Hi   0x28
    628  UART_ReceiveData           0x000024d1   Gb    1  Code  Hi   0x2a
    629  UART_SendData              0x000024fd   Gb    1  Code  Hi   0x22
    630  UartPutc                   0x00002521   Gb    1  Code  Hi   0x2c
    631  delay_ms                   0x000025ad   Gb    1  Code  Hi   0x40
    632  flash_spi_init             0x000025ed   Gb    1  Code  Hi   0x4c
    633  flash_test                 0x00002639   Gb    1  Code  Hi   0xb4
    634  fputc                      0x000026ed   Gb    1  Code  Hi   0x14
    635  main                       0x00002701   Gb    1  Code  Hi   0x62
    636  uart_init                  0x00002765   Gb    1  Code  Hi   0x18
    637  _btod_d2e                  0x00002881   Gb    1  Code  De   0x3e
    638  _d2e_denorm_low            0x000028bf   Gb    1  Code  De   0x46
    639  _d2e_norm_op1              0x00002905   Gb    1  Code  De   0x60
    640  __btod_div_common          0x00002965   Gb    1  Code  De   0x2b8
    641  _e2e                       0x00002c9d   Gb    1  Code  De   0xdc
    642  _btod_ediv                 0x00002d79   Gb    1  Code  De   0x2a
    643  _btod_emul                 0x00002da3   Gb    1  Code  De   0x2a
    644  __btod_mult_common         0x00002dcd   Gb    1  Code  De   0x244
    645  __ARM_fpclassify           0x00003011   Gb    1  Code  De   0x30
    646  _is_digit                  0x00003041   Gb    1  Code  De   0xe
    647  _get_lc_numeric            0x00003051   Gb    1  Code  Hi   0x2c
    648  _get_lc_ctype              0x0000307d   Gb    1  Code  De   0x2c
    649  _fp_init                   0x000030a9   Gb    1  Code  De   0x1a
    650  __fplib_config_fpu_vfp     0x000030c1   Gb    1  Code  De 
    651  __fplib_config_pureend_doubles
                                    0x000030c1   Gb    1  Code  De 
    652  _printf_fp_dec             0x000030c3   Gb    1  Code  Hi   0x4
    653  _printf_fp_hex             0x000030c7   Gb    1  Code  Hi   0x4
    654  __I$use$fp                 0x000030ca   Gb    1   --   Hi 
    655  Region$$Table$$Base        0x000032d8   Gb    1   --   Hi 
    656  Region$$Table$$Limit       0x000032f8   Gb    1   --   Hi 
    657  __ctype                    0x00003321   Gb    1  Data  De 
    658  PCLK                       0x20000000   Gb    2  Data  Hi   0x4
    659  SystemCoreClock            0x20000004   Gb    2  Data  Hi   0x4
    660  Tx_Buffer                  0x20000008   Gb    2  Data  Hi   0x24
    661  __libspace_start           0x20000030   Gb    3  Data  De   0x60
    662  Rx_Buffer                  0x20000090   Gb    3  Data  Hi   0x100
    663  __temporary_stack_top$libspace
                                    0x20000090   Gb    3  Data  De 
    664  __stdout                   0x20000190   Gb    3  Data  Hi   0x54
    665  __stack_limit              0x200001e8   Gb    3  Data  Hi 
    666  __initial_sp               0x20000de8   Gb    3  Data  Hi 


** Section #11 '.strtab' (SHT_STRTAB)
    Size   : 8988 bytes


** Section #12 '.note' (SHT_NOTE)
    Size   : 28 bytes (alignment 4)


** Section #13 '.comment' (SHT_PROGBITS)
    Size   : 1216 bytes


** Section #14 '.shstrtab' (SHT_STRTAB)
    Size   : 136 bytes


