
========================================================================

** ELF Header Information

    File Name: D:\work\ziduojin\50K_100K\50K\M33\STAR_Demo_2023\XIST_STAR_dualtimer\MCU_Prj\MDK\Objects\dualtimer.axf

    Machine class: ELFCLASS32 (32-bit)
    Data encoding: ELFDATA2LSB (Little endian)
    Header version: EV_CURRENT (Current version)
    Operating System ABI: none
    ABI Version: 0
    File Type: ET_EXEC (Executable) (2)
    Machine: EM_ARM (ARM)

    Image Entry point: 0x0000089d
    Flags: EF_ARM_HASENTRY + EF_ARM_ABI_FLOAT_HARD (0x05000402)

    ARM ELF revision: 5 (ABI version 2)

    Conforms to Hard float procedure-call standard

    Built with
    Component: ARM Compiler 6.16 Tool: armasm [5dfea300]
    Component: ARM Compiler 6.16 Tool: armlink [5dfeaa00]

    Header size: 52 bytes (0x34)
    Program header entry size: 32 bytes (0x20)
    Section header entry size: 40 bytes (0x28)

    Program header entries: 1
    Section header entries: 15

    Program header offset: 36948 (0x00009054)
    Section header offset: 36980 (0x00009074)

    Section header string table index: 14

========================================================================

** Program header #0 (PT_LOAD) [PF_X + PF_W + PF_R + PF_ARM_ENTRY]
    Size : 7480 bytes (4408 bytes in file)
    Virtual address: 0x00000000 (Alignment 8)


========================================================================

** Section #1 'ER_IROM1' (SHT_PROGBITS) [SHF_ALLOC + SHF_EXECINSTR]
    Size   : 4396 bytes (alignment 4)
    Address: 0x00000000

    $d.realdata
    RESET
    __Vectors
        0x00000000:    20000c08    ...     DCD    536873992
        0x00000004:    0000093d    =...    DCD    2365
        0x00000008:    0000094d    M...    DCD    2381
        0x0000000c:    0000094b    K...    DCD    2379
        0x00000010:    0000094f    O...    DCD    2383
        0x00000014:    00000951    Q...    DCD    2385
        0x00000018:    00000953    S...    DCD    2387
        0x0000001c:    00000955    U...    DCD    2389
        0x00000020:    00000000    ....    DCD    0
        0x00000024:    00000000    ....    DCD    0
        0x00000028:    00000000    ....    DCD    0
        0x0000002c:    00000957    W...    DCD    2391
        0x00000030:    00000959    Y...    DCD    2393
        0x00000034:    00000000    ....    DCD    0
        0x00000038:    0000095b    [...    DCD    2395
        0x0000003c:    0000095d    ]...    DCD    2397
        0x00000040:    0000095f    _...    DCD    2399
        0x00000044:    00000961    a...    DCD    2401
        0x00000048:    00000963    c...    DCD    2403
        0x0000004c:    00000965    e...    DCD    2405
        0x00000050:    00000967    g...    DCD    2407
        0x00000054:    00000969    i...    DCD    2409
        0x00000058:    0000096b    k...    DCD    2411
        0x0000005c:    0000096d    m...    DCD    2413
        0x00000060:    0000096f    o...    DCD    2415
        0x00000064:    00000971    q...    DCD    2417
        0x00000068:    00000dd1    ....    DCD    3537
        0x0000006c:    00000e55    U...    DCD    3669
        0x00000070:    00000977    w...    DCD    2423
        0x00000074:    000009f9    ....    DCD    2553
        0x00000078:    000009fb    ....    DCD    2555
        0x0000007c:    000009fd    ....    DCD    2557
        0x00000080:    0000097f    ....    DCD    2431
        0x00000084:    00000981    ....    DCD    2433
        0x00000088:    00000983    ....    DCD    2435
        0x0000008c:    00000985    ....    DCD    2437
        0x00000090:    00000987    ....    DCD    2439
        0x00000094:    00000989    ....    DCD    2441
        0x00000098:    0000098b    ....    DCD    2443
        0x0000009c:    0000098d    ....    DCD    2445
        0x000000a0:    0000098f    ....    DCD    2447
        0x000000a4:    00000991    ....    DCD    2449
        0x000000a8:    00000993    ....    DCD    2451
        0x000000ac:    00000995    ....    DCD    2453
        0x000000b0:    00000997    ....    DCD    2455
        0x000000b4:    00000999    ....    DCD    2457
        0x000000b8:    0000099b    ....    DCD    2459
        0x000000bc:    0000099d    ....    DCD    2461
        0x000000c0:    0000099f    ....    DCD    2463
        0x000000c4:    000009a1    ....    DCD    2465
        0x000000c8:    000009a3    ....    DCD    2467
        0x000000cc:    000009a5    ....    DCD    2469
        0x000000d0:    000009a7    ....    DCD    2471
        0x000000d4:    000009a9    ....    DCD    2473
        0x000000d8:    000009ab    ....    DCD    2475
        0x000000dc:    000009ad    ....    DCD    2477
        0x000000e0:    000009af    ....    DCD    2479
        0x000000e4:    000009b1    ....    DCD    2481
        0x000000e8:    000009b3    ....    DCD    2483
        0x000000ec:    000009b5    ....    DCD    2485
        0x000000f0:    000009b7    ....    DCD    2487
        0x000000f4:    000009b9    ....    DCD    2489
        0x000000f8:    000009bb    ....    DCD    2491
        0x000000fc:    000009bd    ....    DCD    2493
        0x00000100:    000009bf    ....    DCD    2495
        0x00000104:    000009c1    ....    DCD    2497
        0x00000108:    000009c3    ....    DCD    2499
        0x0000010c:    000009df    ....    DCD    2527
        0x00000110:    000009e1    ....    DCD    2529
        0x00000114:    000009e3    ....    DCD    2531
        0x00000118:    000009e5    ....    DCD    2533
        0x0000011c:    000009e7    ....    DCD    2535
        0x00000120:    000009e9    ....    DCD    2537
        0x00000124:    000009eb    ....    DCD    2539
        0x00000128:    000009ed    ....    DCD    2541
        0x0000012c:    000009ef    ....    DCD    2543
        0x00000130:    000009f1    ....    DCD    2545
        0x00000134:    000009f3    ....    DCD    2547
        0x00000138:    000009f5    ....    DCD    2549
        0x0000013c:    000009f7    ....    DCD    2551
        0x00000140:    000009ff    ....    DCD    2559
        0x00000144:    00000000    ....    DCD    0
        0x00000148:    00000000    ....    DCD    0
        0x0000014c:    00000000    ....    DCD    0
        0x00000150:    00000000    ....    DCD    0
        0x00000154:    00000000    ....    DCD    0
        0x00000158:    00000000    ....    DCD    0
        0x0000015c:    00000000    ....    DCD    0
        0x00000160:    00000000    ....    DCD    0
        0x00000164:    00000000    ....    DCD    0
        0x00000168:    00000000    ....    DCD    0
        0x0000016c:    00000000    ....    DCD    0
        0x00000170:    00000000    ....    DCD    0
        0x00000174:    00000000    ....    DCD    0
        0x00000178:    00000000    ....    DCD    0
        0x0000017c:    00000000    ....    DCD    0
        0x00000180:    00000000    ....    DCD    0
        0x00000184:    00000000    ....    DCD    0
        0x00000188:    00000000    ....    DCD    0
        0x0000018c:    00000000    ....    DCD    0
        0x00000190:    00000000    ....    DCD    0
        0x00000194:    00000000    ....    DCD    0
        0x00000198:    00000000    ....    DCD    0
        0x0000019c:    00000000    ....    DCD    0
        0x000001a0:    00000000    ....    DCD    0
        0x000001a4:    00000000    ....    DCD    0
        0x000001a8:    00000000    ....    DCD    0
        0x000001ac:    00000000    ....    DCD    0
        0x000001b0:    00000000    ....    DCD    0
        0x000001b4:    00000000    ....    DCD    0
        0x000001b8:    00000000    ....    DCD    0
        0x000001bc:    00000000    ....    DCD    0
        0x000001c0:    00000000    ....    DCD    0
        0x000001c4:    00000000    ....    DCD    0
        0x000001c8:    00000000    ....    DCD    0
        0x000001cc:    00000000    ....    DCD    0
        0x000001d0:    00000000    ....    DCD    0
        0x000001d4:    00000000    ....    DCD    0
        0x000001d8:    00000000    ....    DCD    0
        0x000001dc:    00000000    ....    DCD    0
        0x000001e0:    00000000    ....    DCD    0
        0x000001e4:    00000000    ....    DCD    0
        0x000001e8:    00000000    ....    DCD    0
        0x000001ec:    00000000    ....    DCD    0
        0x000001f0:    00000000    ....    DCD    0
        0x000001f4:    00000000    ....    DCD    0
        0x000001f8:    00000000    ....    DCD    0
        0x000001fc:    00000000    ....    DCD    0
        0x00000200:    00000000    ....    DCD    0
        0x00000204:    00000000    ....    DCD    0
        0x00000208:    00000000    ....    DCD    0
        0x0000020c:    00000000    ....    DCD    0
        0x00000210:    00000000    ....    DCD    0
        0x00000214:    00000000    ....    DCD    0
        0x00000218:    00000000    ....    DCD    0
        0x0000021c:    00000000    ....    DCD    0
        0x00000220:    00000000    ....    DCD    0
        0x00000224:    00000000    ....    DCD    0
        0x00000228:    00000000    ....    DCD    0
        0x0000022c:    00000000    ....    DCD    0
        0x00000230:    00000000    ....    DCD    0
        0x00000234:    00000000    ....    DCD    0
        0x00000238:    00000000    ....    DCD    0
        0x0000023c:    00000000    ....    DCD    0
        0x00000240:    00000000    ....    DCD    0
        0x00000244:    00000000    ....    DCD    0
        0x00000248:    00000000    ....    DCD    0
        0x0000024c:    00000000    ....    DCD    0
        0x00000250:    00000000    ....    DCD    0
        0x00000254:    00000000    ....    DCD    0
        0x00000258:    00000000    ....    DCD    0
        0x0000025c:    00000000    ....    DCD    0
        0x00000260:    00000000    ....    DCD    0
        0x00000264:    00000000    ....    DCD    0
        0x00000268:    00000000    ....    DCD    0
        0x0000026c:    00000000    ....    DCD    0
        0x00000270:    00000000    ....    DCD    0
        0x00000274:    00000000    ....    DCD    0
        0x00000278:    00000000    ....    DCD    0
        0x0000027c:    00000000    ....    DCD    0
        0x00000280:    00000000    ....    DCD    0
        0x00000284:    00000000    ....    DCD    0
        0x00000288:    00000000    ....    DCD    0
        0x0000028c:    00000000    ....    DCD    0
        0x00000290:    00000000    ....    DCD    0
        0x00000294:    00000000    ....    DCD    0
        0x00000298:    00000000    ....    DCD    0
        0x0000029c:    00000000    ....    DCD    0
        0x000002a0:    00000000    ....    DCD    0
        0x000002a4:    00000000    ....    DCD    0
        0x000002a8:    00000000    ....    DCD    0
        0x000002ac:    00000000    ....    DCD    0
        0x000002b0:    00000000    ....    DCD    0
        0x000002b4:    00000000    ....    DCD    0
        0x000002b8:    00000000    ....    DCD    0
        0x000002bc:    00000000    ....    DCD    0
        0x000002c0:    00000000    ....    DCD    0
        0x000002c4:    00000000    ....    DCD    0
        0x000002c8:    00000000    ....    DCD    0
        0x000002cc:    00000000    ....    DCD    0
        0x000002d0:    00000000    ....    DCD    0
        0x000002d4:    00000000    ....    DCD    0
        0x000002d8:    00000000    ....    DCD    0
        0x000002dc:    00000000    ....    DCD    0
        0x000002e0:    00000000    ....    DCD    0
        0x000002e4:    00000000    ....    DCD    0
        0x000002e8:    00000000    ....    DCD    0
        0x000002ec:    00000000    ....    DCD    0
        0x000002f0:    00000000    ....    DCD    0
        0x000002f4:    00000000    ....    DCD    0
        0x000002f8:    00000000    ....    DCD    0
        0x000002fc:    00000000    ....    DCD    0
        0x00000300:    00000000    ....    DCD    0
        0x00000304:    00000000    ....    DCD    0
        0x00000308:    00000000    ....    DCD    0
        0x0000030c:    00000000    ....    DCD    0
        0x00000310:    00000000    ....    DCD    0
        0x00000314:    00000000    ....    DCD    0
        0x00000318:    00000000    ....    DCD    0
        0x0000031c:    00000000    ....    DCD    0
        0x00000320:    00000000    ....    DCD    0
        0x00000324:    00000000    ....    DCD    0
        0x00000328:    00000000    ....    DCD    0
        0x0000032c:    00000000    ....    DCD    0
        0x00000330:    00000000    ....    DCD    0
        0x00000334:    00000000    ....    DCD    0
        0x00000338:    00000000    ....    DCD    0
        0x0000033c:    00000000    ....    DCD    0
        0x00000340:    00000000    ....    DCD    0
        0x00000344:    00000000    ....    DCD    0
        0x00000348:    00000000    ....    DCD    0
        0x0000034c:    00000000    ....    DCD    0
        0x00000350:    00000000    ....    DCD    0
        0x00000354:    00000000    ....    DCD    0
        0x00000358:    00000000    ....    DCD    0
        0x0000035c:    00000000    ....    DCD    0
        0x00000360:    00000000    ....    DCD    0
        0x00000364:    00000000    ....    DCD    0
        0x00000368:    00000000    ....    DCD    0
        0x0000036c:    00000000    ....    DCD    0
        0x00000370:    00000000    ....    DCD    0
        0x00000374:    00000000    ....    DCD    0
        0x00000378:    00000000    ....    DCD    0
        0x0000037c:    00000000    ....    DCD    0
        0x00000380:    00000000    ....    DCD    0
        0x00000384:    00000000    ....    DCD    0
        0x00000388:    00000000    ....    DCD    0
        0x0000038c:    00000000    ....    DCD    0
        0x00000390:    00000000    ....    DCD    0
        0x00000394:    00000000    ....    DCD    0
        0x00000398:    00000000    ....    DCD    0
        0x0000039c:    00000000    ....    DCD    0
        0x000003a0:    00000000    ....    DCD    0
        0x000003a4:    00000000    ....    DCD    0
        0x000003a8:    00000000    ....    DCD    0
        0x000003ac:    00000000    ....    DCD    0
        0x000003b0:    00000000    ....    DCD    0
        0x000003b4:    00000000    ....    DCD    0
        0x000003b8:    00000000    ....    DCD    0
        0x000003bc:    00000000    ....    DCD    0
        0x000003c0:    00000000    ....    DCD    0
        0x000003c4:    00000000    ....    DCD    0
        0x000003c8:    00000000    ....    DCD    0
        0x000003cc:    00000000    ....    DCD    0
        0x000003d0:    00000000    ....    DCD    0
        0x000003d4:    00000000    ....    DCD    0
        0x000003d8:    00000000    ....    DCD    0
        0x000003dc:    00000000    ....    DCD    0
        0x000003e0:    00000000    ....    DCD    0
        0x000003e4:    00000000    ....    DCD    0
        0x000003e8:    00000000    ....    DCD    0
        0x000003ec:    00000000    ....    DCD    0
        0x000003f0:    00000000    ....    DCD    0
        0x000003f4:    00000000    ....    DCD    0
        0x000003f8:    00000000    ....    DCD    0
        0x000003fc:    00000000    ....    DCD    0
        0x00000400:    00000000    ....    DCD    0
        0x00000404:    00000000    ....    DCD    0
        0x00000408:    00000000    ....    DCD    0
        0x0000040c:    00000000    ....    DCD    0
        0x00000410:    00000000    ....    DCD    0
        0x00000414:    00000000    ....    DCD    0
        0x00000418:    00000000    ....    DCD    0
        0x0000041c:    00000000    ....    DCD    0
        0x00000420:    00000000    ....    DCD    0
        0x00000424:    00000000    ....    DCD    0
        0x00000428:    00000000    ....    DCD    0
        0x0000042c:    00000000    ....    DCD    0
        0x00000430:    00000000    ....    DCD    0
        0x00000434:    00000000    ....    DCD    0
        0x00000438:    00000000    ....    DCD    0
        0x0000043c:    00000000    ....    DCD    0
        0x00000440:    00000000    ....    DCD    0
        0x00000444:    00000000    ....    DCD    0
        0x00000448:    00000000    ....    DCD    0
        0x0000044c:    00000000    ....    DCD    0
        0x00000450:    00000000    ....    DCD    0
        0x00000454:    00000000    ....    DCD    0
        0x00000458:    00000000    ....    DCD    0
        0x0000045c:    00000000    ....    DCD    0
        0x00000460:    00000000    ....    DCD    0
        0x00000464:    00000000    ....    DCD    0
        0x00000468:    00000000    ....    DCD    0
        0x0000046c:    00000000    ....    DCD    0
        0x00000470:    00000000    ....    DCD    0
        0x00000474:    00000000    ....    DCD    0
        0x00000478:    00000000    ....    DCD    0
        0x0000047c:    00000000    ....    DCD    0
        0x00000480:    00000000    ....    DCD    0
        0x00000484:    00000000    ....    DCD    0
        0x00000488:    00000000    ....    DCD    0
        0x0000048c:    00000000    ....    DCD    0
        0x00000490:    00000000    ....    DCD    0
        0x00000494:    00000000    ....    DCD    0
        0x00000498:    00000000    ....    DCD    0
        0x0000049c:    00000000    ....    DCD    0
        0x000004a0:    00000000    ....    DCD    0
        0x000004a4:    00000000    ....    DCD    0
        0x000004a8:    00000000    ....    DCD    0
        0x000004ac:    00000000    ....    DCD    0
        0x000004b0:    00000000    ....    DCD    0
        0x000004b4:    00000000    ....    DCD    0
        0x000004b8:    00000000    ....    DCD    0
        0x000004bc:    00000000    ....    DCD    0
        0x000004c0:    00000000    ....    DCD    0
        0x000004c4:    00000000    ....    DCD    0
        0x000004c8:    00000000    ....    DCD    0
        0x000004cc:    00000000    ....    DCD    0
        0x000004d0:    00000000    ....    DCD    0
        0x000004d4:    00000000    ....    DCD    0
        0x000004d8:    00000000    ....    DCD    0
        0x000004dc:    00000000    ....    DCD    0
        0x000004e0:    00000000    ....    DCD    0
        0x000004e4:    00000000    ....    DCD    0
        0x000004e8:    00000000    ....    DCD    0
        0x000004ec:    00000000    ....    DCD    0
        0x000004f0:    00000000    ....    DCD    0
        0x000004f4:    00000000    ....    DCD    0
        0x000004f8:    00000000    ....    DCD    0
        0x000004fc:    00000000    ....    DCD    0
        0x00000500:    00000000    ....    DCD    0
        0x00000504:    00000000    ....    DCD    0
        0x00000508:    00000000    ....    DCD    0
        0x0000050c:    00000000    ....    DCD    0
        0x00000510:    00000000    ....    DCD    0
        0x00000514:    00000000    ....    DCD    0
        0x00000518:    00000000    ....    DCD    0
        0x0000051c:    00000000    ....    DCD    0
        0x00000520:    00000000    ....    DCD    0
        0x00000524:    00000000    ....    DCD    0
        0x00000528:    00000000    ....    DCD    0
        0x0000052c:    00000000    ....    DCD    0
        0x00000530:    00000000    ....    DCD    0
        0x00000534:    00000000    ....    DCD    0
        0x00000538:    00000000    ....    DCD    0
        0x0000053c:    00000000    ....    DCD    0
        0x00000540:    00000000    ....    DCD    0
        0x00000544:    00000000    ....    DCD    0
        0x00000548:    00000000    ....    DCD    0
        0x0000054c:    00000000    ....    DCD    0
        0x00000550:    00000000    ....    DCD    0
        0x00000554:    00000000    ....    DCD    0
        0x00000558:    00000000    ....    DCD    0
        0x0000055c:    00000000    ....    DCD    0
        0x00000560:    00000000    ....    DCD    0
        0x00000564:    00000000    ....    DCD    0
        0x00000568:    00000000    ....    DCD    0
        0x0000056c:    00000000    ....    DCD    0
        0x00000570:    00000000    ....    DCD    0
        0x00000574:    00000000    ....    DCD    0
        0x00000578:    00000000    ....    DCD    0
        0x0000057c:    00000000    ....    DCD    0
        0x00000580:    00000000    ....    DCD    0
        0x00000584:    00000000    ....    DCD    0
        0x00000588:    00000000    ....    DCD    0
        0x0000058c:    00000000    ....    DCD    0
        0x00000590:    00000000    ....    DCD    0
        0x00000594:    00000000    ....    DCD    0
        0x00000598:    00000000    ....    DCD    0
        0x0000059c:    00000000    ....    DCD    0
        0x000005a0:    00000000    ....    DCD    0
        0x000005a4:    00000000    ....    DCD    0
        0x000005a8:    00000000    ....    DCD    0
        0x000005ac:    00000000    ....    DCD    0
        0x000005b0:    00000000    ....    DCD    0
        0x000005b4:    00000000    ....    DCD    0
        0x000005b8:    00000000    ....    DCD    0
        0x000005bc:    00000000    ....    DCD    0
        0x000005c0:    00000000    ....    DCD    0
        0x000005c4:    00000000    ....    DCD    0
        0x000005c8:    00000000    ....    DCD    0
        0x000005cc:    00000000    ....    DCD    0
        0x000005d0:    00000000    ....    DCD    0
        0x000005d4:    00000000    ....    DCD    0
        0x000005d8:    00000000    ....    DCD    0
        0x000005dc:    00000000    ....    DCD    0
        0x000005e0:    00000000    ....    DCD    0
        0x000005e4:    00000000    ....    DCD    0
        0x000005e8:    00000000    ....    DCD    0
        0x000005ec:    00000000    ....    DCD    0
        0x000005f0:    00000000    ....    DCD    0
        0x000005f4:    00000000    ....    DCD    0
        0x000005f8:    00000000    ....    DCD    0
        0x000005fc:    00000000    ....    DCD    0
        0x00000600:    00000000    ....    DCD    0
        0x00000604:    00000000    ....    DCD    0
        0x00000608:    00000000    ....    DCD    0
        0x0000060c:    00000000    ....    DCD    0
        0x00000610:    00000000    ....    DCD    0
        0x00000614:    00000000    ....    DCD    0
        0x00000618:    00000000    ....    DCD    0
        0x0000061c:    00000000    ....    DCD    0
        0x00000620:    00000000    ....    DCD    0
        0x00000624:    00000000    ....    DCD    0
        0x00000628:    00000000    ....    DCD    0
        0x0000062c:    00000000    ....    DCD    0
        0x00000630:    00000000    ....    DCD    0
        0x00000634:    00000000    ....    DCD    0
        0x00000638:    00000000    ....    DCD    0
        0x0000063c:    00000000    ....    DCD    0
        0x00000640:    00000000    ....    DCD    0
        0x00000644:    00000000    ....    DCD    0
        0x00000648:    00000000    ....    DCD    0
        0x0000064c:    00000000    ....    DCD    0
        0x00000650:    00000000    ....    DCD    0
        0x00000654:    00000000    ....    DCD    0
        0x00000658:    00000000    ....    DCD    0
        0x0000065c:    00000000    ....    DCD    0
        0x00000660:    00000000    ....    DCD    0
        0x00000664:    00000000    ....    DCD    0
        0x00000668:    00000000    ....    DCD    0
        0x0000066c:    00000000    ....    DCD    0
        0x00000670:    00000000    ....    DCD    0
        0x00000674:    00000000    ....    DCD    0
        0x00000678:    00000000    ....    DCD    0
        0x0000067c:    00000000    ....    DCD    0
        0x00000680:    00000000    ....    DCD    0
        0x00000684:    00000000    ....    DCD    0
        0x00000688:    00000000    ....    DCD    0
        0x0000068c:    00000000    ....    DCD    0
        0x00000690:    00000000    ....    DCD    0
        0x00000694:    00000000    ....    DCD    0
        0x00000698:    00000000    ....    DCD    0
        0x0000069c:    00000000    ....    DCD    0
        0x000006a0:    00000000    ....    DCD    0
        0x000006a4:    00000000    ....    DCD    0
        0x000006a8:    00000000    ....    DCD    0
        0x000006ac:    00000000    ....    DCD    0
        0x000006b0:    00000000    ....    DCD    0
        0x000006b4:    00000000    ....    DCD    0
        0x000006b8:    00000000    ....    DCD    0
        0x000006bc:    00000000    ....    DCD    0
        0x000006c0:    00000000    ....    DCD    0
        0x000006c4:    00000000    ....    DCD    0
        0x000006c8:    00000000    ....    DCD    0
        0x000006cc:    00000000    ....    DCD    0
        0x000006d0:    00000000    ....    DCD    0
        0x000006d4:    00000000    ....    DCD    0
        0x000006d8:    00000000    ....    DCD    0
        0x000006dc:    00000000    ....    DCD    0
        0x000006e0:    00000000    ....    DCD    0
        0x000006e4:    00000000    ....    DCD    0
        0x000006e8:    00000000    ....    DCD    0
        0x000006ec:    00000000    ....    DCD    0
        0x000006f0:    00000000    ....    DCD    0
        0x000006f4:    00000000    ....    DCD    0
        0x000006f8:    00000000    ....    DCD    0
        0x000006fc:    00000000    ....    DCD    0
        0x00000700:    00000000    ....    DCD    0
        0x00000704:    00000000    ....    DCD    0
        0x00000708:    00000000    ....    DCD    0
        0x0000070c:    00000000    ....    DCD    0
        0x00000710:    00000000    ....    DCD    0
        0x00000714:    00000000    ....    DCD    0
        0x00000718:    00000000    ....    DCD    0
        0x0000071c:    00000000    ....    DCD    0
        0x00000720:    00000000    ....    DCD    0
        0x00000724:    00000000    ....    DCD    0
        0x00000728:    00000000    ....    DCD    0
        0x0000072c:    00000000    ....    DCD    0
        0x00000730:    00000000    ....    DCD    0
        0x00000734:    00000000    ....    DCD    0
        0x00000738:    00000000    ....    DCD    0
        0x0000073c:    00000000    ....    DCD    0
        0x00000740:    00000000    ....    DCD    0
        0x00000744:    00000000    ....    DCD    0
        0x00000748:    00000000    ....    DCD    0
        0x0000074c:    00000000    ....    DCD    0
        0x00000750:    00000000    ....    DCD    0
        0x00000754:    00000000    ....    DCD    0
        0x00000758:    00000000    ....    DCD    0
        0x0000075c:    00000000    ....    DCD    0
        0x00000760:    00000000    ....    DCD    0
        0x00000764:    00000000    ....    DCD    0
        0x00000768:    00000000    ....    DCD    0
        0x0000076c:    00000000    ....    DCD    0
        0x00000770:    00000000    ....    DCD    0
        0x00000774:    00000000    ....    DCD    0
        0x00000778:    00000000    ....    DCD    0
        0x0000077c:    00000000    ....    DCD    0
        0x00000780:    00000000    ....    DCD    0
        0x00000784:    00000000    ....    DCD    0
        0x00000788:    00000000    ....    DCD    0
        0x0000078c:    00000000    ....    DCD    0
        0x00000790:    00000000    ....    DCD    0
        0x00000794:    00000000    ....    DCD    0
        0x00000798:    00000000    ....    DCD    0
        0x0000079c:    00000000    ....    DCD    0
        0x000007a0:    00000000    ....    DCD    0
        0x000007a4:    00000000    ....    DCD    0
        0x000007a8:    00000000    ....    DCD    0
        0x000007ac:    00000000    ....    DCD    0
        0x000007b0:    00000000    ....    DCD    0
        0x000007b4:    00000000    ....    DCD    0
        0x000007b8:    00000000    ....    DCD    0
        0x000007bc:    00000000    ....    DCD    0
        0x000007c0:    00000000    ....    DCD    0
        0x000007c4:    00000000    ....    DCD    0
        0x000007c8:    00000000    ....    DCD    0
        0x000007cc:    00000000    ....    DCD    0
        0x000007d0:    00000000    ....    DCD    0
        0x000007d4:    00000000    ....    DCD    0
        0x000007d8:    00000000    ....    DCD    0
        0x000007dc:    00000000    ....    DCD    0
        0x000007e0:    00000000    ....    DCD    0
        0x000007e4:    00000000    ....    DCD    0
        0x000007e8:    00000000    ....    DCD    0
        0x000007ec:    00000000    ....    DCD    0
        0x000007f0:    00000000    ....    DCD    0
        0x000007f4:    00000000    ....    DCD    0
        0x000007f8:    00000000    ....    DCD    0
        0x000007fc:    00000000    ....    DCD    0
        0x00000800:    00000000    ....    DCD    0
        0x00000804:    00000000    ....    DCD    0
        0x00000808:    00000000    ....    DCD    0
        0x0000080c:    00000000    ....    DCD    0
        0x00000810:    00000000    ....    DCD    0
        0x00000814:    00000000    ....    DCD    0
        0x00000818:    00000000    ....    DCD    0
        0x0000081c:    00000000    ....    DCD    0
        0x00000820:    00000000    ....    DCD    0
        0x00000824:    00000000    ....    DCD    0
        0x00000828:    00000000    ....    DCD    0
        0x0000082c:    00000000    ....    DCD    0
        0x00000830:    00000000    ....    DCD    0
        0x00000834:    00000000    ....    DCD    0
        0x00000838:    00000000    ....    DCD    0
        0x0000083c:    00000000    ....    DCD    0
        0x00000840:    00000000    ....    DCD    0
        0x00000844:    00000000    ....    DCD    0
        0x00000848:    00000000    ....    DCD    0
        0x0000084c:    00000000    ....    DCD    0
        0x00000850:    00000000    ....    DCD    0
        0x00000854:    00000000    ....    DCD    0
        0x00000858:    00000000    ....    DCD    0
        0x0000085c:    00000000    ....    DCD    0
        0x00000860:    00000000    ....    DCD    0
        0x00000864:    00000000    ....    DCD    0
        0x00000868:    00000000    ....    DCD    0
        0x0000086c:    00000000    ....    DCD    0
        0x00000870:    00000000    ....    DCD    0
        0x00000874:    00000000    ....    DCD    0
        0x00000878:    00000000    ....    DCD    0
        0x0000087c:    00000000    ....    DCD    0
        0x00000880:    00000000    ....    DCD    0
        0x00000884:    00000000    ....    DCD    0
        0x00000888:    00000000    ....    DCD    0
        0x0000088c:    00000000    ....    DCD    0
        0x00000890:    00000000    ....    DCD    0
        0x00000894:    00000000    ....    DCD    0
        0x00000898:    00000000    ....    DCD    0
    $t
    !!!main
    __Vectors_End
    __main
        0x0000089c:    f000f802    ....    BL       __scatterload ; 0x8a4
        0x000008a0:    f000f83c    ..<.    BL       __rt_entry ; 0x91c
    !!!scatter
    __scatterload
    __scatterload_rt2
    __scatterload_rt2_thumb_only
        0x000008a4:    a00a        ..      ADR      r0,{pc}+0x2c ; 0x8d0
        0x000008a6:    e8900c00    ....    LDM      r0,{r10,r11}
        0x000008aa:    4482        .D      ADD      r10,r10,r0
        0x000008ac:    4483        .D      ADD      r11,r11,r0
        0x000008ae:    f1aa0701    ....    SUB      r7,r10,#1
    __scatterload_null
        0x000008b2:    45da        .E      CMP      r10,r11
        0x000008b4:    d101        ..      BNE      0x8ba ; __scatterload_null + 8
        0x000008b6:    f000f831    ..1.    BL       __rt_entry ; 0x91c
        0x000008ba:    f2af0e09    ....    ADR      lr,{pc}-7 ; 0x8b3
        0x000008be:    e8ba000f    ....    LDM      r10!,{r0-r3}
        0x000008c2:    f0130f01    ....    TST      r3,#1
        0x000008c6:    bf18        ..      IT       NE
        0x000008c8:    1afb        ..      SUBNE    r3,r7,r3
        0x000008ca:    f0430301    C...    ORR      r3,r3,#1
        0x000008ce:    4718        .G      BX       r3
    $d
        0x000008d0:    0000083c    <...    DCD    2108
        0x000008d4:    0000085c    \...    DCD    2140
    $t
    !!handler_copy
    __scatterload_copy
        0x000008d8:    3a10        .:      SUBS     r2,r2,#0x10
        0x000008da:    bf24        $.      ITT      CS
        0x000008dc:    c878        x.      LDMCS    r0!,{r3-r6}
        0x000008de:    c178        x.      STMCS    r1!,{r3-r6}
        0x000008e0:    d8fa        ..      BHI      __scatterload_copy ; 0x8d8
        0x000008e2:    0752        R.      LSLS     r2,r2,#29
        0x000008e4:    bf24        $.      ITT      CS
        0x000008e6:    c830        0.      LDMCS    r0!,{r4,r5}
        0x000008e8:    c130        0.      STMCS    r1!,{r4,r5}
        0x000008ea:    bf44        D.      ITT      MI
        0x000008ec:    6804        .h      LDRMI    r4,[r0,#0]
        0x000008ee:    600c        .`      STRMI    r4,[r1,#0]
        0x000008f0:    4770        pG      BX       lr
        0x000008f2:    0000        ..      MOVS     r0,r0
    !!handler_zi
    __scatterload_zeroinit
        0x000008f4:    2300        .#      MOVS     r3,#0
        0x000008f6:    2400        .$      MOVS     r4,#0
        0x000008f8:    2500        .%      MOVS     r5,#0
        0x000008fa:    2600        .&      MOVS     r6,#0
        0x000008fc:    3a10        .:      SUBS     r2,r2,#0x10
        0x000008fe:    bf28        (.      IT       CS
        0x00000900:    c178        x.      STMCS    r1!,{r3-r6}
        0x00000902:    d8fb        ..      BHI      0x8fc ; __scatterload_zeroinit + 8
        0x00000904:    0752        R.      LSLS     r2,r2,#29
        0x00000906:    bf28        (.      IT       CS
        0x00000908:    c130        0.      STMCS    r1!,{r4,r5}
        0x0000090a:    bf48        H.      IT       MI
        0x0000090c:    600b        .`      STRMI    r3,[r1,#0]
        0x0000090e:    4770        pG      BX       lr
    .ARM.Collect$$libinit$$00000000
    __rt_lib_init
        0x00000910:    b51f        ..      PUSH     {r0-r4,lr}
    .ARM.Collect$$libinit$$00000001
    __rt_lib_init_fp_1
        0x00000912:    f000fbed    ....    BL       _fp_init ; 0x10f0
    .ARM.Collect$$libinit$$00000004
    .ARM.Collect$$libinit$$0000000A
    .ARM.Collect$$libinit$$0000000C
    .ARM.Collect$$libinit$$0000000E
    .ARM.Collect$$libinit$$00000011
    .ARM.Collect$$libinit$$00000013
    .ARM.Collect$$libinit$$00000015
    .ARM.Collect$$libinit$$00000017
    .ARM.Collect$$libinit$$00000019
    .ARM.Collect$$libinit$$0000001B
    .ARM.Collect$$libinit$$0000001D
    .ARM.Collect$$libinit$$0000001F
    .ARM.Collect$$libinit$$00000021
    .ARM.Collect$$libinit$$00000023
    .ARM.Collect$$libinit$$00000025
    .ARM.Collect$$libinit$$0000002C
    .ARM.Collect$$libinit$$0000002E
    .ARM.Collect$$libinit$$00000030
    .ARM.Collect$$libinit$$00000032
    .ARM.Collect$$libinit$$00000033
    __rt_lib_init_alloca_1
    __rt_lib_init_argv_1
    __rt_lib_init_atexit_1
    __rt_lib_init_clock_1
    __rt_lib_init_cpp_1
    __rt_lib_init_exceptions_1
    __rt_lib_init_fp_trap_1
    __rt_lib_init_getenv_1
    __rt_lib_init_heap_1
    __rt_lib_init_lc_collate_1
    __rt_lib_init_lc_ctype_1
    __rt_lib_init_lc_monetary_1
    __rt_lib_init_lc_numeric_1
    __rt_lib_init_lc_time_1
    __rt_lib_init_preinit_1
    __rt_lib_init_rand_1
    __rt_lib_init_return
    __rt_lib_init_signal_1
    __rt_lib_init_stdio_1
    __rt_lib_init_user_alloc_1
        0x00000916:    bd1f        ..      POP      {r0-r4,pc}
    .ARM.Collect$$libshutdown$$00000000
    __rt_lib_shutdown
        0x00000918:    b510        ..      PUSH     {r4,lr}
    .ARM.Collect$$libshutdown$$00000002
    .ARM.Collect$$libshutdown$$00000004
    .ARM.Collect$$libshutdown$$00000007
    .ARM.Collect$$libshutdown$$0000000A
    .ARM.Collect$$libshutdown$$0000000C
    .ARM.Collect$$libshutdown$$0000000F
    .ARM.Collect$$libshutdown$$00000010
    __rt_lib_shutdown_cpp_1
    __rt_lib_shutdown_fp_trap_1
    __rt_lib_shutdown_heap_1
    __rt_lib_shutdown_return
    __rt_lib_shutdown_signal_1
    __rt_lib_shutdown_stdio_1
    __rt_lib_shutdown_user_alloc_1
        0x0000091a:    bd10        ..      POP      {r4,pc}
    .ARM.Collect$$rtentry$$00000000
    .ARM.Collect$$rtentry$$00000002
    .ARM.Collect$$rtentry$$00000005
    __rt_entry
    __rt_entry_presh_1
    __rt_entry_sh
        0x0000091c:    f8dfd00c    ....    LDR      sp,__lit__00000000 ; [0x92c] = 0x20000c08
    .ARM.Collect$$rtentry$$00000009
    .ARM.Collect$$rtentry$$0000000A
    __rt_entry_li
    __rt_entry_postsh_1
        0x00000920:    f7fffff6    ....    BL       __rt_lib_init ; 0x910
    .ARM.Collect$$rtentry$$0000000C
    .ARM.Collect$$rtentry$$0000000D
    __rt_entry_main
    __rt_entry_postli_1
        0x00000924:    f000fbb8    ....    BL       main ; 0x1098
        0x00000928:    f000f873    ..s.    BL       exit ; 0xa12
    $d
    .ARM.Collect$$rtentry$$00002716
    __lit__00000000
        0x0000092c:    20000c08    ...     DCD    536873992
    $t
    .ARM.Collect$$rtexit$$00000000
    __rt_exit
        0x00000930:    b403        ..      PUSH     {r0,r1}
    .ARM.Collect$$rtexit$$00000002
    .ARM.Collect$$rtexit$$00000003
    __rt_exit_ls
    __rt_exit_prels_1
        0x00000932:    f7fffff1    ....    BL       __rt_lib_shutdown ; 0x918
    .ARM.Collect$$rtexit$$00000004
    __rt_exit_exit
        0x00000936:    bc03        ..      POP      {r0,r1}
        0x00000938:    f000f876    ..v.    BL       _sys_exit ; 0xa28
    .text
    $v0
    Reset_Handler
        0x0000093c:    4830        0H      LDR      r0,[pc,#192] ; [0xa00] = 0x20000008
        0x0000093e:    f380880a    ....    MSR      MSPLIM,r0
        0x00000942:    4830        0H      LDR      r0,[pc,#192] ; [0xa04] = 0xff1
        0x00000944:    4780        .G      BLX      r0
        0x00000946:    4830        0H      LDR      r0,[pc,#192] ; [0xa08] = 0x89d
        0x00000948:    4700        .G      BX       r0
    HardFault_Handler
        0x0000094a:    e7fe        ..      B        HardFault_Handler ; 0x94a
    NMI_Handler
        0x0000094c:    e7fe        ..      B        NMI_Handler ; 0x94c
    MemManage_Handler
        0x0000094e:    e7fe        ..      B        MemManage_Handler ; 0x94e
    BusFault_Handler
        0x00000950:    e7fe        ..      B        BusFault_Handler ; 0x950
    UsageFault_Handler
        0x00000952:    e7fe        ..      B        UsageFault_Handler ; 0x952
    SecureFault_Handler
        0x00000954:    e7fe        ..      B        SecureFault_Handler ; 0x954
    SVC_Handler
        0x00000956:    e7fe        ..      B        SVC_Handler ; 0x956
    DebugMon_Handler
        0x00000958:    e7fe        ..      B        DebugMon_Handler ; 0x958
    PendSV_Handler
        0x0000095a:    e7fe        ..      B        PendSV_Handler ; 0x95a
    SysTick_Handler
        0x0000095c:    e7fe        ..      B        SysTick_Handler ; 0x95c
    UART0_Handler
        0x0000095e:    e7fe        ..      B        UART0_Handler ; 0x95e
    ADC_Handler
        0x00000960:    e7fe        ..      B        ADC_Handler ; 0x960
    UART1_Handler
        0x00000962:    e7fe        ..      B        UART1_Handler ; 0x962
    DMACINTERR_Handler
        0x00000964:    e7fe        ..      B        DMACINTERR_Handler ; 0x964
    DMACINTTC_Handler
        0x00000966:    e7fe        ..      B        DMACINTTC_Handler ; 0x966
    DMACINTR_Handler
        0x00000968:    e7fe        ..      B        DMACINTR_Handler ; 0x968
    PORT0_COMB_Handler
        0x0000096a:    e7fe        ..      B        PORT0_COMB_Handler ; 0x96a
    ADC1_Handler
        0x0000096c:    e7fe        ..      B        ADC1_Handler ; 0x96c
    TIMER0_Handler
        0x0000096e:    e7fe        ..      B        TIMER0_Handler ; 0x96e
    TIMER1_Handler
        0x00000970:    e7fe        ..      B        TIMER1_Handler ; 0x970
        0x00000972:    e7fe        ..      B        0x972 ; TIMER1_Handler + 2
        0x00000974:    e7fe        ..      B        0x974 ; TIMER1_Handler + 4
    UARTOVF_Handler
        0x00000976:    e7fe        ..      B        UARTOVF_Handler ; 0x976
    EXT13_IRQn
        0x00000978:    e7fe        ..      B        EXT13_IRQn ; 0x978
    EXT14_IRQn
        0x0000097a:    e7fe        ..      B        EXT14_IRQn ; 0x97a
    EXT15_IRQn
        0x0000097c:    e7fe        ..      B        EXT15_IRQn ; 0x97c
    PORT0_0_Handler
        0x0000097e:    e7fe        ..      B        PORT0_0_Handler ; 0x97e
    PORT0_1_Handler
        0x00000980:    e7fe        ..      B        PORT0_1_Handler ; 0x980
    PORT0_2_Handler
        0x00000982:    e7fe        ..      B        PORT0_2_Handler ; 0x982
    PORT0_3_Handler
        0x00000984:    e7fe        ..      B        PORT0_3_Handler ; 0x984
    PORT0_4_Handler
        0x00000986:    e7fe        ..      B        PORT0_4_Handler ; 0x986
    PORT0_5_Handler
        0x00000988:    e7fe        ..      B        PORT0_5_Handler ; 0x988
    PORT0_6_Handler
        0x0000098a:    e7fe        ..      B        PORT0_6_Handler ; 0x98a
    PORT0_7_Handler
        0x0000098c:    e7fe        ..      B        PORT0_7_Handler ; 0x98c
    PORT0_8_Handler
        0x0000098e:    e7fe        ..      B        PORT0_8_Handler ; 0x98e
    PORT0_9_Handler
        0x00000990:    e7fe        ..      B        PORT0_9_Handler ; 0x990
    PORT0_10_Handler
        0x00000992:    e7fe        ..      B        PORT0_10_Handler ; 0x992
    PORT0_11_Handler
        0x00000994:    e7fe        ..      B        PORT0_11_Handler ; 0x994
    PORT0_12_Handler
        0x00000996:    e7fe        ..      B        PORT0_12_Handler ; 0x996
    PORT0_13_Handler
        0x00000998:    e7fe        ..      B        PORT0_13_Handler ; 0x998
    PORT0_14_Handler
        0x0000099a:    e7fe        ..      B        PORT0_14_Handler ; 0x99a
    PORT0_15_Handler
        0x0000099c:    e7fe        ..      B        PORT0_15_Handler ; 0x99c
    PORT0_16_Handler
        0x0000099e:    e7fe        ..      B        PORT0_16_Handler ; 0x99e
    PORT0_17_Handler
        0x000009a0:    e7fe        ..      B        PORT0_17_Handler ; 0x9a0
    PORT0_18_Handler
        0x000009a2:    e7fe        ..      B        PORT0_18_Handler ; 0x9a2
    PORT0_19_Handler
        0x000009a4:    e7fe        ..      B        PORT0_19_Handler ; 0x9a4
    PORT0_20_Handler
        0x000009a6:    e7fe        ..      B        PORT0_20_Handler ; 0x9a6
    PORT0_21_Handler
        0x000009a8:    e7fe        ..      B        PORT0_21_Handler ; 0x9a8
    PORT0_22_Handler
        0x000009aa:    e7fe        ..      B        PORT0_22_Handler ; 0x9aa
    PORT0_23_Handler
        0x000009ac:    e7fe        ..      B        PORT0_23_Handler ; 0x9ac
    PORT0_24_Handler
        0x000009ae:    e7fe        ..      B        PORT0_24_Handler ; 0x9ae
    PORT0_25_Handler
        0x000009b0:    e7fe        ..      B        PORT0_25_Handler ; 0x9b0
    PORT0_26_Handler
        0x000009b2:    e7fe        ..      B        PORT0_26_Handler ; 0x9b2
    PORT0_27_Handler
        0x000009b4:    e7fe        ..      B        PORT0_27_Handler ; 0x9b4
    PORT0_28_Handler
        0x000009b6:    e7fe        ..      B        PORT0_28_Handler ; 0x9b6
    PORT0_29_Handler
        0x000009b8:    e7fe        ..      B        PORT0_29_Handler ; 0x9b8
    PORT0_30_Handler
        0x000009ba:    e7fe        ..      B        PORT0_30_Handler ; 0x9ba
    PORT0_31_Handler
        0x000009bc:    e7fe        ..      B        PORT0_31_Handler ; 0x9bc
    I2C_Handler
        0x000009be:    e7fe        ..      B        I2C_Handler ; 0x9be
    MPS2_SSP0_Handler
        0x000009c0:    e7fe        ..      B        MPS2_SSP0_Handler ; 0x9c0
    MPS2_SSP1_Handler
        0x000009c2:    e7fe        ..      B        MPS2_SSP1_Handler ; 0x9c2
    Spare51_Handler
        0x000009c4:    e7fe        ..      B        Spare51_Handler ; 0x9c4
    Spare52_Handler
        0x000009c6:    e7fe        ..      B        Spare52_Handler ; 0x9c6
    Spare53_Handler
        0x000009c8:    e7fe        ..      B        Spare53_Handler ; 0x9c8
    Spare54_Handler
        0x000009ca:    e7fe        ..      B        Spare54_Handler ; 0x9ca
    Spare55_Handler
        0x000009cc:    e7fe        ..      B        Spare55_Handler ; 0x9cc
    Spare56_Handler
        0x000009ce:    e7fe        ..      B        Spare56_Handler ; 0x9ce
    Spare57_Handler
        0x000009d0:    e7fe        ..      B        Spare57_Handler ; 0x9d0
    Spare58_Handler
        0x000009d2:    e7fe        ..      B        Spare58_Handler ; 0x9d2
    Spare59_Handler
        0x000009d4:    e7fe        ..      B        Spare59_Handler ; 0x9d4
    Spare60_Handler
        0x000009d6:    e7fe        ..      B        Spare60_Handler ; 0x9d6
    Spare61_Handler
        0x000009d8:    e7fe        ..      B        Spare61_Handler ; 0x9d8
    Spare62_Handler
        0x000009da:    e7fe        ..      B        Spare62_Handler ; 0x9da
    Spare63_Handler
        0x000009dc:    e7fe        ..      B        Spare63_Handler ; 0x9dc
    EXT0_Handler
        0x000009de:    e7fe        ..      B        EXT0_Handler ; 0x9de
    EXT1_Handler
        0x000009e0:    e7fe        ..      B        EXT1_Handler ; 0x9e0
    EXT2_Handler
        0x000009e2:    e7fe        ..      B        EXT2_Handler ; 0x9e2
    EXT3_Handler
        0x000009e4:    e7fe        ..      B        EXT3_Handler ; 0x9e4
    EXT4_Handler
        0x000009e6:    e7fe        ..      B        EXT4_Handler ; 0x9e6
    EXT5_Handler
        0x000009e8:    e7fe        ..      B        EXT5_Handler ; 0x9e8
    EXT6_Handler
        0x000009ea:    e7fe        ..      B        EXT6_Handler ; 0x9ea
    EXT7_Handler
        0x000009ec:    e7fe        ..      B        EXT7_Handler ; 0x9ec
    EXT8_Handler
        0x000009ee:    e7fe        ..      B        EXT8_Handler ; 0x9ee
    EXT9_Handler
        0x000009f0:    e7fe        ..      B        EXT9_Handler ; 0x9f0
    EXT10_Handler
        0x000009f2:    e7fe        ..      B        EXT10_Handler ; 0x9f2
    EXT11_Handler
        0x000009f4:    e7fe        ..      B        EXT11_Handler ; 0x9f4
    EXT12_Handler
        0x000009f6:    e7fe        ..      B        EXT12_Handler ; 0x9f6
    EXT13_Handler
        0x000009f8:    e7fe        ..      B        EXT13_Handler ; 0x9f8
    EXT14_Handler
        0x000009fa:    e7fe        ..      B        EXT14_Handler ; 0x9fa
    EXT15_Handler
        0x000009fc:    e7fe        ..      B        EXT15_Handler ; 0x9fc
    UART2_Handler
        0x000009fe:    e7fe        ..      B        UART2_Handler ; 0x9fe
    $d
        0x00000a00:    20000008    ...     DCD    536870920
        0x00000a04:    00000ff1    ....    DCD    4081
        0x00000a08:    0000089d    ....    DCD    2205
    $t
    .text
    __use_two_region_memory
        0x00000a0c:    4770        pG      BX       lr
    __rt_heap_escrow$2region
        0x00000a0e:    4770        pG      BX       lr
    __rt_heap_expand$2region
        0x00000a10:    4770        pG      BX       lr
    .text
    exit
        0x00000a12:    b510        ..      PUSH     {r4,lr}
        0x00000a14:    4604        .F      MOV      r4,r0
        0x00000a16:    f3af8000    ....    NOP.W    
        0x00000a1a:    4620         F      MOV      r0,r4
        0x00000a1c:    e8bd4010    ...@    POP      {r4,lr}
        0x00000a20:    f7ffbf86    ....    B.W      __rt_exit ; 0x930
    .text
    __I$use$semihosting
    __use_no_semihosting_swi
        0x00000a24:    4770        pG      BX       lr
    .text
    __semihosting_library_function
        0x00000a26:    0000        ..      MOVS     r0,r0
    .text
    _sys_exit
        0x00000a28:    4901        .I      LDR      r1,[pc,#4] ; [0xa30] = 0x20026
        0x00000a2a:    2018        .       MOVS     r0,#0x18
        0x00000a2c:    beab        ..      BKPT     #0xab
        0x00000a2e:    e7fe        ..      B        0xa2e ; _sys_exit + 6
    $d
        0x00000a30:    00020026    &...    DCD    131110
    $t.6
    DTIM_ClearIT
        0x00000a34:    b083        ..      SUB      sp,sp,#0xc
        0x00000a36:    9002        ..      STR      r0,[sp,#8]
        0x00000a38:    9101        ..      STR      r1,[sp,#4]
        0x00000a3a:    f88d2003    ...     STRB     r2,[sp,#3]
        0x00000a3e:    9801        ..      LDR      r0,[sp,#4]
        0x00000a40:    f64f71ff    O..q    MOV      r1,#0xffff
        0x00000a44:    4288        .B      CMP      r0,r1
        0x00000a46:    d10a        ..      BNE      0xa5e ; DTIM_ClearIT + 42
        0x00000a48:    e7ff        ..      B        0xa4a ; DTIM_ClearIT + 22
        0x00000a4a:    f89d0003    ....    LDRB     r0,[sp,#3]
        0x00000a4e:    b130        0.      CBZ      r0,0xa5e ; DTIM_ClearIT + 42
        0x00000a50:    e7ff        ..      B        0xa52 ; DTIM_ClearIT + 30
        0x00000a52:    9902        ..      LDR      r1,[sp,#8]
        0x00000a54:    68c8        .h      LDR      r0,[r1,#0xc]
        0x00000a56:    f0400001    @...    ORR      r0,r0,#1
        0x00000a5a:    60c8        .`      STR      r0,[r1,#0xc]
        0x00000a5c:    e00f        ..      B        0xa7e ; DTIM_ClearIT + 74
        0x00000a5e:    9801        ..      LDR      r0,[sp,#4]
        0x00000a60:    3001        .0      ADDS     r0,#1
        0x00000a62:    b950        P.      CBNZ     r0,0xa7a ; DTIM_ClearIT + 70
        0x00000a64:    e7ff        ..      B        0xa66 ; DTIM_ClearIT + 50
        0x00000a66:    f89d0003    ....    LDRB     r0,[sp,#3]
        0x00000a6a:    b130        0.      CBZ      r0,0xa7a ; DTIM_ClearIT + 70
        0x00000a6c:    e7ff        ..      B        0xa6e ; DTIM_ClearIT + 58
        0x00000a6e:    9902        ..      LDR      r1,[sp,#8]
        0x00000a70:    6ac8        .j      LDR      r0,[r1,#0x2c]
        0x00000a72:    f0400001    @...    ORR      r0,r0,#1
        0x00000a76:    62c8        .b      STR      r0,[r1,#0x2c]
        0x00000a78:    e000        ..      B        0xa7c ; DTIM_ClearIT + 72
        0x00000a7a:    e7ff        ..      B        0xa7c ; DTIM_ClearIT + 72
        0x00000a7c:    e7ff        ..      B        0xa7e ; DTIM_ClearIT + 74
        0x00000a7e:    b003        ..      ADD      sp,sp,#0xc
        0x00000a80:    4770        pG      BX       lr
        0x00000a82:    0000        ..      MOVS     r0,r0
    DTIM_DeInit
        0x00000a84:    b580        ..      PUSH     {r7,lr}
        0x00000a86:    b084        ..      SUB      sp,sp,#0x10
        0x00000a88:    9003        ..      STR      r0,[sp,#0xc]
        0x00000a8a:    9803        ..      LDR      r0,[sp,#0xc]
        0x00000a8c:    f2420100    B...    MOVW     r1,#0x2000
        0x00000a90:    f2c40100    ....    MOVT     r1,#0x4000
        0x00000a94:    4288        .B      CMP      r0,r1
        0x00000a96:    d10a        ..      BNE      0xaae ; DTIM_DeInit + 42
        0x00000a98:    e7ff        ..      B        0xa9a ; DTIM_DeInit + 22
        0x00000a9a:    2004        .       MOVS     r0,#4
        0x00000a9c:    9002        ..      STR      r0,[sp,#8]
        0x00000a9e:    2101        .!      MOVS     r1,#1
        0x00000aa0:    f000fa86    ....    BL       RCC_APB1PeriphResetCmd ; 0xfb0
        0x00000aa4:    9802        ..      LDR      r0,[sp,#8]
        0x00000aa6:    2100        .!      MOVS     r1,#0
        0x00000aa8:    f000fa82    ....    BL       RCC_APB1PeriphResetCmd ; 0xfb0
        0x00000aac:    e013        ..      B        0xad6 ; DTIM_DeInit + 82
        0x00000aae:    9803        ..      LDR      r0,[sp,#0xc]
        0x00000ab0:    f24d0100    M...    MOVW     r1,#0xd000
        0x00000ab4:    f2c40100    ....    MOVT     r1,#0x4000
        0x00000ab8:    4288        .B      CMP      r0,r1
        0x00000aba:    d10b        ..      BNE      0xad4 ; DTIM_DeInit + 80
        0x00000abc:    e7ff        ..      B        0xabe ; DTIM_DeInit + 58
        0x00000abe:    f44f6080    O..`    MOV      r0,#0x400
        0x00000ac2:    9001        ..      STR      r0,[sp,#4]
        0x00000ac4:    2101        .!      MOVS     r1,#1
        0x00000ac6:    f000fa73    ..s.    BL       RCC_APB1PeriphResetCmd ; 0xfb0
        0x00000aca:    9801        ..      LDR      r0,[sp,#4]
        0x00000acc:    2100        .!      MOVS     r1,#0
        0x00000ace:    f000fa6f    ..o.    BL       RCC_APB1PeriphResetCmd ; 0xfb0
        0x00000ad2:    e7ff        ..      B        0xad4 ; DTIM_DeInit + 80
        0x00000ad4:    e7ff        ..      B        0xad6 ; DTIM_DeInit + 82
        0x00000ad6:    b004        ..      ADD      sp,sp,#0x10
        0x00000ad8:    bd80        ..      POP      {r7,pc}
        0x00000ada:    0000        ..      MOVS     r0,r0
    DTIM_ENABLE
        0x00000adc:    b083        ..      SUB      sp,sp,#0xc
        0x00000ade:    9002        ..      STR      r0,[sp,#8]
        0x00000ae0:    9101        ..      STR      r1,[sp,#4]
        0x00000ae2:    f88d2003    ...     STRB     r2,[sp,#3]
        0x00000ae6:    9801        ..      LDR      r0,[sp,#4]
        0x00000ae8:    f64f71ff    O..q    MOV      r1,#0xffff
        0x00000aec:    4288        .B      CMP      r0,r1
        0x00000aee:    d10a        ..      BNE      0xb06 ; DTIM_ENABLE + 42
        0x00000af0:    e7ff        ..      B        0xaf2 ; DTIM_ENABLE + 22
        0x00000af2:    f89d0003    ....    LDRB     r0,[sp,#3]
        0x00000af6:    b130        0.      CBZ      r0,0xb06 ; DTIM_ENABLE + 42
        0x00000af8:    e7ff        ..      B        0xafa ; DTIM_ENABLE + 30
        0x00000afa:    9902        ..      LDR      r1,[sp,#8]
        0x00000afc:    6888        .h      LDR      r0,[r1,#8]
        0x00000afe:    f0400080    @...    ORR      r0,r0,#0x80
        0x00000b02:    6088        .`      STR      r0,[r1,#8]
        0x00000b04:    e021        !.      B        0xb4a ; DTIM_ENABLE + 110
        0x00000b06:    9801        ..      LDR      r0,[sp,#4]
        0x00000b08:    3001        .0      ADDS     r0,#1
        0x00000b0a:    b950        P.      CBNZ     r0,0xb22 ; DTIM_ENABLE + 70
        0x00000b0c:    e7ff        ..      B        0xb0e ; DTIM_ENABLE + 50
        0x00000b0e:    f89d0003    ....    LDRB     r0,[sp,#3]
        0x00000b12:    b130        0.      CBZ      r0,0xb22 ; DTIM_ENABLE + 70
        0x00000b14:    e7ff        ..      B        0xb16 ; DTIM_ENABLE + 58
        0x00000b16:    9902        ..      LDR      r1,[sp,#8]
        0x00000b18:    6a88        .j      LDR      r0,[r1,#0x28]
        0x00000b1a:    f0400080    @...    ORR      r0,r0,#0x80
        0x00000b1e:    6288        .b      STR      r0,[r1,#0x28]
        0x00000b20:    e012        ..      B        0xb48 ; DTIM_ENABLE + 108
        0x00000b22:    9801        ..      LDR      r0,[sp,#4]
        0x00000b24:    f64f71ff    O..q    MOV      r1,#0xffff
        0x00000b28:    4288        .B      CMP      r0,r1
        0x00000b2a:    d106        ..      BNE      0xb3a ; DTIM_ENABLE + 94
        0x00000b2c:    e7ff        ..      B        0xb2e ; DTIM_ENABLE + 82
        0x00000b2e:    9902        ..      LDR      r1,[sp,#8]
        0x00000b30:    6888        .h      LDR      r0,[r1,#8]
        0x00000b32:    f0200080     ...    BIC      r0,r0,#0x80
        0x00000b36:    6088        .`      STR      r0,[r1,#8]
        0x00000b38:    e005        ..      B        0xb46 ; DTIM_ENABLE + 106
        0x00000b3a:    9902        ..      LDR      r1,[sp,#8]
        0x00000b3c:    6a88        .j      LDR      r0,[r1,#0x28]
        0x00000b3e:    f0200080     ...    BIC      r0,r0,#0x80
        0x00000b42:    6288        .b      STR      r0,[r1,#0x28]
        0x00000b44:    e7ff        ..      B        0xb46 ; DTIM_ENABLE + 106
        0x00000b46:    e7ff        ..      B        0xb48 ; DTIM_ENABLE + 108
        0x00000b48:    e7ff        ..      B        0xb4a ; DTIM_ENABLE + 110
        0x00000b4a:    b003        ..      ADD      sp,sp,#0xc
        0x00000b4c:    4770        pG      BX       lr
        0x00000b4e:    0000        ..      MOVS     r0,r0
    DTIM_ITConfig
        0x00000b50:    b083        ..      SUB      sp,sp,#0xc
        0x00000b52:    9002        ..      STR      r0,[sp,#8]
        0x00000b54:    9101        ..      STR      r1,[sp,#4]
        0x00000b56:    f88d2003    ...     STRB     r2,[sp,#3]
        0x00000b5a:    9801        ..      LDR      r0,[sp,#4]
        0x00000b5c:    f64f71ff    O..q    MOV      r1,#0xffff
        0x00000b60:    4288        .B      CMP      r0,r1
        0x00000b62:    d10a        ..      BNE      0xb7a ; DTIM_ITConfig + 42
        0x00000b64:    e7ff        ..      B        0xb66 ; DTIM_ITConfig + 22
        0x00000b66:    f89d0003    ....    LDRB     r0,[sp,#3]
        0x00000b6a:    b130        0.      CBZ      r0,0xb7a ; DTIM_ITConfig + 42
        0x00000b6c:    e7ff        ..      B        0xb6e ; DTIM_ITConfig + 30
        0x00000b6e:    9902        ..      LDR      r1,[sp,#8]
        0x00000b70:    6888        .h      LDR      r0,[r1,#8]
        0x00000b72:    f0400020    @. .    ORR      r0,r0,#0x20
        0x00000b76:    6088        .`      STR      r0,[r1,#8]
        0x00000b78:    e021        !.      B        0xbbe ; DTIM_ITConfig + 110
        0x00000b7a:    9801        ..      LDR      r0,[sp,#4]
        0x00000b7c:    3001        .0      ADDS     r0,#1
        0x00000b7e:    b950        P.      CBNZ     r0,0xb96 ; DTIM_ITConfig + 70
        0x00000b80:    e7ff        ..      B        0xb82 ; DTIM_ITConfig + 50
        0x00000b82:    f89d0003    ....    LDRB     r0,[sp,#3]
        0x00000b86:    b130        0.      CBZ      r0,0xb96 ; DTIM_ITConfig + 70
        0x00000b88:    e7ff        ..      B        0xb8a ; DTIM_ITConfig + 58
        0x00000b8a:    9902        ..      LDR      r1,[sp,#8]
        0x00000b8c:    6a88        .j      LDR      r0,[r1,#0x28]
        0x00000b8e:    f0400020    @. .    ORR      r0,r0,#0x20
        0x00000b92:    6288        .b      STR      r0,[r1,#0x28]
        0x00000b94:    e012        ..      B        0xbbc ; DTIM_ITConfig + 108
        0x00000b96:    9801        ..      LDR      r0,[sp,#4]
        0x00000b98:    f64f71ff    O..q    MOV      r1,#0xffff
        0x00000b9c:    4288        .B      CMP      r0,r1
        0x00000b9e:    d106        ..      BNE      0xbae ; DTIM_ITConfig + 94
        0x00000ba0:    e7ff        ..      B        0xba2 ; DTIM_ITConfig + 82
        0x00000ba2:    9902        ..      LDR      r1,[sp,#8]
        0x00000ba4:    6888        .h      LDR      r0,[r1,#8]
        0x00000ba6:    f0200020     . .    BIC      r0,r0,#0x20
        0x00000baa:    6088        .`      STR      r0,[r1,#8]
        0x00000bac:    e005        ..      B        0xbba ; DTIM_ITConfig + 106
        0x00000bae:    9902        ..      LDR      r1,[sp,#8]
        0x00000bb0:    6a88        .j      LDR      r0,[r1,#0x28]
        0x00000bb2:    f0200020     . .    BIC      r0,r0,#0x20
        0x00000bb6:    6288        .b      STR      r0,[r1,#0x28]
        0x00000bb8:    e7ff        ..      B        0xbba ; DTIM_ITConfig + 106
        0x00000bba:    e7ff        ..      B        0xbbc ; DTIM_ITConfig + 108
        0x00000bbc:    e7ff        ..      B        0xbbe ; DTIM_ITConfig + 110
        0x00000bbe:    b003        ..      ADD      sp,sp,#0xc
        0x00000bc0:    4770        pG      BX       lr
        0x00000bc2:    0000        ..      MOVS     r0,r0
    DTIM_Init
        0x00000bc4:    b084        ..      SUB      sp,sp,#0x10
        0x00000bc6:    f8ddc010    ....    LDR      r12,[sp,#0x10]
        0x00000bca:    9003        ..      STR      r0,[sp,#0xc]
        0x00000bcc:    9102        ..      STR      r1,[sp,#8]
        0x00000bce:    9201        ..      STR      r2,[sp,#4]
        0x00000bd0:    9300        ..      STR      r3,[sp,#0]
        0x00000bd2:    9802        ..      LDR      r0,[sp,#8]
        0x00000bd4:    f64f71ff    O..q    MOV      r1,#0xffff
        0x00000bd8:    4288        .B      CMP      r0,r1
        0x00000bda:    d10f        ..      BNE      0xbfc ; DTIM_Init + 56
        0x00000bdc:    e7ff        ..      B        0xbde ; DTIM_Init + 26
        0x00000bde:    9903        ..      LDR      r1,[sp,#0xc]
        0x00000be0:    2000        .       MOVS     r0,#0
        0x00000be2:    6088        .`      STR      r0,[r1,#8]
        0x00000be4:    9801        ..      LDR      r0,[sp,#4]
        0x00000be6:    9900        ..      LDR      r1,[sp,#0]
        0x00000be8:    ea400201    @...    ORR      r2,r0,r1
        0x00000bec:    9903        ..      LDR      r1,[sp,#0xc]
        0x00000bee:    6888        .h      LDR      r0,[r1,#8]
        0x00000bf0:    4310        .C      ORRS     r0,r0,r2
        0x00000bf2:    6088        .`      STR      r0,[r1,#8]
        0x00000bf4:    9804        ..      LDR      r0,[sp,#0x10]
        0x00000bf6:    9903        ..      LDR      r1,[sp,#0xc]
        0x00000bf8:    6008        .`      STR      r0,[r1,#0]
        0x00000bfa:    e013        ..      B        0xc24 ; DTIM_Init + 96
        0x00000bfc:    9802        ..      LDR      r0,[sp,#8]
        0x00000bfe:    3001        .0      ADDS     r0,#1
        0x00000c00:    b978        x.      CBNZ     r0,0xc22 ; DTIM_Init + 94
        0x00000c02:    e7ff        ..      B        0xc04 ; DTIM_Init + 64
        0x00000c04:    9903        ..      LDR      r1,[sp,#0xc]
        0x00000c06:    2000        .       MOVS     r0,#0
        0x00000c08:    6288        .b      STR      r0,[r1,#0x28]
        0x00000c0a:    9801        ..      LDR      r0,[sp,#4]
        0x00000c0c:    9900        ..      LDR      r1,[sp,#0]
        0x00000c0e:    ea400201    @...    ORR      r2,r0,r1
        0x00000c12:    9903        ..      LDR      r1,[sp,#0xc]
        0x00000c14:    6a88        .j      LDR      r0,[r1,#0x28]
        0x00000c16:    4310        .C      ORRS     r0,r0,r2
        0x00000c18:    6288        .b      STR      r0,[r1,#0x28]
        0x00000c1a:    9804        ..      LDR      r0,[sp,#0x10]
        0x00000c1c:    9903        ..      LDR      r1,[sp,#0xc]
        0x00000c1e:    6208        .b      STR      r0,[r1,#0x20]
        0x00000c20:    e7ff        ..      B        0xc22 ; DTIM_Init + 94
        0x00000c22:    e7ff        ..      B        0xc24 ; DTIM_Init + 96
        0x00000c24:    b004        ..      ADD      sp,sp,#0x10
        0x00000c26:    4770        pG      BX       lr
    DTIM_MODE
        0x00000c28:    b083        ..      SUB      sp,sp,#0xc
        0x00000c2a:    9002        ..      STR      r0,[sp,#8]
        0x00000c2c:    9101        ..      STR      r1,[sp,#4]
        0x00000c2e:    9200        ..      STR      r2,[sp,#0]
        0x00000c30:    9801        ..      LDR      r0,[sp,#4]
        0x00000c32:    f64f71ff    O..q    MOV      r1,#0xffff
        0x00000c36:    4288        .B      CMP      r0,r1
        0x00000c38:    d106        ..      BNE      0xc48 ; DTIM_MODE + 32
        0x00000c3a:    e7ff        ..      B        0xc3c ; DTIM_MODE + 20
        0x00000c3c:    9a00        ..      LDR      r2,[sp,#0]
        0x00000c3e:    9902        ..      LDR      r1,[sp,#8]
        0x00000c40:    6888        .h      LDR      r0,[r1,#8]
        0x00000c42:    4310        .C      ORRS     r0,r0,r2
        0x00000c44:    6088        .`      STR      r0,[r1,#8]
        0x00000c46:    e00a        ..      B        0xc5e ; DTIM_MODE + 54
        0x00000c48:    9801        ..      LDR      r0,[sp,#4]
        0x00000c4a:    3001        .0      ADDS     r0,#1
        0x00000c4c:    b930        0.      CBNZ     r0,0xc5c ; DTIM_MODE + 52
        0x00000c4e:    e7ff        ..      B        0xc50 ; DTIM_MODE + 40
        0x00000c50:    9a00        ..      LDR      r2,[sp,#0]
        0x00000c52:    9902        ..      LDR      r1,[sp,#8]
        0x00000c54:    6a88        .j      LDR      r0,[r1,#0x28]
        0x00000c56:    4310        .C      ORRS     r0,r0,r2
        0x00000c58:    6288        .b      STR      r0,[r1,#0x28]
        0x00000c5a:    e7ff        ..      B        0xc5c ; DTIM_MODE + 52
        0x00000c5c:    e7ff        ..      B        0xc5e ; DTIM_MODE + 54
        0x00000c5e:    b003        ..      ADD      sp,sp,#0xc
        0x00000c60:    4770        pG      BX       lr
        0x00000c62:    0000        ..      MOVS     r0,r0
    DTIM_SetBGLOAD
        0x00000c64:    b083        ..      SUB      sp,sp,#0xc
        0x00000c66:    9002        ..      STR      r0,[sp,#8]
        0x00000c68:    9101        ..      STR      r1,[sp,#4]
        0x00000c6a:    9200        ..      STR      r2,[sp,#0]
        0x00000c6c:    9801        ..      LDR      r0,[sp,#4]
        0x00000c6e:    f64f71ff    O..q    MOV      r1,#0xffff
        0x00000c72:    4288        .B      CMP      r0,r1
        0x00000c74:    d104        ..      BNE      0xc80 ; DTIM_SetBGLOAD + 28
        0x00000c76:    e7ff        ..      B        0xc78 ; DTIM_SetBGLOAD + 20
        0x00000c78:    9800        ..      LDR      r0,[sp,#0]
        0x00000c7a:    9902        ..      LDR      r1,[sp,#8]
        0x00000c7c:    6188        .a      STR      r0,[r1,#0x18]
        0x00000c7e:    e008        ..      B        0xc92 ; DTIM_SetBGLOAD + 46
        0x00000c80:    9801        ..      LDR      r0,[sp,#4]
        0x00000c82:    3001        .0      ADDS     r0,#1
        0x00000c84:    b920         .      CBNZ     r0,0xc90 ; DTIM_SetBGLOAD + 44
        0x00000c86:    e7ff        ..      B        0xc88 ; DTIM_SetBGLOAD + 36
        0x00000c88:    9800        ..      LDR      r0,[sp,#0]
        0x00000c8a:    9902        ..      LDR      r1,[sp,#8]
        0x00000c8c:    6388        .c      STR      r0,[r1,#0x38]
        0x00000c8e:    e7ff        ..      B        0xc90 ; DTIM_SetBGLOAD + 44
        0x00000c90:    e7ff        ..      B        0xc92 ; DTIM_SetBGLOAD + 46
        0x00000c92:    b003        ..      ADD      sp,sp,#0xc
        0x00000c94:    4770        pG      BX       lr
        0x00000c96:    0000        ..      MOVS     r0,r0
    DTIM_Timer0MISValue
        0x00000c98:    b083        ..      SUB      sp,sp,#0xc
        0x00000c9a:    9002        ..      STR      r0,[sp,#8]
        0x00000c9c:    9101        ..      STR      r1,[sp,#4]
        0x00000c9e:    9801        ..      LDR      r0,[sp,#4]
        0x00000ca0:    f64f71ff    O..q    MOV      r1,#0xffff
        0x00000ca4:    4288        .B      CMP      r0,r1
        0x00000ca6:    d104        ..      BNE      0xcb2 ; DTIM_Timer0MISValue + 26
        0x00000ca8:    e7ff        ..      B        0xcaa ; DTIM_Timer0MISValue + 18
        0x00000caa:    9802        ..      LDR      r0,[sp,#8]
        0x00000cac:    6940        @i      LDR      r0,[r0,#0x14]
        0x00000cae:    9000        ..      STR      r0,[sp,#0]
        0x00000cb0:    e008        ..      B        0xcc4 ; DTIM_Timer0MISValue + 44
        0x00000cb2:    9801        ..      LDR      r0,[sp,#4]
        0x00000cb4:    3001        .0      ADDS     r0,#1
        0x00000cb6:    b920         .      CBNZ     r0,0xcc2 ; DTIM_Timer0MISValue + 42
        0x00000cb8:    e7ff        ..      B        0xcba ; DTIM_Timer0MISValue + 34
        0x00000cba:    9802        ..      LDR      r0,[sp,#8]
        0x00000cbc:    6b40        @k      LDR      r0,[r0,#0x34]
        0x00000cbe:    9000        ..      STR      r0,[sp,#0]
        0x00000cc0:    e7ff        ..      B        0xcc2 ; DTIM_Timer0MISValue + 42
        0x00000cc2:    e7ff        ..      B        0xcc4 ; DTIM_Timer0MISValue + 44
        0x00000cc4:    9800        ..      LDR      r0,[sp,#0]
        0x00000cc6:    b003        ..      ADD      sp,sp,#0xc
        0x00000cc8:    4770        pG      BX       lr
        0x00000cca:    0000        ..      MOVS     r0,r0
    DTMIx_Init
        0x00000ccc:    b580        ..      PUSH     {r7,lr}
        0x00000cce:    b084        ..      SUB      sp,sp,#0x10
        0x00000cd0:    f2420000    B...    MOVW     r0,#0x2000
        0x00000cd4:    f2c40000    ....    MOVT     r0,#0x4000
        0x00000cd8:    9002        ..      STR      r0,[sp,#8]
        0x00000cda:    9003        ..      STR      r0,[sp,#0xc]
        0x00000cdc:    9803        ..      LDR      r0,[sp,#0xc]
        0x00000cde:    f7fffed1    ....    BL       DTIM_DeInit ; 0xa84
        0x00000ce2:    9803        ..      LDR      r0,[sp,#0xc]
        0x00000ce4:    f000f820    .. .    BL       DTMIx_Timer1_Init ; 0xd28
        0x00000ce8:    9803        ..      LDR      r0,[sp,#0xc]
        0x00000cea:    f64f71ff    O..q    MOV      r1,#0xffff
        0x00000cee:    2201        ."      MOVS     r2,#1
        0x00000cf0:    9201        ..      STR      r2,[sp,#4]
        0x00000cf2:    f7fffef3    ....    BL       DTIM_ENABLE ; 0xadc
        0x00000cf6:    9803        ..      LDR      r0,[sp,#0xc]
        0x00000cf8:    f000f840    ..@.    BL       DTMIx_Timer2_Init ; 0xd7c
        0x00000cfc:    9a01        ..      LDR      r2,[sp,#4]
        0x00000cfe:    9803        ..      LDR      r0,[sp,#0xc]
        0x00000d00:    f04f31ff    O..1    MOV      r1,#0xffffffff
        0x00000d04:    f7fffeea    ....    BL       DTIM_ENABLE ; 0xadc
        0x00000d08:    9902        ..      LDR      r1,[sp,#8]
        0x00000d0a:    9803        ..      LDR      r0,[sp,#0xc]
        0x00000d0c:    4288        .B      CMP      r0,r1
        0x00000d0e:    d104        ..      BNE      0xd1a ; DTMIx_Init + 78
        0x00000d10:    e7ff        ..      B        0xd12 ; DTMIx_Init + 70
        0x00000d12:    200a        .       MOVS     r0,#0xa
        0x00000d14:    f000f988    ....    BL       __NVIC_EnableIRQ ; 0x1028
        0x00000d18:    e003        ..      B        0xd22 ; DTMIx_Init + 86
        0x00000d1a:    200b        .       MOVS     r0,#0xb
        0x00000d1c:    f000f984    ....    BL       __NVIC_EnableIRQ ; 0x1028
        0x00000d20:    e7ff        ..      B        0xd22 ; DTMIx_Init + 86
        0x00000d22:    b004        ..      ADD      sp,sp,#0x10
        0x00000d24:    bd80        ..      POP      {r7,pc}
        0x00000d26:    0000        ..      MOVS     r0,r0
    DTMIx_Timer1_Init
        0x00000d28:    b580        ..      PUSH     {r7,lr}
        0x00000d2a:    b086        ..      SUB      sp,sp,#0x18
        0x00000d2c:    9005        ..      STR      r0,[sp,#0x14]
        0x00000d2e:    9805        ..      LDR      r0,[sp,#0x14]
        0x00000d30:    466a        jF      MOV      r2,sp
        0x00000d32:    f6470140    G.@.    MOV      r1,#0x7840
        0x00000d36:    f2c0117d    ..}.    MOVT     r1,#0x17d
        0x00000d3a:    9102        ..      STR      r1,[sp,#8]
        0x00000d3c:    6011        .`      STR      r1,[r2,#0]
        0x00000d3e:    f64f71ff    O..q    MOV      r1,#0xffff
        0x00000d42:    9103        ..      STR      r1,[sp,#0xc]
        0x00000d44:    2202        ."      MOVS     r2,#2
        0x00000d46:    2300        .#      MOVS     r3,#0
        0x00000d48:    f7ffff3c    ..<.    BL       DTIM_Init ; 0xbc4
        0x00000d4c:    9903        ..      LDR      r1,[sp,#0xc]
        0x00000d4e:    9805        ..      LDR      r0,[sp,#0x14]
        0x00000d50:    2240        @"      MOVS     r2,#0x40
        0x00000d52:    f7ffff69    ..i.    BL       DTIM_MODE ; 0xc28
        0x00000d56:    9903        ..      LDR      r1,[sp,#0xc]
        0x00000d58:    9805        ..      LDR      r0,[sp,#0x14]
        0x00000d5a:    2201        ."      MOVS     r2,#1
        0x00000d5c:    9204        ..      STR      r2,[sp,#0x10]
        0x00000d5e:    f7fffef7    ....    BL       DTIM_ITConfig ; 0xb50
        0x00000d62:    9a02        ..      LDR      r2,[sp,#8]
        0x00000d64:    9903        ..      LDR      r1,[sp,#0xc]
        0x00000d66:    9805        ..      LDR      r0,[sp,#0x14]
        0x00000d68:    f7ffff7c    ..|.    BL       DTIM_SetBGLOAD ; 0xc64
        0x00000d6c:    9903        ..      LDR      r1,[sp,#0xc]
        0x00000d6e:    9a04        ..      LDR      r2,[sp,#0x10]
        0x00000d70:    9805        ..      LDR      r0,[sp,#0x14]
        0x00000d72:    f7fffe5f    .._.    BL       DTIM_ClearIT ; 0xa34
        0x00000d76:    b006        ..      ADD      sp,sp,#0x18
        0x00000d78:    bd80        ..      POP      {r7,pc}
        0x00000d7a:    0000        ..      MOVS     r0,r0
    DTMIx_Timer2_Init
        0x00000d7c:    b580        ..      PUSH     {r7,lr}
        0x00000d7e:    b086        ..      SUB      sp,sp,#0x18
        0x00000d80:    9005        ..      STR      r0,[sp,#0x14]
        0x00000d82:    9805        ..      LDR      r0,[sp,#0x14]
        0x00000d84:    466a        jF      MOV      r2,sp
        0x00000d86:    f24f0180    O...    MOV      r1,#0xf080
        0x00000d8a:    f2c021fa    ...!    MOVT     r1,#0x2fa
        0x00000d8e:    9102        ..      STR      r1,[sp,#8]
        0x00000d90:    6011        .`      STR      r1,[r2,#0]
        0x00000d92:    f04f31ff    O..1    MOV      r1,#0xffffffff
        0x00000d96:    9103        ..      STR      r1,[sp,#0xc]
        0x00000d98:    2202        ."      MOVS     r2,#2
        0x00000d9a:    2300        .#      MOVS     r3,#0
        0x00000d9c:    f7ffff12    ....    BL       DTIM_Init ; 0xbc4
        0x00000da0:    9903        ..      LDR      r1,[sp,#0xc]
        0x00000da2:    9805        ..      LDR      r0,[sp,#0x14]
        0x00000da4:    2240        @"      MOVS     r2,#0x40
        0x00000da6:    f7ffff3f    ..?.    BL       DTIM_MODE ; 0xc28
        0x00000daa:    9903        ..      LDR      r1,[sp,#0xc]
        0x00000dac:    9805        ..      LDR      r0,[sp,#0x14]
        0x00000dae:    2201        ."      MOVS     r2,#1
        0x00000db0:    9204        ..      STR      r2,[sp,#0x10]
        0x00000db2:    f7fffecd    ....    BL       DTIM_ITConfig ; 0xb50
        0x00000db6:    9a02        ..      LDR      r2,[sp,#8]
        0x00000db8:    9903        ..      LDR      r1,[sp,#0xc]
        0x00000dba:    9805        ..      LDR      r0,[sp,#0x14]
        0x00000dbc:    f7ffff52    ..R.    BL       DTIM_SetBGLOAD ; 0xc64
        0x00000dc0:    9903        ..      LDR      r1,[sp,#0xc]
        0x00000dc2:    9a04        ..      LDR      r2,[sp,#0x10]
        0x00000dc4:    9805        ..      LDR      r0,[sp,#0x14]
        0x00000dc6:    f7fffe35    ..5.    BL       DTIM_ClearIT ; 0xa34
        0x00000dca:    b006        ..      ADD      sp,sp,#0x18
        0x00000dcc:    bd80        ..      POP      {r7,pc}
        0x00000dce:    0000        ..      MOVS     r0,r0
    DUALTIMER0_Handler
        0x00000dd0:    b580        ..      PUSH     {r7,lr}
        0x00000dd2:    b082        ..      SUB      sp,sp,#8
        0x00000dd4:    f2420000    B...    MOVW     r0,#0x2000
        0x00000dd8:    f2c40000    ....    MOVT     r0,#0x4000
        0x00000ddc:    f64f71ff    O..q    MOV      r1,#0xffff
        0x00000de0:    f7ffff5a    ..Z.    BL       DTIM_Timer0MISValue ; 0xc98
        0x00000de4:    9001        ..      STR      r0,[sp,#4]
        0x00000de6:    f89d0004    ....    LDRB     r0,[sp,#4]
        0x00000dea:    07c0        ..      LSLS     r0,r0,#31
        0x00000dec:    b180        ..      CBZ      r0,0xe10 ; DUALTIMER0_Handler + 64
        0x00000dee:    e7ff        ..      B        0xdf0 ; DUALTIMER0_Handler + 32
        0x00000df0:    2000        .       MOVS     r0,#0
        0x00000df2:    f2c40001    ....    MOVT     r0,#0x4001
        0x00000df6:    2100        .!      MOVS     r1,#0
        0x00000df8:    f000f8c0    ....    BL       GPIO_TogglePin ; 0xf7c
        0x00000dfc:    f2420000    B...    MOVW     r0,#0x2000
        0x00000e00:    f2c40000    ....    MOVT     r0,#0x4000
        0x00000e04:    f64f71ff    O..q    MOV      r1,#0xffff
        0x00000e08:    2201        ."      MOVS     r2,#1
        0x00000e0a:    f7fffe13    ....    BL       DTIM_ClearIT ; 0xa34
        0x00000e0e:    e7ff        ..      B        0xe10 ; DUALTIMER0_Handler + 64
        0x00000e10:    f2420000    B...    MOVW     r0,#0x2000
        0x00000e14:    f2c40000    ....    MOVT     r0,#0x4000
        0x00000e18:    f04f31ff    O..1    MOV      r1,#0xffffffff
        0x00000e1c:    f7ffff3c    ..<.    BL       DTIM_Timer0MISValue ; 0xc98
        0x00000e20:    9001        ..      STR      r0,[sp,#4]
        0x00000e22:    f89d0004    ....    LDRB     r0,[sp,#4]
        0x00000e26:    07c0        ..      LSLS     r0,r0,#31
        0x00000e28:    b188        ..      CBZ      r0,0xe4e ; DUALTIMER0_Handler + 126
        0x00000e2a:    e7ff        ..      B        0xe2c ; DUALTIMER0_Handler + 92
        0x00000e2c:    2000        .       MOVS     r0,#0
        0x00000e2e:    f2c40001    ....    MOVT     r0,#0x4001
        0x00000e32:    2101        .!      MOVS     r1,#1
        0x00000e34:    9100        ..      STR      r1,[sp,#0]
        0x00000e36:    f000f8a1    ....    BL       GPIO_TogglePin ; 0xf7c
        0x00000e3a:    9a00        ..      LDR      r2,[sp,#0]
        0x00000e3c:    f2420000    B...    MOVW     r0,#0x2000
        0x00000e40:    f2c40000    ....    MOVT     r0,#0x4000
        0x00000e44:    f04f31ff    O..1    MOV      r1,#0xffffffff
        0x00000e48:    f7fffdf4    ....    BL       DTIM_ClearIT ; 0xa34
        0x00000e4c:    e7ff        ..      B        0xe4e ; DUALTIMER0_Handler + 126
        0x00000e4e:    b002        ..      ADD      sp,sp,#8
        0x00000e50:    bd80        ..      POP      {r7,pc}
        0x00000e52:    0000        ..      MOVS     r0,r0
    DUALTIMER1_Handler
        0x00000e54:    b580        ..      PUSH     {r7,lr}
        0x00000e56:    b082        ..      SUB      sp,sp,#8
        0x00000e58:    f24d0000    M...    MOVW     r0,#0xd000
        0x00000e5c:    f2c40000    ....    MOVT     r0,#0x4000
        0x00000e60:    f64f71ff    O..q    MOV      r1,#0xffff
        0x00000e64:    f7ffff18    ....    BL       DTIM_Timer0MISValue ; 0xc98
        0x00000e68:    9001        ..      STR      r0,[sp,#4]
        0x00000e6a:    f89d0004    ....    LDRB     r0,[sp,#4]
        0x00000e6e:    07c0        ..      LSLS     r0,r0,#31
        0x00000e70:    b188        ..      CBZ      r0,0xe96 ; DUALTIMER1_Handler + 66
        0x00000e72:    e7ff        ..      B        0xe74 ; DUALTIMER1_Handler + 32
        0x00000e74:    2000        .       MOVS     r0,#0
        0x00000e76:    f2c40001    ....    MOVT     r0,#0x4001
        0x00000e7a:    2101        .!      MOVS     r1,#1
        0x00000e7c:    9100        ..      STR      r1,[sp,#0]
        0x00000e7e:    f000f87d    ..}.    BL       GPIO_TogglePin ; 0xf7c
        0x00000e82:    9a00        ..      LDR      r2,[sp,#0]
        0x00000e84:    f24d0000    M...    MOVW     r0,#0xd000
        0x00000e88:    f2c40000    ....    MOVT     r0,#0x4000
        0x00000e8c:    f64f71ff    O..q    MOV      r1,#0xffff
        0x00000e90:    f7fffdd0    ....    BL       DTIM_ClearIT ; 0xa34
        0x00000e94:    e7ff        ..      B        0xe96 ; DUALTIMER1_Handler + 66
        0x00000e96:    f24d0000    M...    MOVW     r0,#0xd000
        0x00000e9a:    f2c40000    ....    MOVT     r0,#0x4000
        0x00000e9e:    f04f31ff    O..1    MOV      r1,#0xffffffff
        0x00000ea2:    f7fffef9    ....    BL       DTIM_Timer0MISValue ; 0xc98
        0x00000ea6:    9001        ..      STR      r0,[sp,#4]
        0x00000ea8:    f89d0004    ....    LDRB     r0,[sp,#4]
        0x00000eac:    07c0        ..      LSLS     r0,r0,#31
        0x00000eae:    b180        ..      CBZ      r0,0xed2 ; DUALTIMER1_Handler + 126
        0x00000eb0:    e7ff        ..      B        0xeb2 ; DUALTIMER1_Handler + 94
        0x00000eb2:    2000        .       MOVS     r0,#0
        0x00000eb4:    f2c40001    ....    MOVT     r0,#0x4001
        0x00000eb8:    2100        .!      MOVS     r1,#0
        0x00000eba:    f000f85f    .._.    BL       GPIO_TogglePin ; 0xf7c
        0x00000ebe:    f24d0000    M...    MOVW     r0,#0xd000
        0x00000ec2:    f2c40000    ....    MOVT     r0,#0x4000
        0x00000ec6:    f04f31ff    O..1    MOV      r1,#0xffffffff
        0x00000eca:    2201        ."      MOVS     r2,#1
        0x00000ecc:    f7fffdb2    ....    BL       DTIM_ClearIT ; 0xa34
        0x00000ed0:    e7ff        ..      B        0xed2 ; DUALTIMER1_Handler + 126
        0x00000ed2:    b002        ..      ADD      sp,sp,#8
        0x00000ed4:    bd80        ..      POP      {r7,pc}
        0x00000ed6:    0000        ..      MOVS     r0,r0
    GPIO_DeInit
        0x00000ed8:    b081        ..      SUB      sp,sp,#4
        0x00000eda:    9000        ..      STR      r0,[sp,#0]
        0x00000edc:    9800        ..      LDR      r0,[sp,#0]
        0x00000ede:    2100        .!      MOVS     r1,#0
        0x00000ee0:    f2c40101    ....    MOVT     r1,#0x4001
        0x00000ee4:    4288        .B      CMP      r0,r1
        0x00000ee6:    d112        ..      BNE      0xf0e ; GPIO_DeInit + 54
        0x00000ee8:    e7ff        ..      B        0xeea ; GPIO_DeInit + 18
        0x00000eea:    9900        ..      LDR      r1,[sp,#0]
        0x00000eec:    f04f30ff    O..0    MOV      r0,#0xffffffff
        0x00000ef0:    6148        Ha      STR      r0,[r1,#0x14]
        0x00000ef2:    9900        ..      LDR      r1,[sp,#0]
        0x00000ef4:    61c8        .a      STR      r0,[r1,#0x1c]
        0x00000ef6:    9900        ..      LDR      r1,[sp,#0]
        0x00000ef8:    6248        Hb      STR      r0,[r1,#0x24]
        0x00000efa:    9900        ..      LDR      r1,[sp,#0]
        0x00000efc:    62c8        .b      STR      r0,[r1,#0x2c]
        0x00000efe:    9900        ..      LDR      r1,[sp,#0]
        0x00000f00:    6348        Hc      STR      r0,[r1,#0x34]
        0x00000f02:    9900        ..      LDR      r1,[sp,#0]
        0x00000f04:    2000        .       MOVS     r0,#0
        0x00000f06:    6048        H`      STR      r0,[r1,#4]
        0x00000f08:    9900        ..      LDR      r1,[sp,#0]
        0x00000f0a:    6008        .`      STR      r0,[r1,#0]
        0x00000f0c:    e7ff        ..      B        0xf0e ; GPIO_DeInit + 54
        0x00000f0e:    b001        ..      ADD      sp,sp,#4
        0x00000f10:    4770        pG      BX       lr
        0x00000f12:    0000        ..      MOVS     r0,r0
    GPIO_ResetBit
        0x00000f14:    b083        ..      SUB      sp,sp,#0xc
        0x00000f16:    9002        ..      STR      r0,[sp,#8]
        0x00000f18:    f8ad1006    ....    STRH     r1,[sp,#6]
        0x00000f1c:    2000        .       MOVS     r0,#0
        0x00000f1e:    9000        ..      STR      r0,[sp,#0]
        0x00000f20:    f8bd1006    ....    LDRH     r1,[sp,#6]
        0x00000f24:    2001        .       MOVS     r0,#1
        0x00000f26:    fa00f301    ....    LSL      r3,r0,r1
        0x00000f2a:    9a02        ..      LDR      r2,[sp,#8]
        0x00000f2c:    6911        .i      LDR      r1,[r2,#0x10]
        0x00000f2e:    4319        .C      ORRS     r1,r1,r3
        0x00000f30:    6111        .a      STR      r1,[r2,#0x10]
        0x00000f32:    f8bd1006    ....    LDRH     r1,[sp,#6]
        0x00000f36:    fa00f201    ....    LSL      r2,r0,r1
        0x00000f3a:    9902        ..      LDR      r1,[sp,#8]
        0x00000f3c:    6848        Hh      LDR      r0,[r1,#4]
        0x00000f3e:    4390        .C      BICS     r0,r0,r2
        0x00000f40:    6048        H`      STR      r0,[r1,#4]
        0x00000f42:    b003        ..      ADD      sp,sp,#0xc
        0x00000f44:    4770        pG      BX       lr
        0x00000f46:    0000        ..      MOVS     r0,r0
    GPIO_SetBit
        0x00000f48:    b083        ..      SUB      sp,sp,#0xc
        0x00000f4a:    9002        ..      STR      r0,[sp,#8]
        0x00000f4c:    f8ad1006    ....    STRH     r1,[sp,#6]
        0x00000f50:    2000        .       MOVS     r0,#0
        0x00000f52:    9000        ..      STR      r0,[sp,#0]
        0x00000f54:    f8bd1006    ....    LDRH     r1,[sp,#6]
        0x00000f58:    2001        .       MOVS     r0,#1
        0x00000f5a:    fa00f301    ....    LSL      r3,r0,r1
        0x00000f5e:    9a02        ..      LDR      r2,[sp,#8]
        0x00000f60:    6911        .i      LDR      r1,[r2,#0x10]
        0x00000f62:    4319        .C      ORRS     r1,r1,r3
        0x00000f64:    6111        .a      STR      r1,[r2,#0x10]
        0x00000f66:    f8bd1006    ....    LDRH     r1,[sp,#6]
        0x00000f6a:    fa00f201    ....    LSL      r2,r0,r1
        0x00000f6e:    9902        ..      LDR      r1,[sp,#8]
        0x00000f70:    6848        Hh      LDR      r0,[r1,#4]
        0x00000f72:    4310        .C      ORRS     r0,r0,r2
        0x00000f74:    6048        H`      STR      r0,[r1,#4]
        0x00000f76:    b003        ..      ADD      sp,sp,#0xc
        0x00000f78:    4770        pG      BX       lr
        0x00000f7a:    0000        ..      MOVS     r0,r0
    GPIO_TogglePin
        0x00000f7c:    b083        ..      SUB      sp,sp,#0xc
        0x00000f7e:    9002        ..      STR      r0,[sp,#8]
        0x00000f80:    f8ad1006    ....    STRH     r1,[sp,#6]
        0x00000f84:    2000        .       MOVS     r0,#0
        0x00000f86:    9000        ..      STR      r0,[sp,#0]
        0x00000f88:    f8bd1006    ....    LDRH     r1,[sp,#6]
        0x00000f8c:    2001        .       MOVS     r0,#1
        0x00000f8e:    fa00f301    ....    LSL      r3,r0,r1
        0x00000f92:    9a02        ..      LDR      r2,[sp,#8]
        0x00000f94:    6911        .i      LDR      r1,[r2,#0x10]
        0x00000f96:    4319        .C      ORRS     r1,r1,r3
        0x00000f98:    6111        .a      STR      r1,[r2,#0x10]
        0x00000f9a:    f8bd1006    ....    LDRH     r1,[sp,#6]
        0x00000f9e:    fa00f201    ....    LSL      r2,r0,r1
        0x00000fa2:    9902        ..      LDR      r1,[sp,#8]
        0x00000fa4:    6808        .h      LDR      r0,[r1,#0]
        0x00000fa6:    4050        P@      EORS     r0,r0,r2
        0x00000fa8:    6008        .`      STR      r0,[r1,#0]
        0x00000faa:    b003        ..      ADD      sp,sp,#0xc
        0x00000fac:    4770        pG      BX       lr
        0x00000fae:    0000        ..      MOVS     r0,r0
    RCC_APB1PeriphResetCmd
        0x00000fb0:    b081        ..      SUB      sp,sp,#4
        0x00000fb2:    f8ad0002    ....    STRH     r0,[sp,#2]
        0x00000fb6:    f88d1001    ....    STRB     r1,[sp,#1]
        0x00000fba:    f89d0001    ....    LDRB     r0,[sp,#1]
        0x00000fbe:    b150        P.      CBZ      r0,0xfd6 ; RCC_APB1PeriphResetCmd + 38
        0x00000fc0:    e7ff        ..      B        0xfc2 ; RCC_APB1PeriphResetCmd + 18
        0x00000fc2:    f8bd2002    ...     LDRH     r2,[sp,#2]
        0x00000fc6:    f2430100    C...    MOVW     r1,#0x3000
        0x00000fca:    f2c40100    ....    MOVT     r1,#0x4000
        0x00000fce:    6808        .h      LDR      r0,[r1,#0]
        0x00000fd0:    4390        .C      BICS     r0,r0,r2
        0x00000fd2:    6008        .`      STR      r0,[r1,#0]
        0x00000fd4:    e009        ..      B        0xfea ; RCC_APB1PeriphResetCmd + 58
        0x00000fd6:    f8bd2002    ...     LDRH     r2,[sp,#2]
        0x00000fda:    f2430100    C...    MOVW     r1,#0x3000
        0x00000fde:    f2c40100    ....    MOVT     r1,#0x4000
        0x00000fe2:    6808        .h      LDR      r0,[r1,#0]
        0x00000fe4:    4310        .C      ORRS     r0,r0,r2
        0x00000fe6:    6008        .`      STR      r0,[r1,#0]
        0x00000fe8:    e7ff        ..      B        0xfea ; RCC_APB1PeriphResetCmd + 58
        0x00000fea:    b001        ..      ADD      sp,sp,#4
        0x00000fec:    4770        pG      BX       lr
        0x00000fee:    0000        ..      MOVS     r0,r0
    SystemInit
        0x00000ff0:    f2400000    @...    MOVW     r0,#0
        0x00000ff4:    f2c00000    ....    MOVT     r0,#0
        0x00000ff8:    f64e5108    N..Q    MOV      r1,#0xed08
        0x00000ffc:    f2ce0100    ....    MOVT     r1,#0xe000
        0x00001000:    6008        .`      STR      r0,[r1,#0]
        0x00001002:    f64e5188    N..Q    MOV      r1,#0xed88
        0x00001006:    f2ce0100    ....    MOVT     r1,#0xe000
        0x0000100a:    6808        .h      LDR      r0,[r1,#0]
        0x0000100c:    f4400070    @.p.    ORR      r0,r0,#0xf00000
        0x00001010:    6008        .`      STR      r0,[r1,#0]
        0x00001012:    f2400100    @...    MOVW     r1,#0
        0x00001016:    f2c20100    ....    MOVT     r1,#0x2000
        0x0000101a:    f6470040    G.@.    MOV      r0,#0x7840
        0x0000101e:    f2c0107d    ..}.    MOVT     r0,#0x17d
        0x00001022:    6008        .`      STR      r0,[r1,#0]
        0x00001024:    4770        pG      BX       lr
        0x00001026:    0000        ..      MOVS     r0,r0
    __NVIC_EnableIRQ
        0x00001028:    b081        ..      SUB      sp,sp,#4
        0x0000102a:    f88d0003    ....    STRB     r0,[sp,#3]
        0x0000102e:    f99d0003    ....    LDRSB    r0,[sp,#3]
        0x00001032:    2800        .(      CMP      r0,#0
        0x00001034:    d40e        ..      BMI      0x1054 ; __NVIC_EnableIRQ + 44
        0x00001036:    e7ff        ..      B        0x1038 ; __NVIC_EnableIRQ + 16
        0x00001038:    f99d1003    ....    LDRSB    r1,[sp,#3]
        0x0000103c:    f001021f    ....    AND      r2,r1,#0x1f
        0x00001040:    2001        .       MOVS     r0,#1
        0x00001042:    4090        .@      LSLS     r0,r0,r2
        0x00001044:    094a        J.      LSRS     r2,r1,#5
        0x00001046:    f24e1100    N...    MOVW     r1,#0xe100
        0x0000104a:    f2ce0100    ....    MOVT     r1,#0xe000
        0x0000104e:    f8410022    A.".    STR      r0,[r1,r2,LSL #2]
        0x00001052:    e7ff        ..      B        0x1054 ; __NVIC_EnableIRQ + 44
        0x00001054:    b001        ..      ADD      sp,sp,#4
        0x00001056:    4770        pG      BX       lr
    delay_ms
        0x00001058:    b083        ..      SUB      sp,sp,#0xc
        0x0000105a:    f8ad000a    ....    STRH     r0,[sp,#0xa]
        0x0000105e:    2000        .       MOVS     r0,#0
        0x00001060:    9001        ..      STR      r0,[sp,#4]
        0x00001062:    e7ff        ..      B        0x1064 ; delay_ms + 12
        0x00001064:    9801        ..      LDR      r0,[sp,#4]
        0x00001066:    f8bd100a    ....    LDRH     r1,[sp,#0xa]
        0x0000106a:    4288        .B      CMP      r0,r1
        0x0000106c:    d212        ..      BCS      0x1094 ; delay_ms + 60
        0x0000106e:    e7ff        ..      B        0x1070 ; delay_ms + 24
        0x00001070:    2000        .       MOVS     r0,#0
        0x00001072:    9000        ..      STR      r0,[sp,#0]
        0x00001074:    e7ff        ..      B        0x1076 ; delay_ms + 30
        0x00001076:    9800        ..      LDR      r0,[sp,#0]
        0x00001078:    08c0        ..      LSRS     r0,r0,#3
        0x0000107a:    287c        |(      CMP      r0,#0x7c
        0x0000107c:    d805        ..      BHI      0x108a ; delay_ms + 50
        0x0000107e:    e7ff        ..      B        0x1080 ; delay_ms + 40
        0x00001080:    e7ff        ..      B        0x1082 ; delay_ms + 42
        0x00001082:    9800        ..      LDR      r0,[sp,#0]
        0x00001084:    3001        .0      ADDS     r0,#1
        0x00001086:    9000        ..      STR      r0,[sp,#0]
        0x00001088:    e7f5        ..      B        0x1076 ; delay_ms + 30
        0x0000108a:    e7ff        ..      B        0x108c ; delay_ms + 52
        0x0000108c:    9801        ..      LDR      r0,[sp,#4]
        0x0000108e:    3001        .0      ADDS     r0,#1
        0x00001090:    9001        ..      STR      r0,[sp,#4]
        0x00001092:    e7e7        ..      B        0x1064 ; delay_ms + 12
        0x00001094:    b003        ..      ADD      sp,sp,#0xc
        0x00001096:    4770        pG      BX       lr
    main
        0x00001098:    b580        ..      PUSH     {r7,lr}
        0x0000109a:    b086        ..      SUB      sp,sp,#0x18
        0x0000109c:    2000        .       MOVS     r0,#0
        0x0000109e:    9001        ..      STR      r0,[sp,#4]
        0x000010a0:    9005        ..      STR      r0,[sp,#0x14]
        0x000010a2:    2000        .       MOVS     r0,#0
        0x000010a4:    f2c40001    ....    MOVT     r0,#0x4001
        0x000010a8:    9002        ..      STR      r0,[sp,#8]
        0x000010aa:    f7ffff15    ....    BL       GPIO_DeInit ; 0xed8
        0x000010ae:    9901        ..      LDR      r1,[sp,#4]
        0x000010b0:    9802        ..      LDR      r0,[sp,#8]
        0x000010b2:    f7ffff2f    ../.    BL       GPIO_ResetBit ; 0xf14
        0x000010b6:    9802        ..      LDR      r0,[sp,#8]
        0x000010b8:    2101        .!      MOVS     r1,#1
        0x000010ba:    9103        ..      STR      r1,[sp,#0xc]
        0x000010bc:    f7ffff2a    ..*.    BL       GPIO_ResetBit ; 0xf14
        0x000010c0:    f44f707a    O.zp    MOV      r0,#0x3e8
        0x000010c4:    9004        ..      STR      r0,[sp,#0x10]
        0x000010c6:    f7ffffc7    ....    BL       delay_ms ; 0x1058
        0x000010ca:    9901        ..      LDR      r1,[sp,#4]
        0x000010cc:    9802        ..      LDR      r0,[sp,#8]
        0x000010ce:    f7ffff3b    ..;.    BL       GPIO_SetBit ; 0xf48
        0x000010d2:    9802        ..      LDR      r0,[sp,#8]
        0x000010d4:    9903        ..      LDR      r1,[sp,#0xc]
        0x000010d6:    f7ffff37    ..7.    BL       GPIO_SetBit ; 0xf48
        0x000010da:    9804        ..      LDR      r0,[sp,#0x10]
        0x000010dc:    f7ffffbc    ....    BL       delay_ms ; 0x1058
        0x000010e0:    f7fffdf4    ....    BL       DTMIx_Init ; 0xccc
        0x000010e4:    e7ff        ..      B        0x10e6 ; main + 78
        0x000010e6:    f44f707a    O.zp    MOV      r0,#0x3e8
        0x000010ea:    f7ffffb5    ....    BL       delay_ms ; 0x1058
        0x000010ee:    e7fa        ..      B        0x10e6 ; main + 78
    $t
    x$fpl$fpinit
    $v0
    _fp_init
        0x000010f0:    eef10a10    ....    VMRS     r0,FPSCR
        0x000010f4:    f64f71ff    O..q    MOV      r1,#0xffff
        0x000010f8:    f2c031c0    ...1    MOVT     r1,#0x3c0
        0x000010fc:    ea200001     ...    BIC      r0,r0,r1
        0x00001100:    f0407040    @.@p    ORR      r0,r0,#0x3000000
        0x00001104:    eee10a10    ....    VMSR     FPSCR,r0
    __fplib_config_fpu_vfp
    __fplib_config_pureend_doubles
        0x00001108:    4770        pG      BX       lr
        0x0000110a:    0000        ..      MOVS     r0,r0
    $d.realdata
    Region$$Table$$Base
        0x0000110c:    00001130    0...    DCD    4400
        0x00001110:    20000000    ...     DCD    536870912
        0x00001114:    00000008    ....    DCD    8
        0x00001118:    000008d8    ....    DCD    2264
        0x0000111c:    00001138    8...    DCD    4408
        0x00001120:    20000008    ...     DCD    536870920
        0x00001124:    00000c00    ....    DCD    3072
        0x00001128:    000008f4    ....    DCD    2292
    Region$$Table$$Limit

** Section #2 'RW_IRAM1' (SHT_PROGBITS) [SHF_ALLOC + SHF_WRITE]
    Size   : 8 bytes (alignment 8)
    Address: 0x20000000

    0x20000000:   40 78 7d 01 00 00 00 00                            @x}.....


** Section #3 'RW_IRAM1' (SHT_NOBITS) [SHF_ALLOC + SHF_WRITE]
    Size   : 3072 bytes (alignment 8)
    Address: 0x20000008


** Section #4 '.debug_abbrev' (SHT_PROGBITS)
    Size   : 1548 bytes


** Section #5 '.debug_frame' (SHT_PROGBITS)
    Size   : 2736 bytes


** Section #6 '.debug_info' (SHT_PROGBITS)
    Size   : 7961 bytes


** Section #7 '.debug_line' (SHT_PROGBITS)
    Size   : 3361 bytes


** Section #8 '.debug_str' (SHT_PROGBITS)
    Size   : 4987 bytes


** Section #9 '.debug_ranges' (SHT_PROGBITS)
    Size   : 272 bytes


** Section #10 '.symtab' (SHT_SYMTAB)
    Size   : 5040 bytes (alignment 4)
    String table #11 '.strtab'
    Last local symbol no. 137

    Symbol table .symtab (314 symbols, 137 local)

      #  Symbol Name                Value      Bind  Sec  Type  Vis  Size
    ========================================================================

      1  $d.realdata                0x00000000   Lc    1   --   De 
      2  $t                         0x0000089c   Lc    1   --   De 
      3  $d                         0x000008d0   Lc    1   --   De 
      4  $t                         0x000008d8   Lc    1   --   De 
      5  $d                         0x0000092c   Lc    1   --   De 
      6  $t                         0x00000930   Lc    1   --   De 
      7  $d                         0x00000a00   Lc    1   --   De 
      8  $t                         0x00000a0c   Lc    1   --   De 
      9  $d                         0x00000a30   Lc    1   --   De 
     10  $t.6                       0x00000a34   Lc    1   --   De 
     11  $t                         0x000010f0   Lc    1   --   De 
     12  $d.realdata                0x0000110c   Lc    1   --   De 
     13  $d.realdata                0x20000000   Lc    2   --   De 
     14  ../Lib/CMSIS/Device/Source/ARM/startup_ARMCM33.s
                                    0x00000000   Lc  Abs  File  De 
     15  STACK                      0x20000008   Lc    3  Sect  De   0xc00
     16  RESET                      0x00000000   Lc    1  Sect  De   0x89c
     17  .text                      0x0000093c   Lc    1  Sect  De   0xd0
     18  $v0                        0x0000093c   Lc    1   --   De 
     19  STAR_gpio.c                0x00000000   Lc  Abs  File  De 
     20  STAR_rcc.c                 0x00000000   Lc  Abs  File  De 
     21  system_ARMCM33.c           0x00000000   Lc  Abs  File  De 
     22  STAR_dualtimer.c           0x00000000   Lc  Abs  File  De 
     23  main.c                     0x00000000   Lc  Abs  File  De 
     24  Dualtimer.c                0x00000000   Lc  Abs  File  De 
     25  DTMIx_Timer1_Init          0x00000d29   Lc    1  Code  De   0x52
     26  DTMIx_Timer2_Init          0x00000d7d   Lc    1  Code  De   0x52
     27  __NVIC_EnableIRQ           0x00001029   Lc    1  Code  De   0x30
     28  dc.s                       0x00000000   Lc  Abs  File  De 
     29  ../clib/heapaux.c          0x00000000   Lc  Abs  File  De 
     30  .text                      0x00000a0c   Lc    1  Sect  De 
     31  ../clib/angel/startup.s    0x00000000   Lc  Abs  File  De 
     32  !!!main                    0x0000089c   Lc    1  Sect  De   0x8
     33  ../clib/angel/kernel.s     0x00000000   Lc  Abs  File  De 
     34  .ARM.Collect$$rtentry$$00000000
                                    0x0000091c   Lc    1  Sect  De 
     35  ../clib/angel/kernel.s     0x00000000   Lc  Abs  File  De 
     36  .ARM.Collect$$rtentry$$00000002
                                    0x0000091c   Lc    1  Sect  De 
     37  .ARM.Collect$$rtentry$$00000009
                                    0x00000920   Lc    1  Sect  De 
     38  .ARM.Collect$$rtentry$$0000000A
                                    0x00000920   Lc    1  Sect  De   0x4
     39  .ARM.Collect$$rtentry$$0000000C
                                    0x00000924   Lc    1  Sect  De 
     40  .ARM.Collect$$rtentry$$0000000D
                                    0x00000924   Lc    1  Sect  De   0x8
     41  ../clib/angel/kernel.s     0x00000000   Lc  Abs  File  De 
     42  ../clib/angel/kernel.s     0x00000000   Lc  Abs  File  De 
     43  .ARM.Collect$$rtentry$$00000005
                                    0x0000091c   Lc    1  Sect  De   0x4
     44  .ARM.Collect$$rtentry$$00002716
                                    0x0000092c   Lc    1  Sect  De   0x4
     45  __lit__00000000            0x0000092c   Lc    1  Data  De   0x4
     46  ../clib/angel/sys.s        0x00000000   Lc  Abs  File  De 
     47  ../clib/stdlib.c           0x00000000   Lc  Abs  File  De 
     48  .text                      0x00000a12   Lc    1  Sect  De 
     49  ../clib/angel/boardlib.s   0x00000000   Lc  Abs  File  De 
     50  ../clib/angel/boardlib.s   0x00000000   Lc  Abs  File  De 
     51  ../clib/angel/boardlib.s   0x00000000   Lc  Abs  File  De 
     52  ../clib/libinit.s          0x00000000   Lc  Abs  File  De 
     53  .ARM.Collect$$libinit$$00000000
                                    0x00000910   Lc    1  Sect  De   0x2
     54  ../clib/angel/sys.s        0x00000000   Lc  Abs  File  De 
     55  ../clib/angel/sys.s        0x00000000   Lc  Abs  File  De 
     56  ../clib/angel/sys.s        0x00000000   Lc  Abs  File  De 
     57  ../clib/angel/kernel.s     0x00000000   Lc  Abs  File  De 
     58  .ARM.Collect$$rtexit$$00000000
                                    0x00000930   Lc    1  Sect  De   0x2
     59  ../clib/libinit.s          0x00000000   Lc  Abs  File  De 
     60  .ARM.Collect$$libinit$$00000001
                                    0x00000912   Lc    1  Sect  De   0x4
     61  .ARM.Collect$$libinit$$00000004
                                    0x00000916   Lc    1  Sect  De 
     62  .ARM.Collect$$libinit$$0000000A
                                    0x00000916   Lc    1  Sect  De 
     63  .ARM.Collect$$libinit$$0000000C
                                    0x00000916   Lc    1  Sect  De 
     64  .ARM.Collect$$libinit$$0000000E
                                    0x00000916   Lc    1  Sect  De 
     65  .ARM.Collect$$libinit$$00000011
                                    0x00000916   Lc    1  Sect  De 
     66  .ARM.Collect$$libinit$$00000013
                                    0x00000916   Lc    1  Sect  De 
     67  .ARM.Collect$$libinit$$00000015
                                    0x00000916   Lc    1  Sect  De 
     68  .ARM.Collect$$libinit$$00000017
                                    0x00000916   Lc    1  Sect  De 
     69  .ARM.Collect$$libinit$$00000019
                                    0x00000916   Lc    1  Sect  De 
     70  .ARM.Collect$$libinit$$0000001B
                                    0x00000916   Lc    1  Sect  De 
     71  .ARM.Collect$$libinit$$0000001D
                                    0x00000916   Lc    1  Sect  De 
     72  .ARM.Collect$$libinit$$0000001F
                                    0x00000916   Lc    1  Sect  De 
     73  .ARM.Collect$$libinit$$00000021
                                    0x00000916   Lc    1  Sect  De 
     74  .ARM.Collect$$libinit$$00000023
                                    0x00000916   Lc    1  Sect  De 
     75  .ARM.Collect$$libinit$$00000025
                                    0x00000916   Lc    1  Sect  De 
     76  .ARM.Collect$$libinit$$0000002C
                                    0x00000916   Lc    1  Sect  De 
     77  .ARM.Collect$$libinit$$0000002E
                                    0x00000916   Lc    1  Sect  De 
     78  .ARM.Collect$$libinit$$00000030
                                    0x00000916   Lc    1  Sect  De 
     79  .ARM.Collect$$libinit$$00000032
                                    0x00000916   Lc    1  Sect  De 
     80  .ARM.Collect$$libinit$$00000033
                                    0x00000916   Lc    1  Sect  De   0x2
     81  ../clib/libinit.s          0x00000000   Lc  Abs  File  De 
     82  ../clib/angel/sys.s        0x00000000   Lc  Abs  File  De 
     83  .text                      0x00000a24   Lc    1  Sect  De   0x2
     84  ../clib/angel/sys.s        0x00000000   Lc  Abs  File  De 
     85  .text                      0x00000a26   Lc    1  Sect  De 
     86  ../clib/angel/kernel.s     0x00000000   Lc  Abs  File  De 
     87  .ARM.Collect$$rtexit$$00000002
                                    0x00000932   Lc    1  Sect  De 
     88  .ARM.Collect$$rtexit$$00000003
                                    0x00000932   Lc    1  Sect  De   0x4
     89  .ARM.Collect$$rtexit$$00000004
                                    0x00000936   Lc    1  Sect  De   0x6
     90  ../clib/armsys.c           0x00000000   Lc  Abs  File  De 
     91  ../clib/armsys.c           0x00000000   Lc  Abs  File  De 
     92  ../fplib/fpinit.s          0x00000000   Lc  Abs  File  De 
     93  x$fpl$fpinit               0x000010f0   Lc    1  Sect  De   0x1a
     94  $v0                        0x000010f0   Lc    1   --   De 
     95  ../clib/angel/sysapp.c     0x00000000   Lc  Abs  File  De 
     96  .text                      0x00000a28   Lc    1  Sect  De 
     97  ../clib/angel/sysapp.c     0x00000000   Lc  Abs  File  De 
     98  ../clib/angel/boardlib.s   0x00000000   Lc  Abs  File  De 
     99  ../clib/armsys.c           0x00000000   Lc  Abs  File  De 
    100  ../clib/armsys.c           0x00000000   Lc  Abs  File  De 
    101  ../clib/libinit.s          0x00000000   Lc  Abs  File  De 
    102  .ARM.Collect$$libshutdown$$00000000
                                    0x00000918   Lc    1  Sect  De   0x2
    103  ../clib/angel/sysapp.c     0x00000000   Lc  Abs  File  De 
    104  ../clib/angel/sysapp.c     0x00000000   Lc  Abs  File  De 
    105  ../clib/heapalloc.c        0x00000000   Lc  Abs  File  De 
    106  ../clib/signal.c           0x00000000   Lc  Abs  File  De 
    107  ../clib/signal.c           0x00000000   Lc  Abs  File  De 
    108  ../clib/libinit.s          0x00000000   Lc  Abs  File  De 
    109  .ARM.Collect$$libshutdown$$00000002
                                    0x0000091a   Lc    1  Sect  De 
    110  .ARM.Collect$$libshutdown$$00000004
                                    0x0000091a   Lc    1  Sect  De 
    111  .ARM.Collect$$libshutdown$$00000007
                                    0x0000091a   Lc    1  Sect  De 
    112  .ARM.Collect$$libshutdown$$0000000A
                                    0x0000091a   Lc    1  Sect  De 
    113  .ARM.Collect$$libshutdown$$0000000C
                                    0x0000091a   Lc    1  Sect  De 
    114  .ARM.Collect$$libshutdown$$0000000F
                                    0x0000091a   Lc    1  Sect  De 
    115  .ARM.Collect$$libshutdown$$00000010
                                    0x0000091a   Lc    1  Sect  De   0x2
    116  ../clib/angel/rt.s         0x00000000   Lc  Abs  File  De 
    117  ../clib/signal.c           0x00000000   Lc  Abs  File  De 
    118  ../clib/signal.c           0x00000000   Lc  Abs  File  De 
    119  ../clib/signal.c           0x00000000   Lc  Abs  File  De 
    120  ../clib/signal.c           0x00000000   Lc  Abs  File  De 
    121  ../clib/angel/sysapp.c     0x00000000   Lc  Abs  File  De 
    122  ../clib/angel/sysapp.c     0x00000000   Lc  Abs  File  De 
    123  ../clib/signal.s           0x00000000   Lc  Abs  File  De 
    124  ../clib/signal.c           0x00000000   Lc  Abs  File  De 
    125  ../clib/signal.c           0x00000000   Lc  Abs  File  De 
    126  ../clib/signal.c           0x00000000   Lc  Abs  File  De 
    127  ../clib/signal.c           0x00000000   Lc  Abs  File  De 
    128  ../clib/signal.c           0x00000000   Lc  Abs  File  De 
    129  ../clib/signal.c           0x00000000   Lc  Abs  File  De 
    130  ../clib/signal.c           0x00000000   Lc  Abs  File  De 
    131  ../clib/signal.c           0x00000000   Lc  Abs  File  De 
    132  ../clib/angel/scatter.s    0x00000000   Lc  Abs  File  De 
    133  !!!scatter                 0x000008a4   Lc    1  Sect  De   0x34
    134  ../clib/angel/handlers.s   0x00000000   Lc  Abs  File  De 
    135  !!handler_copy             0x000008d8   Lc    1  Sect  De   0x1a
    136  ../clib/angel/handlers.s   0x00000000   Lc  Abs  File  De 
    137  !!handler_zi               0x000008f4   Lc    1  Sect  De   0x1c
    138  BuildAttributes$$THM_ISAv4$E$P$D$K$B$S$7EM$8M$VFPi5$EXTD16$VFPS$VFMA$PE$A:L22UL41UL21$X:L11$S22US41US21$IEEE1$IW$~IW$USESV6$~STKCKD$USESV7$~SHL$OSPACE$ROPI$EBA8$UX$STANDARDLIB$REQ8$PRES8$EABIv2
                                    0x00000000   Gb  Abs   --   Hi 
    139  __Vectors                  0x00000000   Gb    1  Data  Hi   0x4
    140  __Vectors_End              0x0000089c   Gb    1  Data  Hi 
    141  __Vectors_Size             0x0000089c   Gb  Abs   --   Hi 
    142  __main                     0x0000089d   Gb    1  Code  Hi   0x8
    143  __scatterload              0x000008a5   Gb    1  Code  Hi 
    144  __scatterload_rt2          0x000008a5   Gb    1  Code  Hi   0x2c
    145  __scatterload_rt2_thumb_only
                                    0x000008a5   Gb    1  Code  Hi 
    146  __scatterload_null         0x000008b3   Gb    1  Code  Hi 
    147  __scatterload_copy         0x000008d9   Gb    1  Code  Hi   0x1a
    148  __scatterload_zeroinit     0x000008f5   Gb    1  Code  Hi   0x1c
    149  __rt_lib_init              0x00000911   Gb    1  Code  De 
    150  __rt_lib_init_fp_1         0x00000913   Gb    1  Code  Hi 
    151  __rt_lib_init_alloca_1     0x00000917   Gb    1  Code  Hi 
    152  __rt_lib_init_argv_1       0x00000917   Gb    1  Code  Hi 
    153  __rt_lib_init_atexit_1     0x00000917   Gb    1  Code  Hi 
    154  __rt_lib_init_clock_1      0x00000917   Gb    1  Code  Hi 
    155  __rt_lib_init_cpp_1        0x00000917   Gb    1  Code  Hi 
    156  __rt_lib_init_exceptions_1 0x00000917   Gb    1  Code  Hi 
    157  __rt_lib_init_fp_trap_1    0x00000917   Gb    1  Code  Hi 
    158  __rt_lib_init_getenv_1     0x00000917   Gb    1  Code  Hi 
    159  __rt_lib_init_heap_1       0x00000917   Gb    1  Code  Hi 
    160  __rt_lib_init_lc_collate_1 0x00000917   Gb    1  Code  Hi 
    161  __rt_lib_init_lc_ctype_1   0x00000917   Gb    1  Code  Hi 
    162  __rt_lib_init_lc_monetary_1
                                    0x00000917   Gb    1  Code  Hi 
    163  __rt_lib_init_lc_numeric_1 0x00000917   Gb    1  Code  Hi 
    164  __rt_lib_init_lc_time_1    0x00000917   Gb    1  Code  Hi 
    165  __rt_lib_init_preinit_1    0x00000917   Gb    1  Code  Hi 
    166  __rt_lib_init_rand_1       0x00000917   Gb    1  Code  Hi 
    167  __rt_lib_init_return       0x00000917   Gb    1  Code  Hi 
    168  __rt_lib_init_signal_1     0x00000917   Gb    1  Code  Hi 
    169  __rt_lib_init_stdio_1      0x00000917   Gb    1  Code  Hi 
    170  __rt_lib_init_user_alloc_1 0x00000917   Gb    1  Code  Hi 
    171  __rt_lib_shutdown          0x00000919   Gb    1  Code  De 
    172  __rt_lib_shutdown_cpp_1    0x0000091b   Gb    1  Code  Hi 
    173  __rt_lib_shutdown_fp_trap_1
                                    0x0000091b   Gb    1  Code  Hi 
    174  __rt_lib_shutdown_heap_1   0x0000091b   Gb    1  Code  Hi 
    175  __rt_lib_shutdown_return   0x0000091b   Gb    1  Code  Hi 
    176  __rt_lib_shutdown_signal_1 0x0000091b   Gb    1  Code  Hi 
    177  __rt_lib_shutdown_stdio_1  0x0000091b   Gb    1  Code  Hi 
    178  __rt_lib_shutdown_user_alloc_1
                                    0x0000091b   Gb    1  Code  Hi 
    179  __rt_entry                 0x0000091d   Gb    1  Code  Hi 
    180  __rt_entry_presh_1         0x0000091d   Gb    1  Code  Hi 
    181  __rt_entry_sh              0x0000091d   Gb    1  Code  Hi 
    182  __rt_entry_li              0x00000921   Gb    1  Code  Hi 
    183  __rt_entry_postsh_1        0x00000921   Gb    1  Code  Hi 
    184  __rt_entry_main            0x00000925   Gb    1  Code  Hi 
    185  __rt_entry_postli_1        0x00000925   Gb    1  Code  Hi 
    186  __rt_exit                  0x00000931   Gb    1  Code  De 
    187  __rt_exit_ls               0x00000933   Gb    1  Code  Hi 
    188  __rt_exit_prels_1          0x00000933   Gb    1  Code  Hi 
    189  __rt_exit_exit             0x00000937   Gb    1  Code  Hi 
    190  Reset_Handler              0x0000093d   Wk    1  Code  Hi   0xe
    191  HardFault_Handler          0x0000094b   Wk    1  Code  Hi   0x2
    192  NMI_Handler                0x0000094d   Wk    1  Code  Hi   0x2
    193  MemManage_Handler          0x0000094f   Wk    1  Code  Hi   0x2
    194  BusFault_Handler           0x00000951   Wk    1  Code  Hi   0x2
    195  UsageFault_Handler         0x00000953   Wk    1  Code  Hi   0x2
    196  SecureFault_Handler        0x00000955   Wk    1  Code  Hi   0x2
    197  SVC_Handler                0x00000957   Wk    1  Code  Hi   0x2
    198  DebugMon_Handler           0x00000959   Wk    1  Code  Hi   0x2
    199  PendSV_Handler             0x0000095b   Wk    1  Code  Hi   0x2
    200  SysTick_Handler            0x0000095d   Wk    1  Code  Hi   0x2
    201  UART0_Handler              0x0000095f   Wk    1  Code  Hi   0x2
    202  ADC_Handler                0x00000961   Wk    1  Code  Hi   0x2
    203  UART1_Handler              0x00000963   Wk    1  Code  Hi   0x2
    204  DMACINTERR_Handler         0x00000965   Wk    1  Code  Hi   0x2
    205  DMACINTTC_Handler          0x00000967   Wk    1  Code  Hi   0x2
    206  DMACINTR_Handler           0x00000969   Wk    1  Code  Hi   0x2
    207  PORT0_COMB_Handler         0x0000096b   Wk    1  Code  Hi   0x2
    208  ADC1_Handler               0x0000096d   Wk    1  Code  Hi   0x2
    209  TIMER0_Handler             0x0000096f   Wk    1  Code  Hi   0x2
    210  TIMER1_Handler             0x00000971   Wk    1  Code  Hi   0x2
    211  UARTOVF_Handler            0x00000977   Wk    1  Code  Hi   0x2
    212  EXT13_IRQn                 0x00000979   Wk    1  Code  Hi   0x2
    213  EXT14_IRQn                 0x0000097b   Wk    1  Code  Hi   0x2
    214  EXT15_IRQn                 0x0000097d   Wk    1  Code  Hi   0x2
    215  PORT0_0_Handler            0x0000097f   Wk    1  Code  Hi   0x2
    216  PORT0_1_Handler            0x00000981   Wk    1  Code  Hi   0x2
    217  PORT0_2_Handler            0x00000983   Wk    1  Code  Hi   0x2
    218  PORT0_3_Handler            0x00000985   Wk    1  Code  Hi   0x2
    219  PORT0_4_Handler            0x00000987   Wk    1  Code  Hi   0x2
    220  PORT0_5_Handler            0x00000989   Wk    1  Code  Hi   0x2
    221  PORT0_6_Handler            0x0000098b   Wk    1  Code  Hi   0x2
    222  PORT0_7_Handler            0x0000098d   Wk    1  Code  Hi   0x2
    223  PORT0_8_Handler            0x0000098f   Wk    1  Code  Hi   0x2
    224  PORT0_9_Handler            0x00000991   Wk    1  Code  Hi   0x2
    225  PORT0_10_Handler           0x00000993   Wk    1  Code  Hi   0x2
    226  PORT0_11_Handler           0x00000995   Wk    1  Code  Hi   0x2
    227  PORT0_12_Handler           0x00000997   Wk    1  Code  Hi   0x2
    228  PORT0_13_Handler           0x00000999   Wk    1  Code  Hi   0x2
    229  PORT0_14_Handler           0x0000099b   Wk    1  Code  Hi   0x2
    230  PORT0_15_Handler           0x0000099d   Wk    1  Code  Hi   0x2
    231  PORT0_16_Handler           0x0000099f   Wk    1  Code  Hi   0x2
    232  PORT0_17_Handler           0x000009a1   Wk    1  Code  Hi   0x2
    233  PORT0_18_Handler           0x000009a3   Wk    1  Code  Hi   0x2
    234  PORT0_19_Handler           0x000009a5   Wk    1  Code  Hi   0x2
    235  PORT0_20_Handler           0x000009a7   Wk    1  Code  Hi   0x2
    236  PORT0_21_Handler           0x000009a9   Wk    1  Code  Hi   0x2
    237  PORT0_22_Handler           0x000009ab   Wk    1  Code  Hi   0x2
    238  PORT0_23_Handler           0x000009ad   Wk    1  Code  Hi   0x2
    239  PORT0_24_Handler           0x000009af   Wk    1  Code  Hi   0x2
    240  PORT0_25_Handler           0x000009b1   Wk    1  Code  Hi   0x2
    241  PORT0_26_Handler           0x000009b3   Wk    1  Code  Hi   0x2
    242  PORT0_27_Handler           0x000009b5   Wk    1  Code  Hi   0x2
    243  PORT0_28_Handler           0x000009b7   Wk    1  Code  Hi   0x2
    244  PORT0_29_Handler           0x000009b9   Wk    1  Code  Hi   0x2
    245  PORT0_30_Handler           0x000009bb   Wk    1  Code  Hi   0x2
    246  PORT0_31_Handler           0x000009bd   Wk    1  Code  Hi   0x2
    247  I2C_Handler                0x000009bf   Wk    1  Code  Hi   0x2
    248  MPS2_SSP0_Handler          0x000009c1   Wk    1  Code  Hi   0x2
    249  MPS2_SSP1_Handler          0x000009c3   Wk    1  Code  Hi   0x2
    250  Spare51_Handler            0x000009c5   Wk    1  Code  Hi   0x2
    251  Spare52_Handler            0x000009c7   Wk    1  Code  Hi   0x2
    252  Spare53_Handler            0x000009c9   Wk    1  Code  Hi   0x2
    253  Spare54_Handler            0x000009cb   Wk    1  Code  Hi   0x2
    254  Spare55_Handler            0x000009cd   Wk    1  Code  Hi   0x2
    255  Spare56_Handler            0x000009cf   Wk    1  Code  Hi   0x2
    256  Spare57_Handler            0x000009d1   Wk    1  Code  Hi   0x2
    257  Spare58_Handler            0x000009d3   Wk    1  Code  Hi   0x2
    258  Spare59_Handler            0x000009d5   Wk    1  Code  Hi   0x2
    259  Spare60_Handler            0x000009d7   Wk    1  Code  Hi   0x2
    260  Spare61_Handler            0x000009d9   Wk    1  Code  Hi   0x2
    261  Spare62_Handler            0x000009db   Wk    1  Code  Hi   0x2
    262  Spare63_Handler            0x000009dd   Wk    1  Code  Hi   0x2
    263  EXT0_Handler               0x000009df   Wk    1  Code  Hi   0x2
    264  EXT1_Handler               0x000009e1   Wk    1  Code  Hi   0x2
    265  EXT2_Handler               0x000009e3   Wk    1  Code  Hi   0x2
    266  EXT3_Handler               0x000009e5   Wk    1  Code  Hi   0x2
    267  EXT4_Handler               0x000009e7   Wk    1  Code  Hi   0x2
    268  EXT5_Handler               0x000009e9   Wk    1  Code  Hi   0x2
    269  EXT6_Handler               0x000009eb   Wk    1  Code  Hi   0x2
    270  EXT7_Handler               0x000009ed   Wk    1  Code  Hi   0x2
    271  EXT8_Handler               0x000009ef   Wk    1  Code  Hi   0x2
    272  EXT9_Handler               0x000009f1   Wk    1  Code  Hi   0x2
    273  EXT10_Handler              0x000009f3   Wk    1  Code  Hi   0x2
    274  EXT11_Handler              0x000009f5   Wk    1  Code  Hi   0x2
    275  EXT12_Handler              0x000009f7   Wk    1  Code  Hi   0x2
    276  EXT13_Handler              0x000009f9   Wk    1  Code  Hi   0x2
    277  EXT14_Handler              0x000009fb   Wk    1  Code  Hi   0x2
    278  EXT15_Handler              0x000009fd   Wk    1  Code  Hi   0x2
    279  UART2_Handler              0x000009ff   Wk    1  Code  Hi   0x2
    280  __use_two_region_memory    0x00000a0d   Gb    1  Code  Hi   0x2
    281  __rt_heap_escrow$2region   0x00000a0f   Gb    1  Code  De   0x2
    282  __rt_heap_expand$2region   0x00000a11   Gb    1  Code  De   0x2
    283  exit                       0x00000a13   Gb    1  Code  De   0x12
    284  __I$use$semihosting        0x00000a25   Gb    1  Code  Hi 
    285  __use_no_semihosting_swi   0x00000a25   Gb    1  Code  Hi   0x2
    286  __semihosting_library_function
                                    0x00000a27   Gb    1  Code  Hi 
    287  _sys_exit                  0x00000a29   Gb    1  Code  De   0x8
    288  DTIM_ClearIT               0x00000a35   Gb    1  Code  Hi   0x4e
    289  DTIM_DeInit                0x00000a85   Gb    1  Code  Hi   0x56
    290  DTIM_ENABLE                0x00000add   Gb    1  Code  Hi   0x72
    291  DTIM_ITConfig              0x00000b51   Gb    1  Code  Hi   0x72
    292  DTIM_Init                  0x00000bc5   Gb    1  Code  Hi   0x64
    293  DTIM_MODE                  0x00000c29   Gb    1  Code  Hi   0x3a
    294  DTIM_SetBGLOAD             0x00000c65   Gb    1  Code  Hi   0x32
    295  DTIM_Timer0MISValue        0x00000c99   Gb    1  Code  Hi   0x32
    296  DTMIx_Init                 0x00000ccd   Gb    1  Code  Hi   0x5a
    297  DUALTIMER0_Handler         0x00000dd1   Gb    1  Code  Hi   0x82
    298  DUALTIMER1_Handler         0x00000e55   Gb    1  Code  Hi   0x82
    299  GPIO_DeInit                0x00000ed9   Gb    1  Code  Hi   0x3a
    300  GPIO_ResetBit              0x00000f15   Gb    1  Code  Hi   0x32
    301  GPIO_SetBit                0x00000f49   Gb    1  Code  Hi   0x32
    302  GPIO_TogglePin             0x00000f7d   Gb    1  Code  Hi   0x32
    303  RCC_APB1PeriphResetCmd     0x00000fb1   Gb    1  Code  Hi   0x3e
    304  SystemInit                 0x00000ff1   Gb    1  Code  Hi   0x36
    305  delay_ms                   0x00001059   Gb    1  Code  Hi   0x40
    306  main                       0x00001099   Gb    1  Code  Hi   0x58
    307  _fp_init                   0x000010f1   Gb    1  Code  De   0x1a
    308  __fplib_config_fpu_vfp     0x00001109   Gb    1  Code  De 
    309  __fplib_config_pureend_doubles
                                    0x00001109   Gb    1  Code  De 
    310  Region$$Table$$Base        0x0000110c   Gb    1   --   Hi 
    311  Region$$Table$$Limit       0x0000112c   Gb    1   --   Hi 
    312  SystemCoreClock            0x20000000   Gb    2  Data  Hi   0x4
    313  __stack_limit              0x20000008   Gb    3  Data  Hi 
    314  __initial_sp               0x20000c08   Gb    3  Data  Hi 


** Section #11 '.strtab' (SHT_STRTAB)
    Size   : 5216 bytes


** Section #12 '.note' (SHT_NOTE)
    Size   : 28 bytes (alignment 4)


** Section #13 '.comment' (SHT_PROGBITS)
    Size   : 1196 bytes


** Section #14 '.shstrtab' (SHT_STRTAB)
    Size   : 136 bytes


